  0.000000     0.000000
  0.000100    -0.000036
  0.000200    -0.000072
  0.000300    -0.000108
  0.000400    -0.000144
  0.000500    -0.000180
  0.000600    -0.000216
  0.000700    -0.000252
  0.000800    -0.000288
  0.000900    -0.000324
  0.001000    -0.000360
  0.001100    -0.000396
  0.001200    -0.000432
  0.001300    -0.000468
  0.001400    -0.000504
  0.001500    -0.000540
  0.001600    -0.000576
  0.001700    -0.000612
  0.001800    -0.000648
  0.001900    -0.000684
  0.002000    -0.000720
  0.002100    -0.000756
  0.002200    -0.000792
  0.002300    -0.000828
  0.002400    -0.000864
  0.002500    -0.000900
  0.002600    -0.000936
  0.002700    -0.000972
  0.002800    -0.001008
  0.002900    -0.001044
  0.003000    -0.001080
  0.003100    -0.001116
  0.003200    -0.001152
  0.003300    -0.001188
  0.003400    -0.001224
  0.003500    -0.001260
  0.003600    -0.001296
  0.003700    -0.001332
  0.003800    -0.001368
  0.003900    -0.001404
  0.004000    -0.001440
  0.004100    -0.001476
  0.004200    -0.001512
  0.004300    -0.001548
  0.004400    -0.001584
  0.004500    -0.001620
  0.004600    -0.001656
  0.004700    -0.001692
  0.004800    -0.001728
  0.004900    -0.001764
  0.005001    -0.001800
  0.005101    -0.001836
  0.005201    -0.001872
  0.005301    -0.001908
  0.005401    -0.001944
  0.005501    -0.001980
  0.005601    -0.002016
  0.005701    -0.002052
  0.005801    -0.002088
  0.005901    -0.002124
  0.006001    -0.002160
  0.006101    -0.002196
  0.006201    -0.002232
  0.006301    -0.002268
  0.006401    -0.002304
  0.006501    -0.002340
  0.006601    -0.002376
  0.006701    -0.002412
  0.006801    -0.002448
  0.006901    -0.002484
  0.007001    -0.002520
  0.007101    -0.002556
  0.007201    -0.002592
  0.007301    -0.002628
  0.007401    -0.002664
  0.007501    -0.002700
  0.007601    -0.002736
  0.007701    -0.002772
  0.007801    -0.002808
  0.007901    -0.002844
  0.008001    -0.002880
  0.008101    -0.002916
  0.008201    -0.002952
  0.008301    -0.002988
  0.008401    -0.003024
  0.008501    -0.003060
  0.008601    -0.003096
  0.008701    -0.003132
  0.008801    -0.003168
  0.008901    -0.003204
  0.009001    -0.003240
  0.009101    -0.003276
  0.009201    -0.003312
  0.009301    -0.003348
  0.009401    -0.003384
  0.009501    -0.003420
  0.009601    -0.003456
  0.009701    -0.003492
  0.009801    -0.003528
  0.009901    -0.003564
  0.010001    -0.003600
  0.010101    -0.003636
  0.010201    -0.003672
  0.010301    -0.003708
  0.010401    -0.003744
  0.010501    -0.003780
  0.010601    -0.003816
  0.010701    -0.003852
  0.010801    -0.003888
  0.010901    -0.003924
  0.011001    -0.003960
  0.011101    -0.003996
  0.011201    -0.004032
  0.011301    -0.004068
  0.011401    -0.004104
  0.011501    -0.004140
  0.011601    -0.004176
  0.011701    -0.004212
  0.011801    -0.004248
  0.011901    -0.004284
  0.012001    -0.004320
  0.012101    -0.004356
  0.012201    -0.004392
  0.012301    -0.004428
  0.012401    -0.004464
  0.012501    -0.004500
  0.012601    -0.004536
  0.012701    -0.004572
  0.012801    -0.004608
  0.012901    -0.004644
  0.013001    -0.004680
  0.013101    -0.004716
  0.013201    -0.004752
  0.013301    -0.004788
  0.013401    -0.004824
  0.013501    -0.004860
  0.013601    -0.004896
  0.013701    -0.004932
  0.013801    -0.004968
  0.013901    -0.005005
  0.014001    -0.005041
  0.014101    -0.005077
  0.014201    -0.005113
  0.014301    -0.005149
  0.014401    -0.005185
  0.014501    -0.005221
  0.014601    -0.005257
  0.014701    -0.005293
  0.014801    -0.005329
  0.014901    -0.005365
  0.015002    -0.005401
  0.015102    -0.005437
  0.015202    -0.005473
  0.015302    -0.005509
  0.015402    -0.005545
  0.015502    -0.005581
  0.015602    -0.005617
  0.015702    -0.005653
  0.015802    -0.005689
  0.015902    -0.005725
  0.016002    -0.005761
  0.016102    -0.005797
  0.016202    -0.005833
  0.016302    -0.005869
  0.016402    -0.005905
  0.016502    -0.005941
  0.016602    -0.005977
  0.016702    -0.006013
  0.016802    -0.006049
  0.016902    -0.006085
  0.017002    -0.006121
  0.017102    -0.006157
  0.017202    -0.006193
  0.017302    -0.006229
  0.017402    -0.006265
  0.017502    -0.006301
  0.017602    -0.006337
  0.017702    -0.006373
  0.017802    -0.006409
  0.017902    -0.006445
  0.018002    -0.006481
  0.018102    -0.006517
  0.018202    -0.006553
  0.018302    -0.006589
  0.018402    -0.006625
  0.018502    -0.006661
  0.018602    -0.006697
  0.018702    -0.006733
  0.018802    -0.006769
  0.018902    -0.006805
  0.019002    -0.006841
  0.019102    -0.006877
  0.019202    -0.006913
  0.019302    -0.006949
  0.019402    -0.006985
  0.019502    -0.007021
  0.019602    -0.007057
  0.019702    -0.007093
  0.019802    -0.007129
  0.019902    -0.007165
  0.020002    -0.007201
  0.020102    -0.007237
  0.020202    -0.007273
  0.020302    -0.007309
  0.020402    -0.007345
  0.020502    -0.007381
  0.020602    -0.007417
  0.020702    -0.007453
  0.020802    -0.007489
  0.020902    -0.007525
  0.021002    -0.007561
  0.021102    -0.007597
  0.021202    -0.007633
  0.021302    -0.007669
  0.021402    -0.007705
  0.021502    -0.007741
  0.021602    -0.007777
  0.021702    -0.007813
  0.021802    -0.007849
  0.021902    -0.007885
  0.022002    -0.007921
  0.022102    -0.007957
  0.022202    -0.007993
  0.022302    -0.008029
  0.022402    -0.008065
  0.022502    -0.008101
  0.022602    -0.008137
  0.022702    -0.008173
  0.022802    -0.008209
  0.022902    -0.008245
  0.023002    -0.008281
  0.023102    -0.008317
  0.023202    -0.008353
  0.023302    -0.008389
  0.023402    -0.008425
  0.023502    -0.008461
  0.023602    -0.008497
  0.023702    -0.008533
  0.023802    -0.008569
  0.023902    -0.008605
  0.024002    -0.008641
  0.024102    -0.008677
  0.024202    -0.008713
  0.024302    -0.008749
  0.024402    -0.008785
  0.024502    -0.008821
  0.024602    -0.008857
  0.024702    -0.008893
  0.024802    -0.008929
  0.024902    -0.008965
  0.025003    -0.009001
  0.025103    -0.009037
  0.025203    -0.009073
  0.025303    -0.009109
  0.025403    -0.009145
  0.025503    -0.009181
  0.025603    -0.009217
  0.025703    -0.009253
  0.025803    -0.009289
  0.025903    -0.009325
  0.026003    -0.009361
  0.026103    -0.009397
  0.026203    -0.009433
  0.026303    -0.009469
  0.026403    -0.009505
  0.026503    -0.009541
  0.026603    -0.009577
  0.026703    -0.009613
  0.026803    -0.009649
  0.026903    -0.009685
  0.027003    -0.009721
  0.027103    -0.009757
  0.027203    -0.009793
  0.027303    -0.009829
  0.027403    -0.009865
  0.027503    -0.009901
  0.027603    -0.009937
  0.027703    -0.009973
  0.027803    -0.010009
  0.027903    -0.010045
  0.028003    -0.010081
  0.028103    -0.010117
  0.028203    -0.010153
  0.028303    -0.010189
  0.028403    -0.010225
  0.028503    -0.010261
  0.028603    -0.010297
  0.028703    -0.010333
  0.028803    -0.010369
  0.028903    -0.010405
  0.029003    -0.010441
  0.029103    -0.010477
  0.029203    -0.010513
  0.029303    -0.010549
  0.029403    -0.010585
  0.029503    -0.010621
  0.029603    -0.010657
  0.029703    -0.010693
  0.029803    -0.010729
  0.029903    -0.010765
  0.030003    -0.010801
  0.030103    -0.010837
  0.030203    -0.010873
  0.030303    -0.010909
  0.030403    -0.010945
  0.030503    -0.010981
  0.030603    -0.011017
  0.030703    -0.011053
  0.030803    -0.011089
  0.030903    -0.011125
  0.031003    -0.011161
  0.031103    -0.011197
  0.031203    -0.011233
  0.031303    -0.011269
  0.031403    -0.011305
  0.031503    -0.011341
  0.031603    -0.011377
  0.031703    -0.011413
  0.031803    -0.011449
  0.031903    -0.011485
  0.032003    -0.011521
  0.032103    -0.011557
  0.032203    -0.011593
  0.032303    -0.011629
  0.032403    -0.011665
  0.032503    -0.011701
  0.032603    -0.011737
  0.032703    -0.011773
  0.032803    -0.011809
  0.032903    -0.011845
  0.033003    -0.011881
  0.033103    -0.011917
  0.033203    -0.011953
  0.033303    -0.011989
  0.033403    -0.012025
  0.033503    -0.012061
  0.033603    -0.012097
  0.033703    -0.012133
  0.033803    -0.012169
  0.033903    -0.012205
  0.034003    -0.012241
  0.034103    -0.012277
  0.034203    -0.012313
  0.034303    -0.012349
  0.034403    -0.012385
  0.034503    -0.012421
  0.034603    -0.012457
  0.034703    -0.012493
  0.034803    -0.012529
  0.034903    -0.012565
  0.035004    -0.012601
  0.035104    -0.012637
  0.035204    -0.012673
  0.035304    -0.012709
  0.035404    -0.012745
  0.035504    -0.012781
  0.035604    -0.012817
  0.035704    -0.012853
  0.035804    -0.012889
  0.035904    -0.012925
  0.036004    -0.012961
  0.036104    -0.012997
  0.036204    -0.013033
  0.036304    -0.013069
  0.036404    -0.013105
  0.036504    -0.013141
  0.036604    -0.013177
  0.036704    -0.013213
  0.036804    -0.013249
  0.036904    -0.013285
  0.037004    -0.013321
  0.037104    -0.013357
  0.037204    -0.013393
  0.037304    -0.013429
  0.037404    -0.013465
  0.037504    -0.013501
  0.037604    -0.013537
  0.037704    -0.013573
  0.037804    -0.013609
  0.037904    -0.013645
  0.038004    -0.013681
  0.038104    -0.013717
  0.038204    -0.013753
  0.038304    -0.013789
  0.038404    -0.013825
  0.038504    -0.013861
  0.038604    -0.013897
  0.038704    -0.013933
  0.038804    -0.013969
  0.038904    -0.014005
  0.039004    -0.014041
  0.039104    -0.014077
  0.039204    -0.014113
  0.039304    -0.014149
  0.039404    -0.014185
  0.039504    -0.014221
  0.039604    -0.014257
  0.039704    -0.014293
  0.039804    -0.014329
  0.039904    -0.014365
  0.040004    -0.014401
  0.040104    -0.014437
  0.040204    -0.014473
  0.040304    -0.014509
  0.040404    -0.014545
  0.040504    -0.014581
  0.040604    -0.014617
  0.040704    -0.014653
  0.040804    -0.014689
  0.040904    -0.014725
  0.041004    -0.014761
  0.041104    -0.014797
  0.041204    -0.014833
  0.041304    -0.014869
  0.041404    -0.014905
  0.041504    -0.014941
  0.041604    -0.014977
  0.041704    -0.015014
  0.041804    -0.015050
  0.041904    -0.015086
  0.042004    -0.015122
  0.042104    -0.015158
  0.042204    -0.015194
  0.042304    -0.015230
  0.042404    -0.015266
  0.042504    -0.015302
  0.042604    -0.015338
  0.042704    -0.015374
  0.042804    -0.015410
  0.042904    -0.015446
  0.043004    -0.015482
  0.043104    -0.015518
  0.043204    -0.015554
  0.043304    -0.015590
  0.043404    -0.015626
  0.043504    -0.015662
  0.043604    -0.015698
  0.043704    -0.015734
  0.043804    -0.015770
  0.043904    -0.015806
  0.044004    -0.015842
  0.044104    -0.015878
  0.044204    -0.015914
  0.044304    -0.015950
  0.044404    -0.015986
  0.044504    -0.016022
  0.044604    -0.016058
  0.044704    -0.016094
  0.044804    -0.016130
  0.044904    -0.016166
  0.045005    -0.016202
  0.045105    -0.016238
  0.045205    -0.016274
  0.045305    -0.016310
  0.045405    -0.016346
  0.045505    -0.016382
  0.045605    -0.016418
  0.045705    -0.016454
  0.045805    -0.016490
  0.045905    -0.016526
  0.046005    -0.016562
  0.046105    -0.016598
  0.046205    -0.016634
  0.046305    -0.016670
  0.046405    -0.016706
  0.046505    -0.016742
  0.046605    -0.016778
  0.046705    -0.016814
  0.046805    -0.016850
  0.046905    -0.016886
  0.047005    -0.016922
  0.047105    -0.016958
  0.047205    -0.016994
  0.047305    -0.017030
  0.047405    -0.017066
  0.047505    -0.017102
  0.047605    -0.017138
  0.047705    -0.017174
  0.047805    -0.017210
  0.047905    -0.017246
  0.048005    -0.017282
  0.048105    -0.017318
  0.048205    -0.017354
  0.048305    -0.017390
  0.048405    -0.017426
  0.048505    -0.017462
  0.048605    -0.017498
  0.048705    -0.017534
  0.048805    -0.017570
  0.048905    -0.017606
  0.049005    -0.017642
  0.049105    -0.017678
  0.049205    -0.017714
  0.049305    -0.017750
  0.049405    -0.017786
  0.049505    -0.017822
  0.049605    -0.017858
  0.049705    -0.017894
  0.049805    -0.017930
  0.049905    -0.017966
  0.050005    -0.018002
  0.050105    -0.018038
  0.050205    -0.018074
  0.050305    -0.018109
  0.050405    -0.018145
  0.050505    -0.018181
  0.050605    -0.018216
  0.050705    -0.018251
  0.050805    -0.018287
  0.050905    -0.018322
  0.051005    -0.018357
  0.051105    -0.018392
  0.051205    -0.018427
  0.051305    -0.018462
  0.051405    -0.018496
  0.051505    -0.018531
  0.051605    -0.018565
  0.051705    -0.018600
  0.051805    -0.018634
  0.051905    -0.018668
  0.052005    -0.018703
  0.052105    -0.018737
  0.052205    -0.018771
  0.052305    -0.018804
  0.052405    -0.018838
  0.052505    -0.018872
  0.052605    -0.018905
  0.052705    -0.018939
  0.052805    -0.018972
  0.052905    -0.019005
  0.053005    -0.019039
  0.053105    -0.019072
  0.053205    -0.019105
  0.053305    -0.019137
  0.053405    -0.019170
  0.053505    -0.019203
  0.053605    -0.019236
  0.053705    -0.019268
  0.053805    -0.019300
  0.053905    -0.019333
  0.054005    -0.019365
  0.054105    -0.019397
  0.054205    -0.019429
  0.054305    -0.019461
  0.054405    -0.019493
  0.054505    -0.019525
  0.054605    -0.019556
  0.054705    -0.019588
  0.054805    -0.019619
  0.054905    -0.019650
  0.055006    -0.019682
  0.055106    -0.019713
  0.055206    -0.019744
  0.055306    -0.019775
  0.055406    -0.019806
  0.055506    -0.019837
  0.055606    -0.019867
  0.055706    -0.019898
  0.055806    -0.019928
  0.055906    -0.019959
  0.056006    -0.019989
  0.056106    -0.020019
  0.056206    -0.020049
  0.056306    -0.020079
  0.056406    -0.020109
  0.056506    -0.020139
  0.056606    -0.020169
  0.056706    -0.020198
  0.056806    -0.020228
  0.056906    -0.020257
  0.057006    -0.020286
  0.057106    -0.020316
  0.057206    -0.020345
  0.057306    -0.020374
  0.057406    -0.020403
  0.057506    -0.020432
  0.057606    -0.020460
  0.057706    -0.020489
  0.057806    -0.020518
  0.057906    -0.020546
  0.058006    -0.020574
  0.058106    -0.020603
  0.058206    -0.020631
  0.058306    -0.020659
  0.058406    -0.020687
  0.058506    -0.020715
  0.058606    -0.020743
  0.058706    -0.020770
  0.058806    -0.020798
  0.058906    -0.020825
  0.059006    -0.020853
  0.059106    -0.020880
  0.059206    -0.020907
  0.059306    -0.020934
  0.059406    -0.020961
  0.059506    -0.020988
  0.059606    -0.021015
  0.059706    -0.021042
  0.059806    -0.021069
  0.059906    -0.021095
  0.060006    -0.021122
  0.060106    -0.021148
  0.060206    -0.021174
  0.060306    -0.021200
  0.060406    -0.021226
  0.060506    -0.021252
  0.060606    -0.021278
  0.060706    -0.021304
  0.060806    -0.021330
  0.060906    -0.021355
  0.061006    -0.021381
  0.061106    -0.021406
  0.061206    -0.021431
  0.061306    -0.021457
  0.061406    -0.021482
  0.061506    -0.021507
  0.061606    -0.021532
  0.061706    -0.021556
  0.061806    -0.021581
  0.061906    -0.021606
  0.062006    -0.021630
  0.062106    -0.021655
  0.062206    -0.021679
  0.062306    -0.021703
  0.062406    -0.021727
  0.062506    -0.021751
  0.062606    -0.021775
  0.062706    -0.021799
  0.062806    -0.021823
  0.062906    -0.021847
  0.063006    -0.021870
  0.063106    -0.021894
  0.063206    -0.021917
  0.063306    -0.021940
  0.063406    -0.021964
  0.063506    -0.021987
  0.063606    -0.022010
  0.063706    -0.022033
  0.063806    -0.022055
  0.063906    -0.022078
  0.064006    -0.022101
  0.064106    -0.022123
  0.064206    -0.022146
  0.064306    -0.022168
  0.064406    -0.022190
  0.064506    -0.022212
  0.064606    -0.022234
  0.064706    -0.022256
  0.064806    -0.022278
  0.064906    -0.022300
  0.065007    -0.022321
  0.065107    -0.022343
  0.065207    -0.022364
  0.065307    -0.022386
  0.065407    -0.022407
  0.065507    -0.022428
  0.065607    -0.022449
  0.065707    -0.022470
  0.065807    -0.022491
  0.065907    -0.022512
  0.066007    -0.022533
  0.066107    -0.022553
  0.066207    -0.022574
  0.066307    -0.022594
  0.066407    -0.022614
  0.066507    -0.022635
  0.066607    -0.022655
  0.066707    -0.022675
  0.066807    -0.022695
  0.066907    -0.022714
  0.067007    -0.022734
  0.067107    -0.022754
  0.067207    -0.022773
  0.067307    -0.022793
  0.067407    -0.022812
  0.067507    -0.022831
  0.067607    -0.022850
  0.067707    -0.022869
  0.067807    -0.022888
  0.067907    -0.022907
  0.068007    -0.022926
  0.068107    -0.022945
  0.068207    -0.022963
  0.068307    -0.022982
  0.068407    -0.023000
  0.068507    -0.023018
  0.068607    -0.023037
  0.068707    -0.023055
  0.068807    -0.023073
  0.068907    -0.023091
  0.069007    -0.023108
  0.069107    -0.023126
  0.069207    -0.023144
  0.069307    -0.023161
  0.069407    -0.023179
  0.069507    -0.023196
  0.069607    -0.023213
  0.069707    -0.023230
  0.069807    -0.023247
  0.069907    -0.023264
  0.070007    -0.023281
  0.070107    -0.023298
  0.070207    -0.023315
  0.070307    -0.023331
  0.070407    -0.023348
  0.070507    -0.023364
  0.070607    -0.023380
  0.070707    -0.023396
  0.070807    -0.023412
  0.070907    -0.023428
  0.071007    -0.023444
  0.071107    -0.023460
  0.071207    -0.023476
  0.071307    -0.023491
  0.071407    -0.023507
  0.071507    -0.023522
  0.071607    -0.023538
  0.071707    -0.023553
  0.071807    -0.023568
  0.071907    -0.023583
  0.072007    -0.023598
  0.072107    -0.023613
  0.072207    -0.023627
  0.072307    -0.023642
  0.072407    -0.023657
  0.072507    -0.023671
  0.072607    -0.023685
  0.072707    -0.023700
  0.072807    -0.023714
  0.072907    -0.023728
  0.073007    -0.023742
  0.073107    -0.023756
  0.073207    -0.023769
  0.073307    -0.023783
  0.073407    -0.023797
  0.073507    -0.023810
  0.073607    -0.023824
  0.073707    -0.023837
  0.073807    -0.023850
  0.073907    -0.023863
  0.074007    -0.023876
  0.074107    -0.023889
  0.074207    -0.023902
  0.074307    -0.023915
  0.074407    -0.023927
  0.074507    -0.023940
  0.074607    -0.023952
  0.074707    -0.023964
  0.074807    -0.023977
  0.074907    -0.023989
  0.075008    -0.024001
  0.075108    -0.024013
  0.075208    -0.024025
  0.075308    -0.024036
  0.075408    -0.024048
  0.075508    -0.024060
  0.075608    -0.024071
  0.075708    -0.024083
  0.075808    -0.024094
  0.075908    -0.024105
  0.076008    -0.024116
  0.076108    -0.024127
  0.076208    -0.024138
  0.076308    -0.024149
  0.076408    -0.024159
  0.076508    -0.024170
  0.076608    -0.024181
  0.076708    -0.024191
  0.076808    -0.024201
  0.076908    -0.024211
  0.077008    -0.024222
  0.077108    -0.024232
  0.077208    -0.024242
  0.077308    -0.024251
  0.077408    -0.024261
  0.077508    -0.024271
  0.077608    -0.024280
  0.077708    -0.024290
  0.077808    -0.024299
  0.077908    -0.024308
  0.078008    -0.024318
  0.078108    -0.024327
  0.078208    -0.024336
  0.078308    -0.024344
  0.078408    -0.024353
  0.078508    -0.024362
  0.078608    -0.024370
  0.078708    -0.024379
  0.078808    -0.024387
  0.078908    -0.024396
  0.079008    -0.024404
  0.079108    -0.024412
  0.079208    -0.024420
  0.079308    -0.024428
  0.079408    -0.024436
  0.079508    -0.024443
  0.079608    -0.024451
  0.079708    -0.024459
  0.079808    -0.024466
  0.079908    -0.024473
  0.080008    -0.024481
  0.080108    -0.024488
  0.080208    -0.024495
  0.080308    -0.024502
  0.080408    -0.024509
  0.080508    -0.024515
  0.080608    -0.024522
  0.080708    -0.024529
  0.080808    -0.024535
  0.080908    -0.024541
  0.081008    -0.024548
  0.081108    -0.024554
  0.081208    -0.024560
  0.081308    -0.024566
  0.081408    -0.024572
  0.081508    -0.024578
  0.081608    -0.024583
  0.081708    -0.024589
  0.081808    -0.024594
  0.081908    -0.024600
  0.082008    -0.024605
  0.082108    -0.024610
  0.082208    -0.024616
  0.082308    -0.024621
  0.082408    -0.024626
  0.082508    -0.024630
  0.082608    -0.024635
  0.082708    -0.024640
  0.082808    -0.024644
  0.082908    -0.024649
  0.083008    -0.024653
  0.083108    -0.024657
  0.083208    -0.024662
  0.083308    -0.024666
  0.083408    -0.024670
  0.083508    -0.024674
  0.083608    -0.024677
  0.083708    -0.024681
  0.083808    -0.024685
  0.083908    -0.024688
  0.084008    -0.024691
  0.084108    -0.024695
  0.084208    -0.024698
  0.084308    -0.024701
  0.084408    -0.024704
  0.084508    -0.024707
  0.084608    -0.024710
  0.084708    -0.024713
  0.084808    -0.024715
  0.084908    -0.024718
  0.085009    -0.024720
  0.085109    -0.024723
  0.085209    -0.024725
  0.085309    -0.024727
  0.085409    -0.024729
  0.085509    -0.024731
  0.085609    -0.024733
  0.085709    -0.024735
  0.085809    -0.024736
  0.085909    -0.024738
  0.086009    -0.024739
  0.086109    -0.024741
  0.086209    -0.024742
  0.086309    -0.024743
  0.086409    -0.024744
  0.086509    -0.024745
  0.086609    -0.024746
  0.086709    -0.024747
  0.086809    -0.024748
  0.086909    -0.024748
  0.087009    -0.024749
  0.087109    -0.024749
  0.087209    -0.024750
  0.087309    -0.024750
  0.087409    -0.024750
  0.087509    -0.024750
  0.087609    -0.024750
  0.087709    -0.024750
  0.087809    -0.024750
  0.087909    -0.024749
  0.088009    -0.024749
  0.088109    -0.024748
  0.088209    -0.024748
  0.088309    -0.024747
  0.088409    -0.024746
  0.088509    -0.024745
  0.088609    -0.024744
  0.088709    -0.024743
  0.088809    -0.024742
  0.088909    -0.024740
  0.089009    -0.024739
  0.089109    -0.024738
  0.089209    -0.024736
  0.089309    -0.024734
  0.089409    -0.024733
  0.089509    -0.024731
  0.089609    -0.024729
  0.089709    -0.024727
  0.089809    -0.024724
  0.089909    -0.024722
  0.090009    -0.024720
  0.090109    -0.024717
  0.090209    -0.024715
  0.090309    -0.024712
  0.090409    -0.024709
  0.090509    -0.024707
  0.090609    -0.024704
  0.090709    -0.024701
  0.090809    -0.024697
  0.090909    -0.024694
  0.091009    -0.024691
  0.091109    -0.024687
  0.091209    -0.024684
  0.091309    -0.024680
  0.091409    -0.024677
  0.091509    -0.024673
  0.091609    -0.024669
  0.091709    -0.024665
  0.091809    -0.024661
  0.091909    -0.024657
  0.092009    -0.024652
  0.092109    -0.024648
  0.092209    -0.024644
  0.092309    -0.024639
  0.092409    -0.024634
  0.092509    -0.024630
  0.092609    -0.024625
  0.092709    -0.024620
  0.092809    -0.024615
  0.092909    -0.024610
  0.093009    -0.024604
  0.093109    -0.024599
  0.093209    -0.024594
  0.093309    -0.024588
  0.093409    -0.024582
  0.093509    -0.024577
  0.093609    -0.024571
  0.093709    -0.024565
  0.093809    -0.024559
  0.093909    -0.024553
  0.094009    -0.024547
  0.094109    -0.024540
  0.094209    -0.024534
  0.094309    -0.024527
  0.094409    -0.024521
  0.094509    -0.024514
  0.094609    -0.024507
  0.094709    -0.024501
  0.094809    -0.024494
  0.094909    -0.024486
  0.095010    -0.024479
  0.095110    -0.024472
  0.095210    -0.024465
  0.095310    -0.024457
  0.095410    -0.024450
  0.095510    -0.024442
  0.095610    -0.024434
  0.095710    -0.024426
  0.095810    -0.024419
  0.095910    -0.024411
  0.096010    -0.024402
  0.096110    -0.024394
  0.096210    -0.024386
  0.096310    -0.024377
  0.096410    -0.024369
  0.096510    -0.024360
  0.096610    -0.024352
  0.096710    -0.024343
  0.096810    -0.024334
  0.096910    -0.024325
  0.097010    -0.024316
  0.097110    -0.024307
  0.097210    -0.024297
  0.097310    -0.024288
  0.097410    -0.024279
  0.097510    -0.024269
  0.097610    -0.024259
  0.097710    -0.024250
  0.097810    -0.024240
  0.097910    -0.024230
  0.098010    -0.024220
  0.098110    -0.024210
  0.098210    -0.024199
  0.098310    -0.024189
  0.098410    -0.024179
  0.098510    -0.024168
  0.098610    -0.024158
  0.098710    -0.024147
  0.098810    -0.024136
  0.098910    -0.024125
  0.099010    -0.024114
  0.099110    -0.024103
  0.099210    -0.024092
  0.099310    -0.024081
  0.099410    -0.024069
  0.099510    -0.024058
  0.099610    -0.024046
  0.099710    -0.024034
  0.099810    -0.024023
  0.099910    -0.024011
  0.100010    -0.023999
  0.100110    -0.023987
  0.100210    -0.023975
  0.100310    -0.023963
  0.100410    -0.023951
  0.100510    -0.023939
  0.100610    -0.023927
  0.100710    -0.023916
  0.100810    -0.023904
  0.100910    -0.023892
  0.101010    -0.023881
  0.101110    -0.023869
  0.101210    -0.023857
  0.101310    -0.023846
  0.101410    -0.023834
  0.101510    -0.023823
  0.101610    -0.023811
  0.101710    -0.023800
  0.101810    -0.023789
  0.101910    -0.023777
  0.102010    -0.023766
  0.102110    -0.023755
  0.102210    -0.023744
  0.102310    -0.023732
  0.102410    -0.023721
  0.102510    -0.023710
  0.102610    -0.023699
  0.102710    -0.023688
  0.102810    -0.023677
  0.102910    -0.023666
  0.103010    -0.023655
  0.103110    -0.023644
  0.103210    -0.023633
  0.103310    -0.023622
  0.103410    -0.023612
  0.103510    -0.023601
  0.103610    -0.023590
  0.103710    -0.023580
  0.103810    -0.023569
  0.103910    -0.023558
  0.104010    -0.023548
  0.104110    -0.023537
  0.104210    -0.023527
  0.104310    -0.023516
  0.104410    -0.023506
  0.104510    -0.023495
  0.104610    -0.023485
  0.104710    -0.023475
  0.104810    -0.023464
  0.104910    -0.023454
  0.105011    -0.023444
  0.105111    -0.023434
  0.105211    -0.023424
  0.105311    -0.023414
  0.105411    -0.023403
  0.105511    -0.023393
  0.105611    -0.023383
  0.105711    -0.023373
  0.105811    -0.023364
  0.105911    -0.023354
  0.106011    -0.023344
  0.106111    -0.023334
  0.106211    -0.023324
  0.106311    -0.023314
  0.106411    -0.023305
  0.106511    -0.023295
  0.106611    -0.023285
  0.106711    -0.023276
  0.106811    -0.023266
  0.106911    -0.023257
  0.107011    -0.023247
  0.107111    -0.023238
  0.107211    -0.023228
  0.107311    -0.023219
  0.107411    -0.023210
  0.107511    -0.023200
  0.107611    -0.023191
  0.107711    -0.023182
  0.107811    -0.023173
  0.107911    -0.023163
  0.108011    -0.023154
  0.108111    -0.023145
  0.108211    -0.023136
  0.108311    -0.023127
  0.108411    -0.023118
  0.108511    -0.023109
  0.108611    -0.023100
  0.108711    -0.023091
  0.108811    -0.023082
  0.108911    -0.023074
  0.109011    -0.023065
  0.109111    -0.023056
  0.109211    -0.023047
  0.109311    -0.023039
  0.109411    -0.023030
  0.109511    -0.023022
  0.109611    -0.023013
  0.109711    -0.023004
  0.109811    -0.022996
  0.109911    -0.022987
  0.110011    -0.022979
  0.110111    -0.022971
  0.110211    -0.022962
  0.110311    -0.022954
  0.110411    -0.022946
  0.110511    -0.022938
  0.110611    -0.022929
  0.110711    -0.022921
  0.110811    -0.022913
  0.110911    -0.022905
  0.111011    -0.022897
  0.111111    -0.022889
  0.111211    -0.022881
  0.111311    -0.022873
  0.111411    -0.022865
  0.111511    -0.022857
  0.111611    -0.022849
  0.111711    -0.022842
  0.111811    -0.022834
  0.111911    -0.022826
  0.112011    -0.022818
  0.112111    -0.022811
  0.112211    -0.022803
  0.112311    -0.022795
  0.112411    -0.022788
  0.112511    -0.022780
  0.112611    -0.022773
  0.112711    -0.022765
  0.112811    -0.022758
  0.112911    -0.022751
  0.113011    -0.022743
  0.113111    -0.022736
  0.113211    -0.022729
  0.113311    -0.022722
  0.113411    -0.022714
  0.113511    -0.022707
  0.113611    -0.022700
  0.113711    -0.022693
  0.113811    -0.022686
  0.113911    -0.022679
  0.114011    -0.022672
  0.114111    -0.022665
  0.114211    -0.022658
  0.114311    -0.022651
  0.114411    -0.022644
  0.114511    -0.022638
  0.114611    -0.022631
  0.114711    -0.022624
  0.114811    -0.022618
  0.114911    -0.022611
  0.115012    -0.022604
  0.115112    -0.022598
  0.115212    -0.022591
  0.115312    -0.022585
  0.115412    -0.022578
  0.115512    -0.022572
  0.115612    -0.022565
  0.115712    -0.022559
  0.115812    -0.022553
  0.115912    -0.022546
  0.116012    -0.022540
  0.116112    -0.022534
  0.116212    -0.022528
  0.116312    -0.022522
  0.116412    -0.022515
  0.116512    -0.022509
  0.116612    -0.022503
  0.116712    -0.022497
  0.116812    -0.022491
  0.116912    -0.022485
  0.117012    -0.022480
  0.117112    -0.022474
  0.117212    -0.022468
  0.117312    -0.022462
  0.117412    -0.022456
  0.117512    -0.022451
  0.117612    -0.022445
  0.117712    -0.022439
  0.117812    -0.022434
  0.117912    -0.022428
  0.118012    -0.022423
  0.118112    -0.022417
  0.118212    -0.022412
  0.118312    -0.022406
  0.118412    -0.022401
  0.118512    -0.022395
  0.118612    -0.022390
  0.118712    -0.022385
  0.118812    -0.022380
  0.118912    -0.022374
  0.119012    -0.022369
  0.119112    -0.022364
  0.119212    -0.022359
  0.119312    -0.022354
  0.119412    -0.022349
  0.119512    -0.022344
  0.119612    -0.022339
  0.119712    -0.022334
  0.119812    -0.022329
  0.119912    -0.022324
  0.120012    -0.022319
  0.120112    -0.022315
  0.120212    -0.022310
  0.120312    -0.022305
  0.120412    -0.022301
  0.120512    -0.022296
  0.120612    -0.022291
  0.120712    -0.022287
  0.120812    -0.022282
  0.120912    -0.022278
  0.121012    -0.022273
  0.121112    -0.022269
  0.121212    -0.022264
  0.121312    -0.022260
  0.121412    -0.022256
  0.121512    -0.022252
  0.121612    -0.022247
  0.121712    -0.022243
  0.121812    -0.022239
  0.121912    -0.022235
  0.122012    -0.022231
  0.122112    -0.022227
  0.122212    -0.022223
  0.122312    -0.022219
  0.122412    -0.022215
  0.122512    -0.022211
  0.122612    -0.022207
  0.122712    -0.022203
  0.122812    -0.022199
  0.122912    -0.022195
  0.123012    -0.022192
  0.123112    -0.022188
  0.123212    -0.022184
  0.123312    -0.022181
  0.123412    -0.022177
  0.123512    -0.022174
  0.123612    -0.022170
  0.123712    -0.022167
  0.123812    -0.022163
  0.123912    -0.022160
  0.124012    -0.022156
  0.124112    -0.022153
  0.124212    -0.022150
  0.124312    -0.022146
  0.124412    -0.022143
  0.124512    -0.022140
  0.124612    -0.022137
  0.124712    -0.022134
  0.124812    -0.022131
  0.124912    -0.022128
  0.125013    -0.022125
  0.125113    -0.022122
  0.125213    -0.022119
  0.125313    -0.022116
  0.125413    -0.022113
  0.125513    -0.022110
  0.125613    -0.022107
  0.125713    -0.022105
  0.125813    -0.022102
  0.125913    -0.022099
  0.126013    -0.022096
  0.126113    -0.022094
  0.126213    -0.022091
  0.126313    -0.022089
  0.126413    -0.022086
  0.126513    -0.022084
  0.126613    -0.022081
  0.126713    -0.022079
  0.126813    -0.022077
  0.126913    -0.022074
  0.127013    -0.022072
  0.127113    -0.022070
  0.127213    -0.022067
  0.127313    -0.022065
  0.127413    -0.022063
  0.127513    -0.022061
  0.127613    -0.022059
  0.127713    -0.022057
  0.127813    -0.022055
  0.127913    -0.022053
  0.128013    -0.022051
  0.128113    -0.022049
  0.128213    -0.022047
  0.128313    -0.022045
  0.128413    -0.022044
  0.128513    -0.022042
  0.128613    -0.022040
  0.128713    -0.022038
  0.128813    -0.022037
  0.128913    -0.022035
  0.129013    -0.022034
  0.129113    -0.022032
  0.129213    -0.022031
  0.129313    -0.022029
  0.129413    -0.022028
  0.129513    -0.022026
  0.129613    -0.022025
  0.129713    -0.022024
  0.129813    -0.022022
  0.129913    -0.022021
  0.130013    -0.022020
  0.130113    -0.022019
  0.130213    -0.022018
  0.130313    -0.022016
  0.130413    -0.022015
  0.130513    -0.022014
  0.130613    -0.022013
  0.130713    -0.022012
  0.130813    -0.022011
  0.130913    -0.022011
  0.131013    -0.022010
  0.131113    -0.022009
  0.131213    -0.022008
  0.131313    -0.022007
  0.131413    -0.022007
  0.131513    -0.022006
  0.131613    -0.022005
  0.131713    -0.022005
  0.131813    -0.022004
  0.131913    -0.022004
  0.132013    -0.022003
  0.132113    -0.022003
  0.132213    -0.022002
  0.132313    -0.022002
  0.132413    -0.022002
  0.132513    -0.022001
  0.132613    -0.022001
  0.132713    -0.022001
  0.132813    -0.022000
  0.132913    -0.022000
  0.133013    -0.022000
  0.133113    -0.022000
  0.133213    -0.022000
  0.133313    -0.022000
  0.133413    -0.022000
  0.133513    -0.022000
  0.133613    -0.022000
  0.133713    -0.022000
  0.133813    -0.022000
  0.133913    -0.022001
  0.134013    -0.022001
  0.134113    -0.022001
  0.134213    -0.022001
  0.134313    -0.022002
  0.134413    -0.022002
  0.134513    -0.022003
  0.134613    -0.022003
  0.134713    -0.022003
  0.134813    -0.022004
  0.134913    -0.022004
  0.135014    -0.022005
  0.135114    -0.022006
  0.135214    -0.022006
  0.135314    -0.022007
  0.135414    -0.022008
  0.135514    -0.022009
  0.135614    -0.022009
  0.135714    -0.022010
  0.135814    -0.022011
  0.135914    -0.022012
  0.136014    -0.022013
  0.136114    -0.022014
  0.136214    -0.022015
  0.136314    -0.022016
  0.136414    -0.022017
  0.136514    -0.022018
  0.136614    -0.022019
  0.136714    -0.022021
  0.136814    -0.022022
  0.136914    -0.022023
  0.137014    -0.022024
  0.137114    -0.022026
  0.137214    -0.022027
  0.137314    -0.022029
  0.137414    -0.022030
  0.137514    -0.022031
  0.137614    -0.022033
  0.137714    -0.022035
  0.137814    -0.022036
  0.137914    -0.022038
  0.138014    -0.022039
  0.138114    -0.022041
  0.138214    -0.022043
  0.138314    -0.022045
  0.138414    -0.022046
  0.138514    -0.022048
  0.138614    -0.022050
  0.138714    -0.022052
  0.138814    -0.022054
  0.138914    -0.022056
  0.139014    -0.022058
  0.139114    -0.022060
  0.139214    -0.022062
  0.139314    -0.022064
  0.139414    -0.022067
  0.139514    -0.022069
  0.139614    -0.022071
  0.139714    -0.022073
  0.139814    -0.022076
  0.139914    -0.022078
  0.140014    -0.022080
  0.140114    -0.022083
  0.140214    -0.022085
  0.140314    -0.022088
  0.140414    -0.022090
  0.140514    -0.022093
  0.140614    -0.022095
  0.140714    -0.022098
  0.140814    -0.022101
  0.140914    -0.022103
  0.141014    -0.022106
  0.141114    -0.022109
  0.141214    -0.022112
  0.141314    -0.022115
  0.141414    -0.022118
  0.141514    -0.022120
  0.141614    -0.022123
  0.141714    -0.022126
  0.141814    -0.022129
  0.141914    -0.022133
  0.142014    -0.022136
  0.142114    -0.022139
  0.142214    -0.022142
  0.142314    -0.022145
  0.142414    -0.022148
  0.142514    -0.022152
  0.142614    -0.022155
  0.142714    -0.022158
  0.142814    -0.022162
  0.142914    -0.022165
  0.143014    -0.022169
  0.143114    -0.022172
  0.143214    -0.022176
  0.143314    -0.022179
  0.143414    -0.022183
  0.143514    -0.022187
  0.143614    -0.022190
  0.143714    -0.022194
  0.143814    -0.022198
  0.143914    -0.022202
  0.144014    -0.022205
  0.144114    -0.022209
  0.144214    -0.022213
  0.144314    -0.022217
  0.144414    -0.022221
  0.144514    -0.022225
  0.144614    -0.022229
  0.144714    -0.022233
  0.144814    -0.022237
  0.144914    -0.022241
  0.145015    -0.022246
  0.145115    -0.022250
  0.145215    -0.022254
  0.145315    -0.022258
  0.145415    -0.022263
  0.145515    -0.022267
  0.145615    -0.022271
  0.145715    -0.022276
  0.145815    -0.022280
  0.145915    -0.022285
  0.146015    -0.022289
  0.146115    -0.022294
  0.146215    -0.022299
  0.146315    -0.022303
  0.146415    -0.022308
  0.146515    -0.022313
  0.146615    -0.022318
  0.146715    -0.022322
  0.146815    -0.022327
  0.146915    -0.022332
  0.147015    -0.022337
  0.147115    -0.022342
  0.147215    -0.022347
  0.147315    -0.022352
  0.147415    -0.022357
  0.147515    -0.022362
  0.147615    -0.022367
  0.147715    -0.022372
  0.147815    -0.022377
  0.147915    -0.022383
  0.148015    -0.022388
  0.148115    -0.022393
  0.148215    -0.022399
  0.148315    -0.022404
  0.148415    -0.022409
  0.148515    -0.022415
  0.148615    -0.022420
  0.148715    -0.022426
  0.148815    -0.022431
  0.148915    -0.022437
  0.149015    -0.022443
  0.149115    -0.022448
  0.149215    -0.022454
  0.149315    -0.022460
  0.149415    -0.022466
  0.149515    -0.022471
  0.149615    -0.022477
  0.149715    -0.022483
  0.149815    -0.022489
  0.149915    -0.022495
  0.150015    -0.022501
  0.150115    -0.022507
  0.150215    -0.022513
  0.150315    -0.022519
  0.150415    -0.022525
  0.150515    -0.022531
  0.150615    -0.022538
  0.150715    -0.022544
  0.150815    -0.022550
  0.150915    -0.022556
  0.151015    -0.022563
  0.151115    -0.022569
  0.151215    -0.022576
  0.151315    -0.022582
  0.151415    -0.022589
  0.151515    -0.022595
  0.151615    -0.022602
  0.151715    -0.022608
  0.151815    -0.022615
  0.151915    -0.022622
  0.152015    -0.022628
  0.152115    -0.022635
  0.152215    -0.022642
  0.152315    -0.022649
  0.152415    -0.022655
  0.152515    -0.022662
  0.152615    -0.022669
  0.152715    -0.022676
  0.152815    -0.022683
  0.152915    -0.022690
  0.153015    -0.022697
  0.153115    -0.022704
  0.153215    -0.022712
  0.153315    -0.022719
  0.153415    -0.022726
  0.153515    -0.022733
  0.153615    -0.022740
  0.153715    -0.022748
  0.153815    -0.022755
  0.153915    -0.022763
  0.154015    -0.022770
  0.154115    -0.022777
  0.154215    -0.022785
  0.154315    -0.022792
  0.154415    -0.022800
  0.154515    -0.022808
  0.154615    -0.022815
  0.154715    -0.022823
  0.154815    -0.022831
  0.154915    -0.022838
  0.155016    -0.022846
  0.155116    -0.022854
  0.155216    -0.022862
  0.155316    -0.022870
  0.155416    -0.022878
  0.155516    -0.022886
  0.155616    -0.022894
  0.155716    -0.022902
  0.155816    -0.022910
  0.155916    -0.022918
  0.156016    -0.022926
  0.156116    -0.022934
  0.156216    -0.022942
  0.156316    -0.022951
  0.156416    -0.022959
  0.156516    -0.022967
  0.156616    -0.022976
  0.156716    -0.022984
  0.156816    -0.022993
  0.156916    -0.023001
  0.157016    -0.023010
  0.157116    -0.023018
  0.157216    -0.023027
  0.157316    -0.023035
  0.157416    -0.023044
  0.157516    -0.023053
  0.157616    -0.023061
  0.157716    -0.023070
  0.157816    -0.023079
  0.157916    -0.023088
  0.158016    -0.023097
  0.158116    -0.023106
  0.158216    -0.023114
  0.158316    -0.023123
  0.158416    -0.023132
  0.158516    -0.023141
  0.158616    -0.023151
  0.158716    -0.023160
  0.158816    -0.023169
  0.158916    -0.023178
  0.159016    -0.023187
  0.159116    -0.023197
  0.159216    -0.023206
  0.159316    -0.023215
  0.159416    -0.023225
  0.159516    -0.023234
  0.159616    -0.023243
  0.159716    -0.023253
  0.159816    -0.023262
  0.159916    -0.023272
  0.160016    -0.023282
  0.160116    -0.023291
  0.160216    -0.023301
  0.160316    -0.023311
  0.160416    -0.023320
  0.160516    -0.023330
  0.160616    -0.023340
  0.160716    -0.023350
  0.160816    -0.023360
  0.160916    -0.023369
  0.161016    -0.023379
  0.161116    -0.023389
  0.161216    -0.023399
  0.161316    -0.023409
  0.161416    -0.023420
  0.161516    -0.023430
  0.161616    -0.023440
  0.161716    -0.023450
  0.161816    -0.023460
  0.161916    -0.023471
  0.162016    -0.023481
  0.162116    -0.023491
  0.162216    -0.023502
  0.162316    -0.023512
  0.162416    -0.023522
  0.162516    -0.023533
  0.162616    -0.023543
  0.162716    -0.023554
  0.162816    -0.023565
  0.162916    -0.023575
  0.163016    -0.023586
  0.163116    -0.023597
  0.163216    -0.023607
  0.163316    -0.023618
  0.163416    -0.023629
  0.163516    -0.023640
  0.163616    -0.023651
  0.163716    -0.023662
  0.163816    -0.023673
  0.163916    -0.023684
  0.164016    -0.023695
  0.164116    -0.023706
  0.164216    -0.023717
  0.164316    -0.023728
  0.164416    -0.023739
  0.164516    -0.023750
  0.164616    -0.023762
  0.164716    -0.023773
  0.164816    -0.023784
  0.164916    -0.023795
  0.165017    -0.023807
  0.165117    -0.023818
  0.165217    -0.023830
  0.165317    -0.023841
  0.165417    -0.023853
  0.165517    -0.023864
  0.165617    -0.023876
  0.165717    -0.023888
  0.165817    -0.023899
  0.165917    -0.023911
  0.166017    -0.023923
  0.166117    -0.023935
  0.166217    -0.023946
  0.166317    -0.023958
  0.166417    -0.023970
  0.166517    -0.023982
  0.166617    -0.023994
  0.166717    -0.024006
  0.166817    -0.024018
  0.166917    -0.024030
  0.167017    -0.024042
  0.167117    -0.024054
  0.167217    -0.024067
  0.167317    -0.024079
  0.167417    -0.024091
  0.167517    -0.024103
  0.167617    -0.024116
  0.167717    -0.024128
  0.167817    -0.024140
  0.167917    -0.024153
  0.168017    -0.024165
  0.168117    -0.024178
  0.168217    -0.024190
  0.168317    -0.024203
  0.168417    -0.024216
  0.168517    -0.024228
  0.168617    -0.024241
  0.168717    -0.024254
  0.168817    -0.024266
  0.168917    -0.024279
  0.169017    -0.024292
  0.169117    -0.024305
  0.169217    -0.024318
  0.169317    -0.024331
  0.169417    -0.024344
  0.169517    -0.024357
  0.169617    -0.024370
  0.169717    -0.024383
  0.169817    -0.024396
  0.169917    -0.024409
  0.170017    -0.024422
  0.170117    -0.024435
  0.170217    -0.024449
  0.170317    -0.024462
  0.170417    -0.024475
  0.170517    -0.024489
  0.170617    -0.024502
  0.170717    -0.024516
  0.170817    -0.024529
  0.170917    -0.024543
  0.171017    -0.024556
  0.171117    -0.024570
  0.171217    -0.024583
  0.171317    -0.024597
  0.171417    -0.024611
  0.171517    -0.024624
  0.171617    -0.024638
  0.171717    -0.024652
  0.171817    -0.024666
  0.171917    -0.024680
  0.172017    -0.024694
  0.172117    -0.024708
  0.172217    -0.024722
  0.172317    -0.024736
  0.172417    -0.024750
  0.172517    -0.024764
  0.172617    -0.024778
  0.172717    -0.024792
  0.172817    -0.024806
  0.172917    -0.024820
  0.173017    -0.024835
  0.173117    -0.024849
  0.173217    -0.024863
  0.173317    -0.024878
  0.173417    -0.024892
  0.173517    -0.024907
  0.173617    -0.024921
  0.173717    -0.024936
  0.173817    -0.024950
  0.173917    -0.024965
  0.174017    -0.024979
  0.174117    -0.024994
  0.174217    -0.025009
  0.174317    -0.025023
  0.174417    -0.025038
  0.174517    -0.025053
  0.174617    -0.025068
  0.174717    -0.025083
  0.174817    -0.025098
  0.174917    -0.025113
  0.175018    -0.025128
  0.175118    -0.025143
  0.175218    -0.025158
  0.175318    -0.025173
  0.175418    -0.025188
  0.175518    -0.025203
  0.175618    -0.025218
  0.175718    -0.025234
  0.175818    -0.025249
  0.175918    -0.025264
  0.176018    -0.025280
  0.176118    -0.025295
  0.176218    -0.025310
  0.176318    -0.025326
  0.176418    -0.025341
  0.176518    -0.025357
  0.176618    -0.025372
  0.176718    -0.025388
  0.176818    -0.025404
  0.176918    -0.025419
  0.177018    -0.025435
  0.177118    -0.025451
  0.177218    -0.025467
  0.177318    -0.025482
  0.177418    -0.025498
  0.177518    -0.025514
  0.177618    -0.025530
  0.177718    -0.025546
  0.177818    -0.025562
  0.177918    -0.025578
  0.178018    -0.025594
  0.178118    -0.025610
  0.178218    -0.025626
  0.178318    -0.025642
  0.178418    -0.025659
  0.178518    -0.025675
  0.178618    -0.025691
  0.178718    -0.025708
  0.178818    -0.025724
  0.178918    -0.025740
  0.179018    -0.025757
  0.179118    -0.025773
  0.179218    -0.025790
  0.179318    -0.025806
  0.179418    -0.025823
  0.179518    -0.025839
  0.179618    -0.025856
  0.179718    -0.025873
  0.179818    -0.025889
  0.179918    -0.025906
  0.180018    -0.025923
  0.180118    -0.025940
  0.180218    -0.025957
  0.180318    -0.025974
  0.180418    -0.025991
  0.180518    -0.026008
  0.180618    -0.026025
  0.180718    -0.026042
  0.180818    -0.026059
  0.180918    -0.026076
  0.181018    -0.026093
  0.181118    -0.026110
  0.181218    -0.026127
  0.181318    -0.026145
  0.181418    -0.026162
  0.181518    -0.026179
  0.181618    -0.026197
  0.181718    -0.026214
  0.181818    -0.026231
  0.181918    -0.026249
  0.182018    -0.026266
  0.182118    -0.026284
  0.182218    -0.026302
  0.182318    -0.026319
  0.182418    -0.026337
  0.182518    -0.026354
  0.182618    -0.026372
  0.182718    -0.026390
  0.182818    -0.026408
  0.182918    -0.026426
  0.183018    -0.026443
  0.183118    -0.026461
  0.183218    -0.026479
  0.183318    -0.026497
  0.183418    -0.026515
  0.183518    -0.026533
  0.183618    -0.026551
  0.183718    -0.026570
  0.183818    -0.026588
  0.183918    -0.026606
  0.184018    -0.026624
  0.184118    -0.026642
  0.184218    -0.026661
  0.184318    -0.026679
  0.184418    -0.026697
  0.184518    -0.026716
  0.184618    -0.026734
  0.184718    -0.026753
  0.184818    -0.026771
  0.184918    -0.026790
  0.185019    -0.026808
  0.185119    -0.026827
  0.185219    -0.026846
  0.185319    -0.026864
  0.185419    -0.026883
  0.185519    -0.026902
  0.185619    -0.026921
  0.185719    -0.026940
  0.185819    -0.026958
  0.185919    -0.026977
  0.186019    -0.026996
  0.186119    -0.027015
  0.186219    -0.027034
  0.186319    -0.027053
  0.186419    -0.027072
  0.186519    -0.027092
  0.186619    -0.027111
  0.186719    -0.027130
  0.186819    -0.027149
  0.186919    -0.027169
  0.187019    -0.027188
  0.187119    -0.027207
  0.187219    -0.027227
  0.187319    -0.027246
  0.187419    -0.027265
  0.187519    -0.027285
  0.187619    -0.027304
  0.187719    -0.027324
  0.187819    -0.027344
  0.187919    -0.027363
  0.188019    -0.027383
  0.188119    -0.027403
  0.188219    -0.027422
  0.188319    -0.027442
  0.188419    -0.027462
  0.188519    -0.027482
  0.188619    -0.027502
  0.188719    -0.027522
  0.188819    -0.027542
  0.188919    -0.027562
  0.189019    -0.027582
  0.189119    -0.027602
  0.189219    -0.027622
  0.189319    -0.027642
  0.189419    -0.027662
  0.189519    -0.027682
  0.189619    -0.027703
  0.189719    -0.027723
  0.189819    -0.027743
  0.189919    -0.027763
  0.190019    -0.027784
  0.190119    -0.027804
  0.190219    -0.027825
  0.190319    -0.027845
  0.190419    -0.027866
  0.190519    -0.027886
  0.190619    -0.027907
  0.190719    -0.027928
  0.190819    -0.027948
  0.190919    -0.027969
  0.191019    -0.027990
  0.191119    -0.028011
  0.191219    -0.028031
  0.191319    -0.028052
  0.191419    -0.028073
  0.191519    -0.028094
  0.191619    -0.028115
  0.191719    -0.028136
  0.191819    -0.028157
  0.191919    -0.028178
  0.192019    -0.028199
  0.192119    -0.028220
  0.192219    -0.028242
  0.192319    -0.028263
  0.192419    -0.028284
  0.192519    -0.028305
  0.192619    -0.028327
  0.192719    -0.028348
  0.192819    -0.028369
  0.192919    -0.028391
  0.193019    -0.028412
  0.193119    -0.028434
  0.193219    -0.028455
  0.193319    -0.028477
  0.193419    -0.028499
  0.193519    -0.028520
  0.193619    -0.028542
  0.193719    -0.028564
  0.193819    -0.028585
  0.193919    -0.028607
  0.194019    -0.028629
  0.194119    -0.028651
  0.194219    -0.028673
  0.194319    -0.028695
  0.194419    -0.028717
  0.194519    -0.028739
  0.194619    -0.028761
  0.194719    -0.028783
  0.194819    -0.028805
  0.194919    -0.028827
  0.195020    -0.028849
  0.195120    -0.028872
  0.195220    -0.028894
  0.195320    -0.028916
  0.195420    -0.028938
  0.195520    -0.028961
  0.195620    -0.028983
  0.195720    -0.029006
  0.195820    -0.029028
  0.195920    -0.029051
  0.196020    -0.029073
  0.196120    -0.029096
  0.196220    -0.029118
  0.196320    -0.029141
  0.196420    -0.029164
  0.196520    -0.029187
  0.196620    -0.029209
  0.196720    -0.029232
  0.196820    -0.029255
  0.196920    -0.029278
  0.197020    -0.029301
  0.197120    -0.029324
  0.197220    -0.029347
  0.197320    -0.029370
  0.197420    -0.029393
  0.197520    -0.029416
  0.197620    -0.029439
  0.197720    -0.029462
  0.197820    -0.029485
  0.197920    -0.029509
  0.198020    -0.029532
  0.198120    -0.029555
  0.198220    -0.029578
  0.198320    -0.029602
  0.198420    -0.029625
  0.198520    -0.029649
  0.198620    -0.029672
  0.198720    -0.029696
  0.198820    -0.029719
  0.198920    -0.029743
  0.199020    -0.029767
  0.199120    -0.029790
  0.199220    -0.029814
  0.199320    -0.029838
  0.199420    -0.029861
  0.199520    -0.029885
  0.199620    -0.029909
  0.199720    -0.029933
  0.199820    -0.029957
  0.199920    -0.029981
  0.200020    -0.030005
  0.200120    -0.030029
  0.200220    -0.030053
  0.200320    -0.030077
  0.200420    -0.030100
  0.200520    -0.030124
  0.200620    -0.030148
  0.200720    -0.030172
  0.200820    -0.030195
  0.200920    -0.030219
  0.201020    -0.030243
  0.201120    -0.030266
  0.201220    -0.030290
  0.201320    -0.030313
  0.201420    -0.030336
  0.201520    -0.030360
  0.201620    -0.030383
  0.201720    -0.030406
  0.201820    -0.030430
  0.201920    -0.030453
  0.202020    -0.030476
  0.202120    -0.030499
  0.202220    -0.030522
  0.202320    -0.030545
  0.202420    -0.030568
  0.202520    -0.030591
  0.202620    -0.030614
  0.202720    -0.030637
  0.202820    -0.030659
  0.202920    -0.030682
  0.203020    -0.030705
  0.203120    -0.030727
  0.203220    -0.030750
  0.203320    -0.030773
  0.203420    -0.030795
  0.203520    -0.030818
  0.203620    -0.030840
  0.203720    -0.030862
  0.203820    -0.030885
  0.203920    -0.030907
  0.204020    -0.030929
  0.204120    -0.030952
  0.204220    -0.030974
  0.204320    -0.030996
  0.204420    -0.031018
  0.204520    -0.031040
  0.204620    -0.031062
  0.204720    -0.031084
  0.204820    -0.031106
  0.204920    -0.031128
  0.205021    -0.031149
  0.205121    -0.031171
  0.205221    -0.031193
  0.205321    -0.031215
  0.205421    -0.031236
  0.205521    -0.031258
  0.205621    -0.031279
  0.205721    -0.031301
  0.205821    -0.031322
  0.205921    -0.031344
  0.206021    -0.031365
  0.206121    -0.031387
  0.206221    -0.031408
  0.206321    -0.031429
  0.206421    -0.031450
  0.206521    -0.031471
  0.206621    -0.031493
  0.206721    -0.031514
  0.206821    -0.031535
  0.206921    -0.031556
  0.207021    -0.031577
  0.207121    -0.031597
  0.207221    -0.031618
  0.207321    -0.031639
  0.207421    -0.031660
  0.207521    -0.031681
  0.207621    -0.031701
  0.207721    -0.031722
  0.207821    -0.031742
  0.207921    -0.031763
  0.208021    -0.031783
  0.208121    -0.031804
  0.208221    -0.031824
  0.208321    -0.031845
  0.208421    -0.031865
  0.208521    -0.031885
  0.208621    -0.031906
  0.208721    -0.031926
  0.208821    -0.031946
  0.208921    -0.031966
  0.209021    -0.031986
  0.209121    -0.032006
  0.209221    -0.032026
  0.209321    -0.032046
  0.209421    -0.032066
  0.209521    -0.032086
  0.209621    -0.032105
  0.209721    -0.032125
  0.209821    -0.032145
  0.209921    -0.032164
  0.210021    -0.032184
  0.210121    -0.032204
  0.210221    -0.032223
  0.210321    -0.032243
  0.210421    -0.032262
  0.210521    -0.032282
  0.210621    -0.032301
  0.210721    -0.032320
  0.210821    -0.032339
  0.210921    -0.032359
  0.211021    -0.032378
  0.211121    -0.032397
  0.211221    -0.032416
  0.211321    -0.032435
  0.211421    -0.032454
  0.211521    -0.032473
  0.211621    -0.032492
  0.211721    -0.032511
  0.211821    -0.032530
  0.211921    -0.032548
  0.212021    -0.032567
  0.212121    -0.032586
  0.212221    -0.032605
  0.212321    -0.032623
  0.212421    -0.032642
  0.212521    -0.032660
  0.212621    -0.032679
  0.212721    -0.032697
  0.212821    -0.032715
  0.212921    -0.032734
  0.213021    -0.032752
  0.213121    -0.032770
  0.213221    -0.032789
  0.213321    -0.032807
  0.213421    -0.032825
  0.213521    -0.032843
  0.213621    -0.032861
  0.213721    -0.032879
  0.213821    -0.032897
  0.213921    -0.032915
  0.214021    -0.032933
  0.214121    -0.032950
  0.214221    -0.032968
  0.214321    -0.032986
  0.214421    -0.033004
  0.214521    -0.033021
  0.214621    -0.033039
  0.214721    -0.033056
  0.214821    -0.033074
  0.214921    -0.033091
  0.215022    -0.033109
  0.215122    -0.033126
  0.215222    -0.033143
  0.215322    -0.033161
  0.215422    -0.033178
  0.215522    -0.033195
  0.215622    -0.033212
  0.215722    -0.033229
  0.215822    -0.033246
  0.215922    -0.033263
  0.216022    -0.033280
  0.216122    -0.033297
  0.216222    -0.033314
  0.216322    -0.033331
  0.216422    -0.033348
  0.216522    -0.033365
  0.216622    -0.033381
  0.216722    -0.033398
  0.216822    -0.033415
  0.216922    -0.033431
  0.217022    -0.033448
  0.217122    -0.033464
  0.217222    -0.033481
  0.217322    -0.033497
  0.217422    -0.033513
  0.217522    -0.033530
  0.217622    -0.033546
  0.217722    -0.033562
  0.217822    -0.033578
  0.217922    -0.033595
  0.218022    -0.033611
  0.218122    -0.033627
  0.218222    -0.033643
  0.218322    -0.033659
  0.218422    -0.033675
  0.218522    -0.033691
  0.218622    -0.033706
  0.218722    -0.033722
  0.218822    -0.033738
  0.218922    -0.033754
  0.219022    -0.033769
  0.219122    -0.033785
  0.219222    -0.033800
  0.219322    -0.033816
  0.219422    -0.033831
  0.219522    -0.033847
  0.219622    -0.033862
  0.219722    -0.033878
  0.219822    -0.033893
  0.219922    -0.033908
  0.220022    -0.033923
  0.220122    -0.033939
  0.220222    -0.033954
  0.220322    -0.033969
  0.220422    -0.033984
  0.220522    -0.033999
  0.220622    -0.034014
  0.220722    -0.034029
  0.220822    -0.034043
  0.220922    -0.034058
  0.221022    -0.034073
  0.221122    -0.034088
  0.221222    -0.034102
  0.221322    -0.034117
  0.221422    -0.034132
  0.221522    -0.034146
  0.221622    -0.034161
  0.221722    -0.034175
  0.221822    -0.034190
  0.221922    -0.034204
  0.222022    -0.034218
  0.222122    -0.034233
  0.222222    -0.034247
  0.222322    -0.034261
  0.222422    -0.034275
  0.222522    -0.034289
  0.222622    -0.034303
  0.222722    -0.034317
  0.222822    -0.034331
  0.222922    -0.034345
  0.223022    -0.034359
  0.223122    -0.034373
  0.223222    -0.034387
  0.223322    -0.034401
  0.223422    -0.034414
  0.223522    -0.034428
  0.223622    -0.034442
  0.223722    -0.034455
  0.223822    -0.034469
  0.223922    -0.034482
  0.224022    -0.034496
  0.224122    -0.034509
  0.224222    -0.034523
  0.224322    -0.034536
  0.224422    -0.034549
  0.224522    -0.034562
  0.224622    -0.034576
  0.224722    -0.034589
  0.224822    -0.034602
  0.224922    -0.034615
  0.225023    -0.034628
  0.225123    -0.034641
  0.225223    -0.034654
  0.225323    -0.034667
  0.225423    -0.034680
  0.225523    -0.034692
  0.225623    -0.034705
  0.225723    -0.034718
  0.225823    -0.034730
  0.225923    -0.034743
  0.226023    -0.034756
  0.226123    -0.034768
  0.226223    -0.034781
  0.226323    -0.034793
  0.226423    -0.034805
  0.226523    -0.034818
  0.226623    -0.034830
  0.226723    -0.034842
  0.226823    -0.034855
  0.226923    -0.034867
  0.227023    -0.034879
  0.227123    -0.034891
  0.227223    -0.034903
  0.227323    -0.034915
  0.227423    -0.034927
  0.227523    -0.034939
  0.227623    -0.034951
  0.227723    -0.034963
  0.227823    -0.034974
  0.227923    -0.034986
  0.228023    -0.034998
  0.228123    -0.035010
  0.228223    -0.035021
  0.228323    -0.035033
  0.228423    -0.035044
  0.228523    -0.035056
  0.228623    -0.035067
  0.228723    -0.035078
  0.228823    -0.035090
  0.228923    -0.035101
  0.229023    -0.035112
  0.229123    -0.035124
  0.229223    -0.035135
  0.229323    -0.035146
  0.229423    -0.035157
  0.229523    -0.035168
  0.229623    -0.035179
  0.229723    -0.035190
  0.229823    -0.035201
  0.229923    -0.035212
  0.230023    -0.035222
  0.230123    -0.035233
  0.230223    -0.035244
  0.230323    -0.035255
  0.230423    -0.035265
  0.230523    -0.035276
  0.230623    -0.035286
  0.230723    -0.035297
  0.230823    -0.035307
  0.230923    -0.035318
  0.231023    -0.035328
  0.231123    -0.035339
  0.231223    -0.035349
  0.231323    -0.035359
  0.231423    -0.035369
  0.231523    -0.035379
  0.231623    -0.035390
  0.231723    -0.035400
  0.231823    -0.035410
  0.231923    -0.035420
  0.232023    -0.035429
  0.232123    -0.035439
  0.232223    -0.035449
  0.232323    -0.035459
  0.232423    -0.035469
  0.232523    -0.035479
  0.232623    -0.035488
  0.232723    -0.035498
  0.232823    -0.035507
  0.232923    -0.035517
  0.233023    -0.035526
  0.233123    -0.035536
  0.233223    -0.035545
  0.233323    -0.035555
  0.233423    -0.035564
  0.233523    -0.035573
  0.233623    -0.035582
  0.233723    -0.035592
  0.233823    -0.035601
  0.233923    -0.035610
  0.234023    -0.035619
  0.234123    -0.035628
  0.234223    -0.035637
  0.234323    -0.035646
  0.234423    -0.035655
  0.234523    -0.035664
  0.234623    -0.035672
  0.234723    -0.035681
  0.234823    -0.035690
  0.234923    -0.035698
  0.235024    -0.035707
  0.235124    -0.035716
  0.235224    -0.035724
  0.235324    -0.035733
  0.235424    -0.035741
  0.235524    -0.035749
  0.235624    -0.035758
  0.235724    -0.035766
  0.235824    -0.035774
  0.235924    -0.035783
  0.236024    -0.035791
  0.236124    -0.035799
  0.236224    -0.035807
  0.236324    -0.035815
  0.236424    -0.035823
  0.236524    -0.035831
  0.236624    -0.035839
  0.236724    -0.035847
  0.236824    -0.035855
  0.236924    -0.035862
  0.237024    -0.035870
  0.237124    -0.035878
  0.237224    -0.035885
  0.237324    -0.035893
  0.237424    -0.035901
  0.237524    -0.035908
  0.237624    -0.035915
  0.237724    -0.035923
  0.237824    -0.035930
  0.237924    -0.035938
  0.238024    -0.035945
  0.238124    -0.035952
  0.238224    -0.035959
  0.238324    -0.035967
  0.238424    -0.035974
  0.238524    -0.035981
  0.238624    -0.035988
  0.238724    -0.035995
  0.238824    -0.036002
  0.238924    -0.036009
  0.239024    -0.036015
  0.239124    -0.036022
  0.239224    -0.036029
  0.239324    -0.036036
  0.239424    -0.036042
  0.239524    -0.036049
  0.239624    -0.036056
  0.239724    -0.036062
  0.239824    -0.036069
  0.239924    -0.036075
  0.240024    -0.036082
  0.240124    -0.036088
  0.240224    -0.036094
  0.240324    -0.036101
  0.240424    -0.036107
  0.240524    -0.036113
  0.240624    -0.036119
  0.240724    -0.036125
  0.240824    -0.036131
  0.240924    -0.036137
  0.241024    -0.036143
  0.241124    -0.036149
  0.241224    -0.036155
  0.241324    -0.036161
  0.241424    -0.036167
  0.241524    -0.036172
  0.241624    -0.036178
  0.241724    -0.036184
  0.241824    -0.036189
  0.241924    -0.036195
  0.242024    -0.036201
  0.242124    -0.036206
  0.242224    -0.036211
  0.242324    -0.036217
  0.242424    -0.036222
  0.242524    -0.036228
  0.242624    -0.036233
  0.242724    -0.036238
  0.242824    -0.036243
  0.242924    -0.036248
  0.243024    -0.036253
  0.243124    -0.036258
  0.243224    -0.036263
  0.243324    -0.036268
  0.243424    -0.036273
  0.243524    -0.036278
  0.243624    -0.036283
  0.243724    -0.036288
  0.243824    -0.036293
  0.243924    -0.036297
  0.244024    -0.036302
  0.244124    -0.036307
  0.244224    -0.036311
  0.244324    -0.036316
  0.244424    -0.036320
  0.244524    -0.036325
  0.244624    -0.036329
  0.244724    -0.036333
  0.244824    -0.036338
  0.244924    -0.036342
  0.245025    -0.036346
  0.245125    -0.036350
  0.245225    -0.036354
  0.245325    -0.036358
  0.245425    -0.036362
  0.245525    -0.036366
  0.245625    -0.036370
  0.245725    -0.036374
  0.245825    -0.036378
  0.245925    -0.036382
  0.246025    -0.036386
  0.246125    -0.036389
  0.246225    -0.036393
  0.246325    -0.036397
  0.246425    -0.036400
  0.246525    -0.036404
  0.246625    -0.036407
  0.246725    -0.036411
  0.246825    -0.036414
  0.246925    -0.036418
  0.247025    -0.036421
  0.247125    -0.036424
  0.247225    -0.036428
  0.247325    -0.036431
  0.247425    -0.036434
  0.247525    -0.036437
  0.247625    -0.036440
  0.247725    -0.036443
  0.247825    -0.036446
  0.247925    -0.036449
  0.248025    -0.036452
  0.248125    -0.036455
  0.248225    -0.036458
  0.248325    -0.036460
  0.248425    -0.036463
  0.248525    -0.036466
  0.248625    -0.036468
  0.248725    -0.036471
  0.248825    -0.036473
  0.248925    -0.036476
  0.249025    -0.036478
  0.249125    -0.036481
  0.249225    -0.036483
  0.249325    -0.036485
  0.249425    -0.036488
  0.249525    -0.036490
  0.249625    -0.036492
  0.249725    -0.036494
  0.249825    -0.036496
  0.249925    -0.036498
  0.250025    -0.036500
  0.250125    -0.036502
  0.250225    -0.036504
  0.250325    -0.036506
  0.250425    -0.036508
  0.250525    -0.036510
  0.250625    -0.036512
  0.250725    -0.036513
  0.250825    -0.036515
  0.250925    -0.036517
  0.251025    -0.036518
  0.251125    -0.036520
  0.251225    -0.036521
  0.251325    -0.036523
  0.251425    -0.036524
  0.251525    -0.036525
  0.251625    -0.036527
  0.251725    -0.036528
  0.251825    -0.036529
  0.251925    -0.036530
  0.252025    -0.036531
  0.252125    -0.036533
  0.252225    -0.036534
  0.252325    -0.036535
  0.252425    -0.036536
  0.252525    -0.036536
  0.252625    -0.036537
  0.252725    -0.036538
  0.252825    -0.036539
  0.252925    -0.036540
  0.253025    -0.036540
  0.253125    -0.036541
  0.253225    -0.036542
  0.253325    -0.036542
  0.253425    -0.036543
  0.253525    -0.036543
  0.253625    -0.036544
  0.253725    -0.036544
  0.253825    -0.036544
  0.253925    -0.036545
  0.254025    -0.036545
  0.254125    -0.036545
  0.254225    -0.036545
  0.254325    -0.036545
  0.254425    -0.036545
  0.254525    -0.036545
  0.254625    -0.036545
  0.254725    -0.036545
  0.254825    -0.036545
  0.254925    -0.036545
  0.255026    -0.036545
  0.255126    -0.036545
  0.255226    -0.036544
  0.255326    -0.036544
  0.255426    -0.036544
  0.255526    -0.036543
  0.255626    -0.036543
  0.255726    -0.036542
  0.255826    -0.036542
  0.255926    -0.036541
  0.256026    -0.036541
  0.256126    -0.036540
  0.256226    -0.036539
  0.256326    -0.036538
  0.256426    -0.036538
  0.256526    -0.036537
  0.256626    -0.036536
  0.256726    -0.036535
  0.256826    -0.036534
  0.256926    -0.036533
  0.257026    -0.036532
  0.257126    -0.036531
  0.257226    -0.036530
  0.257326    -0.036528
  0.257426    -0.036527
  0.257526    -0.036526
  0.257626    -0.036525
  0.257726    -0.036523
  0.257826    -0.036522
  0.257926    -0.036520
  0.258026    -0.036519
  0.258126    -0.036517
  0.258226    -0.036516
  0.258326    -0.036514
  0.258426    -0.036512
  0.258526    -0.036511
  0.258626    -0.036509
  0.258726    -0.036507
  0.258826    -0.036505
  0.258926    -0.036503
  0.259026    -0.036501
  0.259126    -0.036499
  0.259226    -0.036497
  0.259326    -0.036495
  0.259426    -0.036493
  0.259526    -0.036491
  0.259626    -0.036489
  0.259726    -0.036486
  0.259826    -0.036484
  0.259926    -0.036482
  0.260026    -0.036479
  0.260126    -0.036477
  0.260226    -0.036474
  0.260326    -0.036472
  0.260426    -0.036469
  0.260526    -0.036467
  0.260626    -0.036464
  0.260726    -0.036461
  0.260826    -0.036459
  0.260926    -0.036456
  0.261026    -0.036453
  0.261126    -0.036450
  0.261226    -0.036447
  0.261326    -0.036444
  0.261426    -0.036441
  0.261526    -0.036438
  0.261626    -0.036435
  0.261726    -0.036432
  0.261826    -0.036429
  0.261926    -0.036426
  0.262026    -0.036422
  0.262126    -0.036419
  0.262226    -0.036416
  0.262326    -0.036412
  0.262426    -0.036409
  0.262526    -0.036405
  0.262626    -0.036402
  0.262726    -0.036398
  0.262826    -0.036395
  0.262926    -0.036391
  0.263026    -0.036387
  0.263126    -0.036383
  0.263226    -0.036380
  0.263326    -0.036376
  0.263426    -0.036372
  0.263526    -0.036368
  0.263626    -0.036364
  0.263726    -0.036360
  0.263826    -0.036356
  0.263926    -0.036352
  0.264026    -0.036348
  0.264126    -0.036344
  0.264226    -0.036339
  0.264326    -0.036335
  0.264426    -0.036331
  0.264526    -0.036326
  0.264626    -0.036322
  0.264726    -0.036317
  0.264826    -0.036313
  0.264926    -0.036308
  0.265027    -0.036304
  0.265127    -0.036299
  0.265227    -0.036294
  0.265327    -0.036290
  0.265427    -0.036285
  0.265527    -0.036280
  0.265627    -0.036275
  0.265727    -0.036270
  0.265827    -0.036265
  0.265927    -0.036260
  0.266027    -0.036255
  0.266127    -0.036250
  0.266227    -0.036245
  0.266327    -0.036240
  0.266427    -0.036235
  0.266527    -0.036230
  0.266627    -0.036224
  0.266727    -0.036219
  0.266827    -0.036214
  0.266927    -0.036208
  0.267027    -0.036203
  0.267127    -0.036197
  0.267227    -0.036192
  0.267327    -0.036186
  0.267427    -0.036180
  0.267527    -0.036175
  0.267627    -0.036169
  0.267727    -0.036163
  0.267827    -0.036157
  0.267927    -0.036152
  0.268027    -0.036146
  0.268127    -0.036140
  0.268227    -0.036134
  0.268327    -0.036128
  0.268427    -0.036122
  0.268527    -0.036115
  0.268627    -0.036109
  0.268727    -0.036103
  0.268827    -0.036097
  0.268927    -0.036090
  0.269027    -0.036084
  0.269127    -0.036078
  0.269227    -0.036071
  0.269327    -0.036065
  0.269427    -0.036058
  0.269527    -0.036052
  0.269627    -0.036045
  0.269727    -0.036038
  0.269827    -0.036032
  0.269927    -0.036025
  0.270027    -0.036018
  0.270127    -0.036011
  0.270227    -0.036004
  0.270327    -0.035998
  0.270427    -0.035991
  0.270527    -0.035984
  0.270627    -0.035976
  0.270727    -0.035969
  0.270827    -0.035962
  0.270927    -0.035955
  0.271027    -0.035948
  0.271127    -0.035941
  0.271227    -0.035933
  0.271327    -0.035926
  0.271427    -0.035918
  0.271527    -0.035911
  0.271627    -0.035904
  0.271727    -0.035896
  0.271827    -0.035888
  0.271927    -0.035881
  0.272027    -0.035873
  0.272127    -0.035865
  0.272227    -0.035858
  0.272327    -0.035850
  0.272427    -0.035842
  0.272527    -0.035834
  0.272627    -0.035826
  0.272727    -0.035818
  0.272827    -0.035810
  0.272927    -0.035802
  0.273027    -0.035794
  0.273127    -0.035786
  0.273227    -0.035778
  0.273327    -0.035769
  0.273427    -0.035761
  0.273527    -0.035753
  0.273627    -0.035744
  0.273727    -0.035736
  0.273827    -0.035728
  0.273927    -0.035719
  0.274027    -0.035710
  0.274127    -0.035702
  0.274227    -0.035693
  0.274327    -0.035685
  0.274427    -0.035676
  0.274527    -0.035667
  0.274627    -0.035658
  0.274727    -0.035649
  0.274827    -0.035640
  0.274927    -0.035632
  0.275028    -0.035623
  0.275128    -0.035613
  0.275228    -0.035604
  0.275328    -0.035595
  0.275428    -0.035586
  0.275528    -0.035577
  0.275628    -0.035568
  0.275728    -0.035558
  0.275828    -0.035549
  0.275928    -0.035540
  0.276028    -0.035530
  0.276128    -0.035521
  0.276228    -0.035511
  0.276328    -0.035502
  0.276428    -0.035492
  0.276528    -0.035482
  0.276628    -0.035473
  0.276728    -0.035463
  0.276828    -0.035453
  0.276928    -0.035443
  0.277028    -0.035433
  0.277128    -0.035424
  0.277228    -0.035414
  0.277328    -0.035404
  0.277428    -0.035394
  0.277528    -0.035383
  0.277628    -0.035373
  0.277728    -0.035363
  0.277828    -0.035353
  0.277928    -0.035343
  0.278028    -0.035332
  0.278128    -0.035322
  0.278228    -0.035312
  0.278328    -0.035301
  0.278428    -0.035291
  0.278528    -0.035280
  0.278628    -0.035270
  0.278728    -0.035259
  0.278828    -0.035248
  0.278928    -0.035238
  0.279028    -0.035227
  0.279128    -0.035216
  0.279228    -0.035205
  0.279328    -0.035194
  0.279428    -0.035183
  0.279528    -0.035172
  0.279628    -0.035161
  0.279728    -0.035150
  0.279828    -0.035139
  0.279928    -0.035128
  0.280028    -0.035117
  0.280128    -0.035106
  0.280228    -0.035094
  0.280328    -0.035083
  0.280428    -0.035072
  0.280528    -0.035060
  0.280628    -0.035049
  0.280728    -0.035037
  0.280828    -0.035026
  0.280928    -0.035014
  0.281028    -0.035003
  0.281128    -0.034991
  0.281228    -0.034979
  0.281328    -0.034967
  0.281428    -0.034956
  0.281528    -0.034944
  0.281628    -0.034932
  0.281728    -0.034920
  0.281828    -0.034908
  0.281928    -0.034896
  0.282028    -0.034884
  0.282128    -0.034872
  0.282228    -0.034860
  0.282328    -0.034847
  0.282428    -0.034835
  0.282528    -0.034823
  0.282628    -0.034810
  0.282728    -0.034798
  0.282828    -0.034786
  0.282928    -0.034773
  0.283028    -0.034761
  0.283128    -0.034748
  0.283228    -0.034736
  0.283328    -0.034723
  0.283428    -0.034710
  0.283528    -0.034697
  0.283628    -0.034685
  0.283728    -0.034672
  0.283828    -0.034659
  0.283928    -0.034646
  0.284028    -0.034633
  0.284128    -0.034620
  0.284228    -0.034607
  0.284328    -0.034594
  0.284428    -0.034581
  0.284528    -0.034568
  0.284628    -0.034554
  0.284728    -0.034541
  0.284828    -0.034528
  0.284928    -0.034515
  0.285029    -0.034501
  0.285129    -0.034488
  0.285229    -0.034474
  0.285329    -0.034461
  0.285429    -0.034447
  0.285529    -0.034434
  0.285629    -0.034420
  0.285729    -0.034406
  0.285829    -0.034392
  0.285929    -0.034379
  0.286029    -0.034365
  0.286129    -0.034351
  0.286229    -0.034337
  0.286329    -0.034323
  0.286429    -0.034309
  0.286529    -0.034295
  0.286629    -0.034281
  0.286729    -0.034267
  0.286829    -0.034253
  0.286929    -0.034238
  0.287029    -0.034224
  0.287129    -0.034210
  0.287229    -0.034195
  0.287329    -0.034181
  0.287429    -0.034167
  0.287529    -0.034152
  0.287629    -0.034138
  0.287729    -0.034123
  0.287829    -0.034108
  0.287929    -0.034094
  0.288029    -0.034079
  0.288129    -0.034064
  0.288229    -0.034049
  0.288329    -0.034035
  0.288429    -0.034020
  0.288529    -0.034005
  0.288629    -0.033990
  0.288729    -0.033975
  0.288829    -0.033960
  0.288929    -0.033945
  0.289029    -0.033929
  0.289129    -0.033914
  0.289229    -0.033899
  0.289329    -0.033884
  0.289429    -0.033868
  0.289529    -0.033853
  0.289629    -0.033838
  0.289729    -0.033822
  0.289829    -0.033807
  0.289929    -0.033791
  0.290029    -0.033775
  0.290129    -0.033760
  0.290229    -0.033744
  0.290329    -0.033728
  0.290429    -0.033713
  0.290529    -0.033697
  0.290629    -0.033681
  0.290729    -0.033665
  0.290829    -0.033649
  0.290929    -0.033633
  0.291029    -0.033617
  0.291129    -0.033601
  0.291229    -0.033585
  0.291329    -0.033569
  0.291429    -0.033553
  0.291529    -0.033536
  0.291629    -0.033520
  0.291729    -0.033504
  0.291829    -0.033487
  0.291929    -0.033471
  0.292029    -0.033454
  0.292129    -0.033438
  0.292229    -0.033421
  0.292329    -0.033405
  0.292429    -0.033388
  0.292529    -0.033371
  0.292629    -0.033355
  0.292729    -0.033338
  0.292829    -0.033321
  0.292929    -0.033304
  0.293029    -0.033287
  0.293129    -0.033270
  0.293229    -0.033253
  0.293329    -0.033236
  0.293429    -0.033219
  0.293529    -0.033202
  0.293629    -0.033185
  0.293729    -0.033168
  0.293829    -0.033150
  0.293929    -0.033133
  0.294029    -0.033116
  0.294129    -0.033098
  0.294229    -0.033081
  0.294329    -0.033063
  0.294429    -0.033046
  0.294529    -0.033028
  0.294629    -0.033011
  0.294729    -0.032993
  0.294829    -0.032975
  0.294929    -0.032958
  0.295030    -0.032940
  0.295130    -0.032922
  0.295230    -0.032904
  0.295330    -0.032886
  0.295430    -0.032868
  0.295530    -0.032850
  0.295630    -0.032832
  0.295730    -0.032814
  0.295830    -0.032796
  0.295930    -0.032778
  0.296030    -0.032759
  0.296130    -0.032741
  0.296230    -0.032723
  0.296330    -0.032704
  0.296430    -0.032686
  0.296530    -0.032668
  0.296630    -0.032649
  0.296730    -0.032631
  0.296830    -0.032612
  0.296930    -0.032593
  0.297030    -0.032575
  0.297130    -0.032556
  0.297230    -0.032537
  0.297330    -0.032518
  0.297430    -0.032500
  0.297530    -0.032481
  0.297630    -0.032462
  0.297730    -0.032443
  0.297830    -0.032424
  0.297930    -0.032405
  0.298030    -0.032386
  0.298130    -0.032366
  0.298230    -0.032347
  0.298330    -0.032328
  0.298430    -0.032309
  0.298530    -0.032289
  0.298630    -0.032270
  0.298730    -0.032250
  0.298830    -0.032231
  0.298930    -0.032212
  0.299030    -0.032192
  0.299130    -0.032172
  0.299230    -0.032153
  0.299330    -0.032133
  0.299430    -0.032113
  0.299530    -0.032094
  0.299630    -0.032074
  0.299730    -0.032054
  0.299830    -0.032034
  0.299930    -0.032014
  0.300030    -0.031994
  0.300130    -0.031974
  0.300230    -0.031954
  0.300330    -0.031934
  0.300430    -0.031914
  0.300530    -0.031894
  0.300630    -0.031875
  0.300730    -0.031855
  0.300830    -0.031835
  0.300930    -0.031816
  0.301030    -0.031796
  0.301130    -0.031776
  0.301230    -0.031757
  0.301330    -0.031737
  0.301430    -0.031718
  0.301530    -0.031698
  0.301630    -0.031679
  0.301730    -0.031659
  0.301830    -0.031640
  0.301930    -0.031621
  0.302030    -0.031601
  0.302130    -0.031582
  0.302230    -0.031563
  0.302330    -0.031544
  0.302430    -0.031525
  0.302530    -0.031505
  0.302630    -0.031486
  0.302730    -0.031467
  0.302830    -0.031448
  0.302930    -0.031429
  0.303030    -0.031410
  0.303130    -0.031392
  0.303230    -0.031373
  0.303330    -0.031354
  0.303430    -0.031335
  0.303530    -0.031316
  0.303630    -0.031298
  0.303730    -0.031279
  0.303830    -0.031260
  0.303930    -0.031242
  0.304030    -0.031223
  0.304130    -0.031205
  0.304230    -0.031186
  0.304330    -0.031168
  0.304430    -0.031149
  0.304530    -0.031131
  0.304630    -0.031113
  0.304730    -0.031094
  0.304830    -0.031076
  0.304930    -0.031058
  0.305031    -0.031039
  0.305131    -0.031021
  0.305231    -0.031003
  0.305331    -0.030985
  0.305431    -0.030967
  0.305531    -0.030949
  0.305631    -0.030931
  0.305731    -0.030913
  0.305831    -0.030895
  0.305931    -0.030877
  0.306031    -0.030859
  0.306131    -0.030842
  0.306231    -0.030824
  0.306331    -0.030806
  0.306431    -0.030788
  0.306531    -0.030771
  0.306631    -0.030753
  0.306731    -0.030735
  0.306831    -0.030718
  0.306931    -0.030700
  0.307031    -0.030683
  0.307131    -0.030665
  0.307231    -0.030648
  0.307331    -0.030631
  0.307431    -0.030613
  0.307531    -0.030596
  0.307631    -0.030579
  0.307731    -0.030561
  0.307831    -0.030544
  0.307931    -0.030527
  0.308031    -0.030510
  0.308131    -0.030493
  0.308231    -0.030476
  0.308331    -0.030459
  0.308431    -0.030442
  0.308531    -0.030425
  0.308631    -0.030408
  0.308731    -0.030391
  0.308831    -0.030374
  0.308931    -0.030357
  0.309031    -0.030341
  0.309131    -0.030324
  0.309231    -0.030307
  0.309331    -0.030291
  0.309431    -0.030274
  0.309531    -0.030257
  0.309631    -0.030241
  0.309731    -0.030224
  0.309831    -0.030208
  0.309931    -0.030191
  0.310031    -0.030175
  0.310131    -0.030159
  0.310231    -0.030142
  0.310331    -0.030126
  0.310431    -0.030110
  0.310531    -0.030093
  0.310631    -0.030077
  0.310731    -0.030061
  0.310831    -0.030045
  0.310931    -0.030029
  0.311031    -0.030013
  0.311131    -0.029997
  0.311231    -0.029981
  0.311331    -0.029965
  0.311431    -0.029949
  0.311531    -0.029933
  0.311631    -0.029917
  0.311731    -0.029901
  0.311831    -0.029886
  0.311931    -0.029870
  0.312031    -0.029854
  0.312131    -0.029839
  0.312231    -0.029823
  0.312331    -0.029807
  0.312431    -0.029792
  0.312531    -0.029776
  0.312631    -0.029761
  0.312731    -0.029746
  0.312831    -0.029730
  0.312931    -0.029715
  0.313031    -0.029699
  0.313131    -0.029684
  0.313231    -0.029669
  0.313331    -0.029654
  0.313431    -0.029638
  0.313531    -0.029623
  0.313631    -0.029608
  0.313731    -0.029593
  0.313831    -0.029578
  0.313931    -0.029563
  0.314031    -0.029548
  0.314131    -0.029533
  0.314231    -0.029518
  0.314331    -0.029503
  0.314431    -0.029489
  0.314531    -0.029474
  0.314631    -0.029459
  0.314731    -0.029444
  0.314831    -0.029430
  0.314931    -0.029415
  0.315032    -0.029400
  0.315132    -0.029386
  0.315232    -0.029371
  0.315332    -0.029357
  0.315432    -0.029342
  0.315532    -0.029328
  0.315632    -0.029314
  0.315732    -0.029299
  0.315832    -0.029285
  0.315932    -0.029271
  0.316032    -0.029256
  0.316132    -0.029242
  0.316232    -0.029228
  0.316332    -0.029214
  0.316432    -0.029200
  0.316532    -0.029186
  0.316632    -0.029172
  0.316732    -0.029158
  0.316832    -0.029144
  0.316932    -0.029130
  0.317032    -0.029116
  0.317132    -0.029102
  0.317232    -0.029088
  0.317332    -0.029074
  0.317432    -0.029061
  0.317532    -0.029047
  0.317632    -0.029033
  0.317732    -0.029020
  0.317832    -0.029006
  0.317932    -0.028992
  0.318032    -0.028979
  0.318132    -0.028965
  0.318232    -0.028952
  0.318332    -0.028939
  0.318432    -0.028925
  0.318532    -0.028912
  0.318632    -0.028898
  0.318732    -0.028885
  0.318832    -0.028872
  0.318932    -0.028859
  0.319032    -0.028846
  0.319132    -0.028832
  0.319232    -0.028819
  0.319332    -0.028806
  0.319432    -0.028793
  0.319532    -0.028780
  0.319632    -0.028767
  0.319732    -0.028754
  0.319832    -0.028742
  0.319932    -0.028729
  0.320032    -0.028716
  0.320132    -0.028703
  0.320232    -0.028690
  0.320332    -0.028678
  0.320432    -0.028665
  0.320532    -0.028652
  0.320632    -0.028640
  0.320732    -0.028627
  0.320832    -0.028615
  0.320932    -0.028602
  0.321032    -0.028590
  0.321132    -0.028577
  0.321232    -0.028565
  0.321332    -0.028553
  0.321432    -0.028540
  0.321532    -0.028528
  0.321632    -0.028516
  0.321732    -0.028504
  0.321832    -0.028492
  0.321932    -0.028479
  0.322032    -0.028467
  0.322132    -0.028455
  0.322232    -0.028443
  0.322332    -0.028431
  0.322432    -0.028419
  0.322532    -0.028407
  0.322632    -0.028396
  0.322732    -0.028384
  0.322832    -0.028372
  0.322932    -0.028360
  0.323032    -0.028348
  0.323132    -0.028337
  0.323232    -0.028325
  0.323332    -0.028313
  0.323432    -0.028302
  0.323532    -0.028290
  0.323632    -0.028279
  0.323732    -0.028267
  0.323832    -0.028256
  0.323932    -0.028244
  0.324032    -0.028233
  0.324132    -0.028222
  0.324232    -0.028210
  0.324332    -0.028199
  0.324432    -0.028188
  0.324532    -0.028177
  0.324632    -0.028166
  0.324732    -0.028155
  0.324832    -0.028143
  0.324932    -0.028132
  0.325033    -0.028121
  0.325133    -0.028110
  0.325233    -0.028100
  0.325333    -0.028089
  0.325433    -0.028078
  0.325533    -0.028067
  0.325633    -0.028056
  0.325733    -0.028045
  0.325833    -0.028035
  0.325933    -0.028024
  0.326033    -0.028013
  0.326133    -0.028003
  0.326233    -0.027992
  0.326333    -0.027982
  0.326433    -0.027971
  0.326533    -0.027961
  0.326633    -0.027950
  0.326733    -0.027940
  0.326833    -0.027929
  0.326933    -0.027919
  0.327033    -0.027909
  0.327133    -0.027899
  0.327233    -0.027888
  0.327333    -0.027878
  0.327433    -0.027868
  0.327533    -0.027858
  0.327633    -0.027848
  0.327733    -0.027838
  0.327833    -0.027828
  0.327933    -0.027818
  0.328033    -0.027808
  0.328133    -0.027798
  0.328233    -0.027788
  0.328333    -0.027778
  0.328433    -0.027769
  0.328533    -0.027759
  0.328633    -0.027749
  0.328733    -0.027739
  0.328833    -0.027730
  0.328933    -0.027720
  0.329033    -0.027711
  0.329133    -0.027701
  0.329233    -0.027692
  0.329333    -0.027682
  0.329433    -0.027673
  0.329533    -0.027663
  0.329633    -0.027654
  0.329733    -0.027645
  0.329833    -0.027635
  0.329933    -0.027626
  0.330033    -0.027617
  0.330133    -0.027608
  0.330233    -0.027599
  0.330333    -0.027590
  0.330433    -0.027581
  0.330533    -0.027571
  0.330633    -0.027562
  0.330733    -0.027554
  0.330833    -0.027545
  0.330933    -0.027536
  0.331033    -0.027527
  0.331133    -0.027518
  0.331233    -0.027509
  0.331333    -0.027501
  0.331433    -0.027492
  0.331533    -0.027483
  0.331633    -0.027475
  0.331733    -0.027466
  0.331833    -0.027457
  0.331933    -0.027449
  0.332033    -0.027440
  0.332133    -0.027432
  0.332233    -0.027424
  0.332333    -0.027415
  0.332433    -0.027407
  0.332533    -0.027398
  0.332633    -0.027390
  0.332733    -0.027382
  0.332833    -0.027374
  0.332933    -0.027366
  0.333033    -0.027358
  0.333133    -0.027349
  0.333233    -0.027341
  0.333333    -0.027333
  0.333433    -0.027325
  0.333533    -0.027317
  0.333633    -0.027309
  0.333733    -0.027302
  0.333833    -0.027294
  0.333933    -0.027286
  0.334033    -0.027278
  0.334133    -0.027270
  0.334233    -0.027263
  0.334333    -0.027255
  0.334433    -0.027248
  0.334533    -0.027240
  0.334633    -0.027232
  0.334733    -0.027225
  0.334833    -0.027217
  0.334933    -0.027210
  0.335034    -0.027203
  0.335134    -0.027195
  0.335234    -0.027188
  0.335334    -0.027181
  0.335434    -0.027173
  0.335534    -0.027166
  0.335634    -0.027159
  0.335734    -0.027152
  0.335834    -0.027145
  0.335934    -0.027137
  0.336034    -0.027130
  0.336134    -0.027123
  0.336234    -0.027116
  0.336334    -0.027110
  0.336434    -0.027103
  0.336534    -0.027096
  0.336634    -0.027089
  0.336734    -0.027082
  0.336834    -0.027075
  0.336934    -0.027069
  0.337034    -0.027062
  0.337134    -0.027055
  0.337234    -0.027049
  0.337334    -0.027042
  0.337434    -0.027036
  0.337534    -0.027029
  0.337634    -0.027023
  0.337734    -0.027016
  0.337834    -0.027010
  0.337934    -0.027003
  0.338034    -0.026997
  0.338134    -0.026991
  0.338234    -0.026985
  0.338334    -0.026978
  0.338434    -0.026972
  0.338534    -0.026966
  0.338634    -0.026960
  0.338734    -0.026954
  0.338834    -0.026948
  0.338934    -0.026942
  0.339034    -0.026936
  0.339134    -0.026930
  0.339234    -0.026924
  0.339334    -0.026918
  0.339434    -0.026912
  0.339534    -0.026906
  0.339634    -0.026901
  0.339734    -0.026895
  0.339834    -0.026889
  0.339934    -0.026884
  0.340034    -0.026878
  0.340134    -0.026873
  0.340234    -0.026867
  0.340334    -0.026861
  0.340434    -0.026856
  0.340534    -0.026851
  0.340634    -0.026845
  0.340734    -0.026840
  0.340834    -0.026835
  0.340934    -0.026829
  0.341034    -0.026824
  0.341134    -0.026819
  0.341234    -0.026814
  0.341334    -0.026808
  0.341434    -0.026803
  0.341534    -0.026798
  0.341634    -0.026793
  0.341734    -0.026788
  0.341834    -0.026783
  0.341934    -0.026778
  0.342034    -0.026774
  0.342134    -0.026769
  0.342234    -0.026764
  0.342334    -0.026759
  0.342434    -0.026754
  0.342534    -0.026750
  0.342634    -0.026745
  0.342734    -0.026740
  0.342834    -0.026736
  0.342934    -0.026731
  0.343034    -0.026727
  0.343134    -0.026722
  0.343234    -0.026718
  0.343334    -0.026713
  0.343434    -0.026709
  0.343534    -0.026705
  0.343634    -0.026700
  0.343734    -0.026696
  0.343834    -0.026692
  0.343934    -0.026688
  0.344034    -0.026683
  0.344134    -0.026679
  0.344234    -0.026675
  0.344334    -0.026671
  0.344434    -0.026667
  0.344534    -0.026663
  0.344634    -0.026659
  0.344734    -0.026655
  0.344834    -0.026651
  0.344934    -0.026648
  0.345035    -0.026644
  0.345135    -0.026640
  0.345235    -0.026636
  0.345335    -0.026632
  0.345435    -0.026629
  0.345535    -0.026625
  0.345635    -0.026622
  0.345735    -0.026618
  0.345835    -0.026615
  0.345935    -0.026611
  0.346035    -0.026608
  0.346135    -0.026604
  0.346235    -0.026601
  0.346335    -0.026597
  0.346435    -0.026594
  0.346535    -0.026591
  0.346635    -0.026588
  0.346735    -0.026585
  0.346835    -0.026581
  0.346935    -0.026578
  0.347035    -0.026575
  0.347135    -0.026572
  0.347235    -0.026569
  0.347335    -0.026566
  0.347435    -0.026563
  0.347535    -0.026560
  0.347635    -0.026557
  0.347735    -0.026555
  0.347835    -0.026552
  0.347935    -0.026549
  0.348035    -0.026546
  0.348135    -0.026544
  0.348235    -0.026541
  0.348335    -0.026538
  0.348435    -0.026536
  0.348535    -0.026533
  0.348635    -0.026531
  0.348735    -0.026528
  0.348835    -0.026526
  0.348935    -0.026523
  0.349035    -0.026521
  0.349135    -0.026519
  0.349235    -0.026516
  0.349335    -0.026514
  0.349435    -0.026512
  0.349535    -0.026510
  0.349635    -0.026508
  0.349735    -0.026505
  0.349835    -0.026503
  0.349935    -0.026501
  0.350035    -0.026499
  0.350135    -0.026497
  0.350235    -0.026495
  0.350335    -0.026494
  0.350435    -0.026492
  0.350535    -0.026490
  0.350635    -0.026488
  0.350735    -0.026486
  0.350835    -0.026485
  0.350935    -0.026483
  0.351035    -0.026481
  0.351135    -0.026480
  0.351235    -0.026478
  0.351335    -0.026477
  0.351435    -0.026475
  0.351535    -0.026474
  0.351635    -0.026472
  0.351735    -0.026471
  0.351835    -0.026469
  0.351935    -0.026468
  0.352035    -0.026467
  0.352135    -0.026466
  0.352235    -0.026464
  0.352335    -0.026463
  0.352435    -0.026462
  0.352535    -0.026461
  0.352635    -0.026460
  0.352735    -0.026459
  0.352835    -0.026458
  0.352935    -0.026457
  0.353035    -0.026456
  0.353135    -0.026455
  0.353235    -0.026454
  0.353335    -0.026453
  0.353435    -0.026453
  0.353535    -0.026452
  0.353635    -0.026451
  0.353735    -0.026450
  0.353835    -0.026450
  0.353935    -0.026449
  0.354035    -0.026449
  0.354135    -0.026448
  0.354235    -0.026448
  0.354335    -0.026447
  0.354435    -0.026447
  0.354535    -0.026446
  0.354635    -0.026446
  0.354735    -0.026446
  0.354835    -0.026445
  0.354935    -0.026445
  0.355036    -0.026445
  0.355136    -0.026445
  0.355236    -0.026445
  0.355336    -0.026445
  0.355436    -0.026444
  0.355536    -0.026444
  0.355636    -0.026444
  0.355736    -0.026445
  0.355836    -0.026445
  0.355936    -0.026445
  0.356036    -0.026445
  0.356136    -0.026445
  0.356236    -0.026445
  0.356336    -0.026446
  0.356436    -0.026446
  0.356536    -0.026446
  0.356636    -0.026447
  0.356736    -0.026447
  0.356836    -0.026447
  0.356936    -0.026448
  0.357036    -0.026448
  0.357136    -0.026449
  0.357236    -0.026450
  0.357336    -0.026450
  0.357436    -0.026451
  0.357536    -0.026452
  0.357636    -0.026452
  0.357736    -0.026453
  0.357836    -0.026454
  0.357936    -0.026455
  0.358036    -0.026456
  0.358136    -0.026456
  0.358236    -0.026457
  0.358336    -0.026458
  0.358436    -0.026459
  0.358536    -0.026460
  0.358636    -0.026462
  0.358736    -0.026463
  0.358836    -0.026464
  0.358936    -0.026465
  0.359036    -0.026466
  0.359136    -0.026468
  0.359236    -0.026469
  0.359336    -0.026470
  0.359436    -0.026472
  0.359536    -0.026473
  0.359636    -0.026474
  0.359736    -0.026476
  0.359836    -0.026477
  0.359936    -0.026479
  0.360036    -0.026481
  0.360136    -0.026482
  0.360236    -0.026484
  0.360336    -0.026486
  0.360436    -0.026487
  0.360536    -0.026489
  0.360636    -0.026491
  0.360736    -0.026493
  0.360836    -0.026495
  0.360936    -0.026497
  0.361036    -0.026499
  0.361136    -0.026501
  0.361236    -0.026503
  0.361336    -0.026505
  0.361436    -0.026507
  0.361536    -0.026509
  0.361636    -0.026511
  0.361736    -0.026513
  0.361836    -0.026515
  0.361936    -0.026518
  0.362036    -0.026520
  0.362136    -0.026522
  0.362236    -0.026525
  0.362336    -0.026527
  0.362436    -0.026530
  0.362536    -0.026532
  0.362636    -0.026535
  0.362736    -0.026537
  0.362836    -0.026540
  0.362936    -0.026543
  0.363036    -0.026545
  0.363136    -0.026548
  0.363236    -0.026551
  0.363336    -0.026553
  0.363436    -0.026556
  0.363536    -0.026559
  0.363636    -0.026562
  0.363736    -0.026565
  0.363836    -0.026568
  0.363936    -0.026571
  0.364036    -0.026574
  0.364136    -0.026577
  0.364236    -0.026580
  0.364336    -0.026583
  0.364436    -0.026586
  0.364536    -0.026590
  0.364636    -0.026593
  0.364736    -0.026596
  0.364836    -0.026599
  0.364936    -0.026603
  0.365037    -0.026606
  0.365137    -0.026610
  0.365237    -0.026613
  0.365337    -0.026617
  0.365437    -0.026620
  0.365537    -0.026624
  0.365637    -0.026627
  0.365737    -0.026631
  0.365837    -0.026635
  0.365937    -0.026638
  0.366037    -0.026642
  0.366137    -0.026646
  0.366237    -0.026650
  0.366337    -0.026654
  0.366437    -0.026658
  0.366537    -0.026661
  0.366637    -0.026665
  0.366737    -0.026669
  0.366837    -0.026674
  0.366937    -0.026678
  0.367037    -0.026682
  0.367137    -0.026686
  0.367237    -0.026690
  0.367337    -0.026694
  0.367437    -0.026699
  0.367537    -0.026703
  0.367637    -0.026707
  0.367737    -0.026712
  0.367837    -0.026716
  0.367937    -0.026720
  0.368037    -0.026725
  0.368137    -0.026729
  0.368237    -0.026734
  0.368337    -0.026738
  0.368437    -0.026743
  0.368537    -0.026748
  0.368637    -0.026752
  0.368737    -0.026757
  0.368837    -0.026762
  0.368937    -0.026767
  0.369037    -0.026772
  0.369137    -0.026776
  0.369237    -0.026781
  0.369337    -0.026786
  0.369437    -0.026791
  0.369537    -0.026796
  0.369637    -0.026801
  0.369737    -0.026806
  0.369837    -0.026812
  0.369937    -0.026817
  0.370037    -0.026822
  0.370137    -0.026827
  0.370237    -0.026832
  0.370337    -0.026838
  0.370437    -0.026843
  0.370537    -0.026848
  0.370637    -0.026854
  0.370737    -0.026859
  0.370837    -0.026865
  0.370937    -0.026870
  0.371037    -0.026876
  0.371137    -0.026881
  0.371237    -0.026887
  0.371337    -0.026893
  0.371437    -0.026898
  0.371537    -0.026904
  0.371637    -0.026910
  0.371737    -0.026916
  0.371837    -0.026922
  0.371937    -0.026927
  0.372037    -0.026933
  0.372137    -0.026939
  0.372237    -0.026945
  0.372337    -0.026951
  0.372437    -0.026957
  0.372537    -0.026964
  0.372637    -0.026970
  0.372737    -0.026976
  0.372837    -0.026982
  0.372937    -0.026988
  0.373037    -0.026995
  0.373137    -0.027001
  0.373237    -0.027007
  0.373337    -0.027014
  0.373437    -0.027020
  0.373537    -0.027026
  0.373637    -0.027033
  0.373737    -0.027039
  0.373837    -0.027046
  0.373937    -0.027053
  0.374037    -0.027059
  0.374137    -0.027066
  0.374237    -0.027073
  0.374337    -0.027079
  0.374437    -0.027086
  0.374537    -0.027093
  0.374637    -0.027100
  0.374737    -0.027107
  0.374837    -0.027114
  0.374937    -0.027121
  0.375038    -0.027128
  0.375138    -0.027135
  0.375238    -0.027142
  0.375338    -0.027149
  0.375438    -0.027156
  0.375538    -0.027163
  0.375638    -0.027170
  0.375738    -0.027178
  0.375838    -0.027185
  0.375938    -0.027192
  0.376038    -0.027200
  0.376138    -0.027207
  0.376238    -0.027214
  0.376338    -0.027222
  0.376438    -0.027229
  0.376538    -0.027237
  0.376638    -0.027244
  0.376738    -0.027252
  0.376838    -0.027260
  0.376938    -0.027267
  0.377038    -0.027275
  0.377138    -0.027283
  0.377238    -0.027291
  0.377338    -0.027298
  0.377438    -0.027306
  0.377538    -0.027314
  0.377638    -0.027322
  0.377738    -0.027330
  0.377838    -0.027338
  0.377938    -0.027346
  0.378038    -0.027354
  0.378138    -0.027362
  0.378238    -0.027371
  0.378338    -0.027379
  0.378438    -0.027387
  0.378538    -0.027395
  0.378638    -0.027403
  0.378738    -0.027412
  0.378838    -0.027420
  0.378938    -0.027429
  0.379038    -0.027437
  0.379138    -0.027445
  0.379238    -0.027454
  0.379338    -0.027463
  0.379438    -0.027471
  0.379538    -0.027480
  0.379638    -0.027488
  0.379738    -0.027497
  0.379838    -0.027506
  0.379938    -0.027515
  0.380038    -0.027523
  0.380138    -0.027532
  0.380238    -0.027541
  0.380338    -0.027550
  0.380438    -0.027559
  0.380538    -0.027568
  0.380638    -0.027577
  0.380738    -0.027586
  0.380838    -0.027595
  0.380938    -0.027604
  0.381038    -0.027613
  0.381138    -0.027622
  0.381238    -0.027632
  0.381338    -0.027641
  0.381438    -0.027650
  0.381538    -0.027660
  0.381638    -0.027669
  0.381738    -0.027678
  0.381838    -0.027688
  0.381938    -0.027697
  0.382038    -0.027707
  0.382138    -0.027716
  0.382238    -0.027726
  0.382338    -0.027736
  0.382438    -0.027745
  0.382538    -0.027755
  0.382638    -0.027765
  0.382738    -0.027774
  0.382838    -0.027784
  0.382938    -0.027794
  0.383038    -0.027804
  0.383138    -0.027814
  0.383238    -0.027824
  0.383338    -0.027834
  0.383438    -0.027844
  0.383538    -0.027854
  0.383638    -0.027864
  0.383738    -0.027874
  0.383838    -0.027884
  0.383938    -0.027894
  0.384038    -0.027905
  0.384138    -0.027915
  0.384238    -0.027925
  0.384338    -0.027936
  0.384438    -0.027946
  0.384538    -0.027956
  0.384638    -0.027967
  0.384738    -0.027977
  0.384838    -0.027988
  0.384938    -0.027998
  0.385039    -0.028009
  0.385139    -0.028020
  0.385239    -0.028030
  0.385339    -0.028041
  0.385439    -0.028052
  0.385539    -0.028063
  0.385639    -0.028073
  0.385739    -0.028084
  0.385839    -0.028095
  0.385939    -0.028106
  0.386039    -0.028117
  0.386139    -0.028128
  0.386239    -0.028139
  0.386339    -0.028150
  0.386439    -0.028161
  0.386539    -0.028172
  0.386639    -0.028184
  0.386739    -0.028195
  0.386839    -0.028206
  0.386939    -0.028217
  0.387039    -0.028229
  0.387139    -0.028240
  0.387239    -0.028251
  0.387339    -0.028263
  0.387439    -0.028274
  0.387539    -0.028286
  0.387639    -0.028297
  0.387739    -0.028309
  0.387839    -0.028320
  0.387939    -0.028332
  0.388039    -0.028344
  0.388139    -0.028355
  0.388239    -0.028367
  0.388339    -0.028379
  0.388439    -0.028391
  0.388539    -0.028403
  0.388639    -0.028415
  0.388739    -0.028426
  0.388839    -0.028438
  0.388939    -0.028450
  0.389039    -0.028462
  0.389139    -0.028475
  0.389239    -0.028487
  0.389339    -0.028499
  0.389439    -0.028511
  0.389539    -0.028523
  0.389639    -0.028535
  0.389739    -0.028548
  0.389839    -0.028560
  0.389939    -0.028572
  0.390039    -0.028585
  0.390139    -0.028597
  0.390239    -0.028610
  0.390339    -0.028622
  0.390439    -0.028635
  0.390539    -0.028647
  0.390639    -0.028660
  0.390739    -0.028673
  0.390839    -0.028685
  0.390939    -0.028698
  0.391039    -0.028711
  0.391139    -0.028724
  0.391239    -0.028736
  0.391339    -0.028749
  0.391439    -0.028762
  0.391539    -0.028775
  0.391639    -0.028788
  0.391739    -0.028801
  0.391839    -0.028814
  0.391939    -0.028827
  0.392039    -0.028840
  0.392139    -0.028853
  0.392239    -0.028867
  0.392339    -0.028880
  0.392439    -0.028893
  0.392539    -0.028906
  0.392639    -0.028920
  0.392739    -0.028933
  0.392839    -0.028947
  0.392939    -0.028960
  0.393039    -0.028974
  0.393139    -0.028987
  0.393239    -0.029001
  0.393339    -0.029014
  0.393439    -0.029028
  0.393539    -0.029041
  0.393639    -0.029055
  0.393739    -0.029069
  0.393839    -0.029083
  0.393939    -0.029096
  0.394039    -0.029110
  0.394139    -0.029124
  0.394239    -0.029138
  0.394339    -0.029152
  0.394439    -0.029166
  0.394539    -0.029180
  0.394639    -0.029194
  0.394739    -0.029208
  0.394839    -0.029222
  0.394939    -0.029236
  0.395040    -0.029251
  0.395140    -0.029265
  0.395240    -0.029279
  0.395340    -0.029293
  0.395440    -0.029308
  0.395540    -0.029322
  0.395640    -0.029337
  0.395740    -0.029351
  0.395840    -0.029365
  0.395940    -0.029380
  0.396040    -0.029395
  0.396140    -0.029409
  0.396240    -0.029424
  0.396340    -0.029438
  0.396440    -0.029453
  0.396540    -0.029468
  0.396640    -0.029483
  0.396740    -0.029497
  0.396840    -0.029512
  0.396940    -0.029527
  0.397040    -0.029542
  0.397140    -0.029557
  0.397240    -0.029572
  0.397340    -0.029587
  0.397440    -0.029602
  0.397540    -0.029617
  0.397640    -0.029632
  0.397740    -0.029648
  0.397840    -0.029663
  0.397940    -0.029678
  0.398040    -0.029693
  0.398140    -0.029709
  0.398240    -0.029724
  0.398340    -0.029739
  0.398440    -0.029755
  0.398540    -0.029770
  0.398640    -0.029786
  0.398740    -0.029801
  0.398840    -0.029817
  0.398940    -0.029832
  0.399040    -0.029848
  0.399140    -0.029864
  0.399240    -0.029879
  0.399340    -0.029895
  0.399440    -0.029911
  0.399540    -0.029927
  0.399640    -0.029943
  0.399740    -0.029959
  0.399840    -0.029974
  0.399940    -0.029990
  0.400040    -0.030006
  0.400140    -0.030022
  0.400240    -0.030038
  0.400340    -0.030054
  0.400440    -0.030070
  0.400540    -0.030086
  0.400640    -0.030102
  0.400740    -0.030117
  0.400840    -0.030133
  0.400940    -0.030149
  0.401040    -0.030164
  0.401140    -0.030180
  0.401240    -0.030195
  0.401340    -0.030211
  0.401440    -0.030226
  0.401540    -0.030241
  0.401640    -0.030257
  0.401740    -0.030272
  0.401840    -0.030287
  0.401940    -0.030303
  0.402040    -0.030318
  0.402140    -0.030333
  0.402240    -0.030348
  0.402340    -0.030363
  0.402440    -0.030378
  0.402540    -0.030393
  0.402640    -0.030408
  0.402740    -0.030423
  0.402840    -0.030438
  0.402940    -0.030452
  0.403040    -0.030467
  0.403140    -0.030482
  0.403240    -0.030496
  0.403340    -0.030511
  0.403440    -0.030526
  0.403540    -0.030540
  0.403640    -0.030555
  0.403740    -0.030569
  0.403840    -0.030583
  0.403940    -0.030598
  0.404040    -0.030612
  0.404140    -0.030626
  0.404240    -0.030641
  0.404340    -0.030655
  0.404440    -0.030669
  0.404540    -0.030683
  0.404640    -0.030697
  0.404740    -0.030711
  0.404840    -0.030725
  0.404940    -0.030739
  0.405041    -0.030753
  0.405141    -0.030767
  0.405241    -0.030781
  0.405341    -0.030795
  0.405441    -0.030808
  0.405541    -0.030822
  0.405641    -0.030836
  0.405741    -0.030849
  0.405841    -0.030863
  0.405941    -0.030876
  0.406041    -0.030890
  0.406141    -0.030903
  0.406241    -0.030917
  0.406341    -0.030930
  0.406441    -0.030943
  0.406541    -0.030957
  0.406641    -0.030970
  0.406741    -0.030983
  0.406841    -0.030996
  0.406941    -0.031009
  0.407041    -0.031022
  0.407141    -0.031035
  0.407241    -0.031048
  0.407341    -0.031061
  0.407441    -0.031074
  0.407541    -0.031087
  0.407641    -0.031100
  0.407741    -0.031113
  0.407841    -0.031125
  0.407941    -0.031138
  0.408041    -0.031151
  0.408141    -0.031163
  0.408241    -0.031176
  0.408341    -0.031188
  0.408441    -0.031201
  0.408541    -0.031213
  0.408641    -0.031226
  0.408741    -0.031238
  0.408841    -0.031250
  0.408941    -0.031263
  0.409041    -0.031275
  0.409141    -0.031287
  0.409241    -0.031299
  0.409341    -0.031311
  0.409441    -0.031323
  0.409541    -0.031335
  0.409641    -0.031347
  0.409741    -0.031359
  0.409841    -0.031371
  0.409941    -0.031383
  0.410041    -0.031395
  0.410141    -0.031407
  0.410241    -0.031418
  0.410341    -0.031430
  0.410441    -0.031442
  0.410541    -0.031453
  0.410641    -0.031465
  0.410741    -0.031476
  0.410841    -0.031488
  0.410941    -0.031499
  0.411041    -0.031511
  0.411141    -0.031522
  0.411241    -0.031533
  0.411341    -0.031544
  0.411441    -0.031556
  0.411541    -0.031567
  0.411641    -0.031578
  0.411741    -0.031589
  0.411841    -0.031600
  0.411941    -0.031611
  0.412041    -0.031622
  0.412141    -0.031633
  0.412241    -0.031644
  0.412341    -0.031655
  0.412441    -0.031666
  0.412541    -0.031676
  0.412641    -0.031687
  0.412741    -0.031698
  0.412841    -0.031708
  0.412941    -0.031719
  0.413041    -0.031729
  0.413141    -0.031740
  0.413241    -0.031750
  0.413341    -0.031761
  0.413441    -0.031771
  0.413541    -0.031782
  0.413641    -0.031792
  0.413741    -0.031802
  0.413841    -0.031812
  0.413941    -0.031822
  0.414041    -0.031833
  0.414141    -0.031843
  0.414241    -0.031853
  0.414341    -0.031863
  0.414441    -0.031873
  0.414541    -0.031883
  0.414641    -0.031892
  0.414741    -0.031902
  0.414841    -0.031912
  0.414941    -0.031922
  0.415042    -0.031932
  0.415142    -0.031941
  0.415242    -0.031951
  0.415342    -0.031960
  0.415442    -0.031970
  0.415542    -0.031979
  0.415642    -0.031989
  0.415742    -0.031998
  0.415842    -0.032008
  0.415942    -0.032017
  0.416042    -0.032026
  0.416142    -0.032035
  0.416242    -0.032045
  0.416342    -0.032054
  0.416442    -0.032063
  0.416542    -0.032072
  0.416642    -0.032081
  0.416742    -0.032090
  0.416842    -0.032099
  0.416942    -0.032108
  0.417042    -0.032117
  0.417142    -0.032126
  0.417242    -0.032134
  0.417342    -0.032143
  0.417442    -0.032152
  0.417542    -0.032160
  0.417642    -0.032169
  0.417742    -0.032178
  0.417842    -0.032186
  0.417942    -0.032195
  0.418042    -0.032203
  0.418142    -0.032212
  0.418242    -0.032220
  0.418342    -0.032228
  0.418442    -0.032236
  0.418542    -0.032245
  0.418642    -0.032253
  0.418742    -0.032261
  0.418842    -0.032269
  0.418942    -0.032277
  0.419042    -0.032285
  0.419142    -0.032293
  0.419242    -0.032301
  0.419342    -0.032309
  0.419442    -0.032317
  0.419542    -0.032325
  0.419642    -0.032333
  0.419742    -0.032340
  0.419842    -0.032348
  0.419942    -0.032356
  0.420042    -0.032363
  0.420142    -0.032371
  0.420242    -0.032378
  0.420342    -0.032386
  0.420442    -0.032393
  0.420542    -0.032401
  0.420642    -0.032408
  0.420742    -0.032415
  0.420842    -0.032423
  0.420942    -0.032430
  0.421042    -0.032437
  0.421142    -0.032444
  0.421242    -0.032451
  0.421342    -0.032458
  0.421442    -0.032465
  0.421542    -0.032472
  0.421642    -0.032479
  0.421742    -0.032486
  0.421842    -0.032493
  0.421942    -0.032500
  0.422042    -0.032506
  0.422142    -0.032513
  0.422242    -0.032520
  0.422342    -0.032526
  0.422442    -0.032533
  0.422542    -0.032540
  0.422642    -0.032546
  0.422742    -0.032553
  0.422842    -0.032559
  0.422942    -0.032565
  0.423042    -0.032572
  0.423142    -0.032578
  0.423242    -0.032584
  0.423342    -0.032591
  0.423442    -0.032597
  0.423542    -0.032603
  0.423642    -0.032609
  0.423742    -0.032615
  0.423842    -0.032621
  0.423942    -0.032627
  0.424042    -0.032633
  0.424142    -0.032639
  0.424242    -0.032645
  0.424342    -0.032650
  0.424442    -0.032656
  0.424542    -0.032662
  0.424642    -0.032668
  0.424742    -0.032673
  0.424842    -0.032679
  0.424942    -0.032684
  0.425043    -0.032690
  0.425143    -0.032695
  0.425243    -0.032701
  0.425343    -0.032706
  0.425443    -0.032711
  0.425543    -0.032717
  0.425643    -0.032722
  0.425743    -0.032727
  0.425843    -0.032732
  0.425943    -0.032737
  0.426043    -0.032743
  0.426143    -0.032748
  0.426243    -0.032753
  0.426343    -0.032758
  0.426443    -0.032762
  0.426543    -0.032767
  0.426643    -0.032772
  0.426743    -0.032777
  0.426843    -0.032782
  0.426943    -0.032786
  0.427043    -0.032791
  0.427143    -0.032796
  0.427243    -0.032800
  0.427343    -0.032805
  0.427443    -0.032809
  0.427543    -0.032814
  0.427643    -0.032818
  0.427743    -0.032823
  0.427843    -0.032827
  0.427943    -0.032831
  0.428043    -0.032835
  0.428143    -0.032840
  0.428243    -0.032844
  0.428343    -0.032848
  0.428443    -0.032852
  0.428543    -0.032856
  0.428643    -0.032860
  0.428743    -0.032864
  0.428843    -0.032868
  0.428943    -0.032872
  0.429043    -0.032876
  0.429143    -0.032879
  0.429243    -0.032883
  0.429343    -0.032887
  0.429443    -0.032890
  0.429543    -0.032894
  0.429643    -0.032898
  0.429743    -0.032901
  0.429843    -0.032905
  0.429943    -0.032908
  0.430043    -0.032911
  0.430143    -0.032915
  0.430243    -0.032918
  0.430343    -0.032921
  0.430443    -0.032925
  0.430543    -0.032928
  0.430643    -0.032931
  0.430743    -0.032934
  0.430843    -0.032937
  0.430943    -0.032940
  0.431043    -0.032943
  0.431143    -0.032946
  0.431243    -0.032949
  0.431343    -0.032952
  0.431443    -0.032955
  0.431543    -0.032957
  0.431643    -0.032960
  0.431743    -0.032963
  0.431843    -0.032966
  0.431943    -0.032968
  0.432043    -0.032971
  0.432143    -0.032973
  0.432243    -0.032976
  0.432343    -0.032978
  0.432443    -0.032981
  0.432543    -0.032983
  0.432643    -0.032985
  0.432743    -0.032987
  0.432843    -0.032990
  0.432943    -0.032992
  0.433043    -0.032994
  0.433143    -0.032996
  0.433243    -0.032998
  0.433343    -0.033000
  0.433443    -0.033002
  0.433543    -0.033004
  0.433643    -0.033006
  0.433743    -0.033008
  0.433843    -0.033010
  0.433943    -0.033011
  0.434043    -0.033013
  0.434143    -0.033015
  0.434243    -0.033016
  0.434343    -0.033018
  0.434443    -0.033020
  0.434543    -0.033021
  0.434643    -0.033023
  0.434743    -0.033024
  0.434843    -0.033025
  0.434943    -0.033027
  0.435044    -0.033028
  0.435144    -0.033029
  0.435244    -0.033031
  0.435344    -0.033032
  0.435444    -0.033033
  0.435544    -0.033034
  0.435644    -0.033035
  0.435744    -0.033036
  0.435844    -0.033037
  0.435944    -0.033038
  0.436044    -0.033039
  0.436144    -0.033040
  0.436244    -0.033040
  0.436344    -0.033041
  0.436444    -0.033042
  0.436544    -0.033043
  0.436644    -0.033043
  0.436744    -0.033044
  0.436844    -0.033044
  0.436944    -0.033045
  0.437044    -0.033045
  0.437144    -0.033046
  0.437244    -0.033046
  0.437344    -0.033046
  0.437444    -0.033047
  0.437544    -0.033047
  0.437644    -0.033047
  0.437744    -0.033047
  0.437844    -0.033047
  0.437944    -0.033048
  0.438044    -0.033048
  0.438144    -0.033048
  0.438244    -0.033048
  0.438344    -0.033047
  0.438444    -0.033047
  0.438544    -0.033047
  0.438644    -0.033047
  0.438744    -0.033047
  0.438844    -0.033046
  0.438944    -0.033046
  0.439044    -0.033046
  0.439144    -0.033045
  0.439244    -0.033045
  0.439344    -0.033044
  0.439444    -0.033044
  0.439544    -0.033043
  0.439644    -0.033043
  0.439744    -0.033042
  0.439844    -0.033041
  0.439944    -0.033040
  0.440044    -0.033040
  0.440144    -0.033039
  0.440244    -0.033038
  0.440344    -0.033037
  0.440444    -0.033036
  0.440544    -0.033035
  0.440644    -0.033034
  0.440744    -0.033033
  0.440844    -0.033032
  0.440944    -0.033031
  0.441044    -0.033029
  0.441144    -0.033028
  0.441244    -0.033027
  0.441344    -0.033025
  0.441444    -0.033024
  0.441544    -0.033023
  0.441644    -0.033021
  0.441744    -0.033020
  0.441844    -0.033018
  0.441944    -0.033017
  0.442044    -0.033015
  0.442144    -0.033013
  0.442244    -0.033011
  0.442344    -0.033010
  0.442444    -0.033008
  0.442544    -0.033006
  0.442644    -0.033004
  0.442744    -0.033002
  0.442844    -0.033000
  0.442944    -0.032998
  0.443044    -0.032996
  0.443144    -0.032994
  0.443244    -0.032992
  0.443344    -0.032990
  0.443444    -0.032988
  0.443544    -0.032985
  0.443644    -0.032983
  0.443744    -0.032981
  0.443844    -0.032978
  0.443944    -0.032976
  0.444044    -0.032973
  0.444144    -0.032971
  0.444244    -0.032968
  0.444344    -0.032966
  0.444444    -0.032963
  0.444544    -0.032960
  0.444644    -0.032958
  0.444744    -0.032955
  0.444844    -0.032952
  0.444944    -0.032949
  0.445045    -0.032946
  0.445145    -0.032943
  0.445245    -0.032940
  0.445345    -0.032937
  0.445445    -0.032934
  0.445545    -0.032931
  0.445645    -0.032928
  0.445745    -0.032925
  0.445845    -0.032922
  0.445945    -0.032918
  0.446045    -0.032915
  0.446145    -0.032912
  0.446245    -0.032908
  0.446345    -0.032905
  0.446445    -0.032901
  0.446545    -0.032898
  0.446645    -0.032894
  0.446745    -0.032891
  0.446845    -0.032887
  0.446945    -0.032883
  0.447045    -0.032879
  0.447145    -0.032876
  0.447245    -0.032872
  0.447345    -0.032868
  0.447445    -0.032864
  0.447545    -0.032860
  0.447645    -0.032856
  0.447745    -0.032852
  0.447845    -0.032848
  0.447945    -0.032844
  0.448045    -0.032840
  0.448145    -0.032836
  0.448245    -0.032831
  0.448345    -0.032827
  0.448445    -0.032823
  0.448545    -0.032818
  0.448645    -0.032814
  0.448745    -0.032809
  0.448845    -0.032805
  0.448945    -0.032800
  0.449045    -0.032796
  0.449145    -0.032791
  0.449245    -0.032787
  0.449345    -0.032782
  0.449445    -0.032777
  0.449545    -0.032772
  0.449645    -0.032767
  0.449745    -0.032763
  0.449845    -0.032758
  0.449945    -0.032753
  0.450045    -0.032748
  0.450145    -0.032743
  0.450245    -0.032738
  0.450345    -0.032732
  0.450445    -0.032727
  0.450545    -0.032722
  0.450645    -0.032717
  0.450745    -0.032712
  0.450845    -0.032706
  0.450945    -0.032701
  0.451045    -0.032695
  0.451145    -0.032690
  0.451245    -0.032684
  0.451345    -0.032679
  0.451445    -0.032673
  0.451545    -0.032668
  0.451645    -0.032662
  0.451745    -0.032656
  0.451845    -0.032651
  0.451945    -0.032645
  0.452045    -0.032639
  0.452145    -0.032633
  0.452245    -0.032627
  0.452345    -0.032621
  0.452445    -0.032615
  0.452545    -0.032609
  0.452645    -0.032603
  0.452745    -0.032597
  0.452845    -0.032591
  0.452945    -0.032585
  0.453045    -0.032578
  0.453145    -0.032572
  0.453245    -0.032566
  0.453345    -0.032559
  0.453445    -0.032553
  0.453545    -0.032546
  0.453645    -0.032540
  0.453745    -0.032533
  0.453845    -0.032527
  0.453945    -0.032520
  0.454045    -0.032513
  0.454145    -0.032507
  0.454245    -0.032500
  0.454345    -0.032493
  0.454445    -0.032486
  0.454545    -0.032479
  0.454645    -0.032472
  0.454745    -0.032465
  0.454845    -0.032458
  0.454945    -0.032451
  0.455046    -0.032444
  0.455146    -0.032437
  0.455246    -0.032430
  0.455346    -0.032423
  0.455446    -0.032415
  0.455546    -0.032408
  0.455646    -0.032401
  0.455746    -0.032393
  0.455846    -0.032386
  0.455946    -0.032378
  0.456046    -0.032371
  0.456146    -0.032363
  0.456246    -0.032356
  0.456346    -0.032348
  0.456446    -0.032340
  0.456546    -0.032333
  0.456646    -0.032325
  0.456746    -0.032317
  0.456846    -0.032309
  0.456946    -0.032301
  0.457046    -0.032293
  0.457146    -0.032285
  0.457246    -0.032277
  0.457346    -0.032269
  0.457446    -0.032261
  0.457546    -0.032253
  0.457646    -0.032245
  0.457746    -0.032237
  0.457846    -0.032228
  0.457946    -0.032220
  0.458046    -0.032212
  0.458146    -0.032203
  0.458246    -0.032195
  0.458346    -0.032186
  0.458446    -0.032178
  0.458546    -0.032169
  0.458646    -0.032161
  0.458746    -0.032152
  0.458846    -0.032143
  0.458946    -0.032135
  0.459046    -0.032126
  0.459146    -0.032117
  0.459246    -0.032108
  0.459346    -0.032099
  0.459446    -0.032090
  0.459546    -0.032081
  0.459646    -0.032072
  0.459746    -0.032063
  0.459846    -0.032054
  0.459946    -0.032045
  0.460046    -0.032036
  0.460146    -0.032027
  0.460246    -0.032017
  0.460346    -0.032008
  0.460446    -0.031999
  0.460546    -0.031989
  0.460646    -0.031980
  0.460746    -0.031970
  0.460846    -0.031961
  0.460946    -0.031951
  0.461046    -0.031941
  0.461146    -0.031932
  0.461246    -0.031922
  0.461346    -0.031912
  0.461446    -0.031903
  0.461546    -0.031893
  0.461646    -0.031883
  0.461746    -0.031873
  0.461846    -0.031863
  0.461946    -0.031853
  0.462046    -0.031843
  0.462146    -0.031833
  0.462246    -0.031823
  0.462346    -0.031813
  0.462446    -0.031802
  0.462546    -0.031792
  0.462646    -0.031782
  0.462746    -0.031772
  0.462846    -0.031761
  0.462946    -0.031751
  0.463046    -0.031740
  0.463146    -0.031730
  0.463246    -0.031719
  0.463346    -0.031709
  0.463446    -0.031698
  0.463546    -0.031687
  0.463646    -0.031677
  0.463746    -0.031666
  0.463846    -0.031655
  0.463946    -0.031644
  0.464046    -0.031633
  0.464146    -0.031622
  0.464246    -0.031611
  0.464346    -0.031600
  0.464446    -0.031589
  0.464546    -0.031578
  0.464646    -0.031567
  0.464746    -0.031556
  0.464846    -0.031545
  0.464946    -0.031534
  0.465047    -0.031522
  0.465147    -0.031511
  0.465247    -0.031500
  0.465347    -0.031488
  0.465447    -0.031477
  0.465547    -0.031465
  0.465647    -0.031454
  0.465747    -0.031442
  0.465847    -0.031430
  0.465947    -0.031419
  0.466047    -0.031407
  0.466147    -0.031395
  0.466247    -0.031383
  0.466347    -0.031372
  0.466447    -0.031360
  0.466547    -0.031348
  0.466647    -0.031336
  0.466747    -0.031324
  0.466847    -0.031312
  0.466947    -0.031300
  0.467047    -0.031287
  0.467147    -0.031275
  0.467247    -0.031263
  0.467347    -0.031251
  0.467447    -0.031238
  0.467547    -0.031226
  0.467647    -0.031214
  0.467747    -0.031201
  0.467847    -0.031189
  0.467947    -0.031176
  0.468047    -0.031164
  0.468147    -0.031151
  0.468247    -0.031138
  0.468347    -0.031126
  0.468447    -0.031113
  0.468547    -0.031100
  0.468647    -0.031087
  0.468747    -0.031075
  0.468847    -0.031062
  0.468947    -0.031049
  0.469047    -0.031036
  0.469147    -0.031023
  0.469247    -0.031010
  0.469347    -0.030997
  0.469447    -0.030983
  0.469547    -0.030970
  0.469647    -0.030957
  0.469747    -0.030944
  0.469847    -0.030930
  0.469947    -0.030917
  0.470047    -0.030904
  0.470147    -0.030890
  0.470247    -0.030877
  0.470347    -0.030863
  0.470447    -0.030850
  0.470547    -0.030836
  0.470647    -0.030822
  0.470747    -0.030809
  0.470847    -0.030795
  0.470947    -0.030781
  0.471047    -0.030767
  0.471147    -0.030754
  0.471247    -0.030740
  0.471347    -0.030726
  0.471447    -0.030712
  0.471547    -0.030698
  0.471647    -0.030684
  0.471747    -0.030669
  0.471847    -0.030655
  0.471947    -0.030641
  0.472047    -0.030627
  0.472147    -0.030613
  0.472247    -0.030598
  0.472347    -0.030584
  0.472447    -0.030569
  0.472547    -0.030555
  0.472647    -0.030541
  0.472747    -0.030526
  0.472847    -0.030511
  0.472947    -0.030497
  0.473047    -0.030482
  0.473147    -0.030467
  0.473247    -0.030453
  0.473347    -0.030438
  0.473447    -0.030423
  0.473547    -0.030408
  0.473647    -0.030393
  0.473747    -0.030378
  0.473847    -0.030363
  0.473947    -0.030348
  0.474047    -0.030333
  0.474147    -0.030318
  0.474247    -0.030303
  0.474347    -0.030288
  0.474447    -0.030273
  0.474547    -0.030257
  0.474647    -0.030242
  0.474747    -0.030227
  0.474847    -0.030211
  0.474947    -0.030196
  0.475048    -0.030180
  0.475148    -0.030165
  0.475248    -0.030149
  0.475348    -0.030133
  0.475448    -0.030118
  0.475548    -0.030102
  0.475648    -0.030086
  0.475748    -0.030070
  0.475848    -0.030055
  0.475948    -0.030039
  0.476048    -0.030023
  0.476148    -0.030007
  0.476248    -0.029991
  0.476348    -0.029975
  0.476448    -0.029959
  0.476548    -0.029943
  0.476648    -0.029926
  0.476748    -0.029910
  0.476848    -0.029894
  0.476948    -0.029878
  0.477048    -0.029861
  0.477148    -0.029845
  0.477248    -0.029828
  0.477348    -0.029812
  0.477448    -0.029796
  0.477548    -0.029779
  0.477648    -0.029762
  0.477748    -0.029746
  0.477848    -0.029729
  0.477948    -0.029712
  0.478048    -0.029696
  0.478148    -0.029679
  0.478248    -0.029662
  0.478348    -0.029645
  0.478448    -0.029628
  0.478548    -0.029611
  0.478648    -0.029594
  0.478748    -0.029577
  0.478848    -0.029560
  0.478948    -0.029543
  0.479048    -0.029526
  0.479148    -0.029508
  0.479248    -0.029491
  0.479348    -0.029474
  0.479448    -0.029457
  0.479548    -0.029439
  0.479648    -0.029422
  0.479748    -0.029404
  0.479848    -0.029387
  0.479948    -0.029369
  0.480048    -0.029352
  0.480148    -0.029334
  0.480248    -0.029316
  0.480348    -0.029298
  0.480448    -0.029281
  0.480548    -0.029263
  0.480648    -0.029245
  0.480748    -0.029227
  0.480848    -0.029209
  0.480948    -0.029191
  0.481048    -0.029173
  0.481148    -0.029155
  0.481248    -0.029137
  0.481348    -0.029119
  0.481448    -0.029101
  0.481548    -0.029082
  0.481648    -0.029064
  0.481748    -0.029046
  0.481848    -0.029028
  0.481948    -0.029009
  0.482048    -0.028991
  0.482148    -0.028972
  0.482248    -0.028954
  0.482348    -0.028935
  0.482448    -0.028917
  0.482548    -0.028898
  0.482648    -0.028879
  0.482748    -0.028860
  0.482848    -0.028842
  0.482948    -0.028823
  0.483048    -0.028804
  0.483148    -0.028785
  0.483248    -0.028766
  0.483348    -0.028747
  0.483448    -0.028728
  0.483548    -0.028709
  0.483648    -0.028690
  0.483748    -0.028671
  0.483848    -0.028652
  0.483948    -0.028632
  0.484048    -0.028613
  0.484148    -0.028594
  0.484248    -0.028574
  0.484348    -0.028555
  0.484448    -0.028536
  0.484548    -0.028516
  0.484648    -0.028496
  0.484748    -0.028477
  0.484848    -0.028457
  0.484948    -0.028438
  0.485049    -0.028418
  0.485149    -0.028398
  0.485249    -0.028378
  0.485349    -0.028359
  0.485449    -0.028339
  0.485549    -0.028319
  0.485649    -0.028299
  0.485749    -0.028279
  0.485849    -0.028259
  0.485949    -0.028239
  0.486049    -0.028219
  0.486149    -0.028198
  0.486249    -0.028178
  0.486349    -0.028158
  0.486449    -0.028138
  0.486549    -0.028117
  0.486649    -0.028097
  0.486749    -0.028077
  0.486849    -0.028056
  0.486949    -0.028036
  0.487049    -0.028015
  0.487149    -0.027995
  0.487249    -0.027974
  0.487349    -0.027953
  0.487449    -0.027933
  0.487549    -0.027912
  0.487649    -0.027891
  0.487749    -0.027870
  0.487849    -0.027849
  0.487949    -0.027828
  0.488049    -0.027807
  0.488149    -0.027786
  0.488249    -0.027765
  0.488349    -0.027744
  0.488449    -0.027723
  0.488549    -0.027702
  0.488649    -0.027681
  0.488749    -0.027659
  0.488849    -0.027638
  0.488949    -0.027617
  0.489049    -0.027595
  0.489149    -0.027574
  0.489249    -0.027553
  0.489349    -0.027531
  0.489449    -0.027509
  0.489549    -0.027488
  0.489649    -0.027466
  0.489749    -0.027445
  0.489849    -0.027423
  0.489949    -0.027401
  0.490049    -0.027379
  0.490149    -0.027357
  0.490249    -0.027336
  0.490349    -0.027314
  0.490449    -0.027292
  0.490549    -0.027270
  0.490649    -0.027248
  0.490749    -0.027226
  0.490849    -0.027203
  0.490949    -0.027181
  0.491049    -0.027159
  0.491149    -0.027137
  0.491249    -0.027114
  0.491349    -0.027092
  0.491449    -0.027070
  0.491549    -0.027047
  0.491649    -0.027025
  0.491749    -0.027002
  0.491849    -0.026980
  0.491949    -0.026957
  0.492049    -0.026934
  0.492149    -0.026912
  0.492249    -0.026889
  0.492349    -0.026866
  0.492449    -0.026843
  0.492549    -0.026821
  0.492649    -0.026798
  0.492749    -0.026775
  0.492849    -0.026752
  0.492949    -0.026729
  0.493049    -0.026706
  0.493149    -0.026683
  0.493249    -0.026659
  0.493349    -0.026636
  0.493449    -0.026613
  0.493549    -0.026590
  0.493649    -0.026566
  0.493749    -0.026543
  0.493849    -0.026520
  0.493949    -0.026496
  0.494049    -0.026473
  0.494149    -0.026449
  0.494249    -0.026426
  0.494349    -0.026402
  0.494449    -0.026378
  0.494549    -0.026355
  0.494649    -0.026331
  0.494749    -0.026307
  0.494849    -0.026283
  0.494949    -0.026260
  0.495050    -0.026236
  0.495150    -0.026212
  0.495250    -0.026188
  0.495350    -0.026164
  0.495450    -0.026140
  0.495550    -0.026116
  0.495650    -0.026091
  0.495750    -0.026067
  0.495850    -0.026043
  0.495950    -0.026019
  0.496050    -0.025994
  0.496150    -0.025970
  0.496250    -0.025946
  0.496350    -0.025921
  0.496450    -0.025897
  0.496550    -0.025872
  0.496650    -0.025848
  0.496750    -0.025823
  0.496850    -0.025798
  0.496950    -0.025774
  0.497050    -0.025749
  0.497150    -0.025724
  0.497250    -0.025699
  0.497350    -0.025674
  0.497450    -0.025649
  0.497550    -0.025624
  0.497650    -0.025599
  0.497750    -0.025574
  0.497850    -0.025549
  0.497950    -0.025524
  0.498050    -0.025499
  0.498150    -0.025474
  0.498250    -0.025449
  0.498350    -0.025423
  0.498450    -0.025398
  0.498550    -0.025373
  0.498650    -0.025347
  0.498750    -0.025322
  0.498850    -0.025296
  0.498950    -0.025271
  0.499050    -0.025245
  0.499150    -0.025220
  0.499250    -0.025194
  0.499350    -0.025168
  0.499450    -0.025142
  0.499550    -0.025117
  0.499650    -0.025091
  0.499750    -0.025065
  0.499850    -0.025039
  0.499950    -0.025013
  0.500050    -0.024987
  0.500150    -0.024961
  0.500250    -0.024935
  0.500350    -0.024909
  0.500450    -0.024883
  0.500550    -0.024858
  0.500650    -0.024832
  0.500750    -0.024806
  0.500850    -0.024780
  0.500950    -0.024755
  0.501050    -0.024729
  0.501150    -0.024704
  0.501250    -0.024678
  0.501350    -0.024653
  0.501450    -0.024627
  0.501550    -0.024602
  0.501650    -0.024577
  0.501750    -0.024551
  0.501850    -0.024526
  0.501950    -0.024501
  0.502050    -0.024476
  0.502150    -0.024451
  0.502250    -0.024426
  0.502350    -0.024401
  0.502450    -0.024376
  0.502550    -0.024351
  0.502650    -0.024326
  0.502750    -0.024301
  0.502850    -0.024276
  0.502950    -0.024251
  0.503050    -0.024226
  0.503150    -0.024202
  0.503250    -0.024177
  0.503350    -0.024152
  0.503450    -0.024128
  0.503550    -0.024103
  0.503650    -0.024079
  0.503750    -0.024054
  0.503850    -0.024030
  0.503950    -0.024006
  0.504050    -0.023981
  0.504150    -0.023957
  0.504250    -0.023933
  0.504350    -0.023909
  0.504450    -0.023884
  0.504550    -0.023860
  0.504650    -0.023836
  0.504750    -0.023812
  0.504850    -0.023788
  0.504950    -0.023764
  0.505051    -0.023740
  0.505151    -0.023717
  0.505251    -0.023693
  0.505351    -0.023669
  0.505451    -0.023645
  0.505551    -0.023622
  0.505651    -0.023598
  0.505751    -0.023574
  0.505851    -0.023551
  0.505951    -0.023527
  0.506051    -0.023504
  0.506151    -0.023480
  0.506251    -0.023457
  0.506351    -0.023434
  0.506451    -0.023410
  0.506551    -0.023387
  0.506651    -0.023364
  0.506751    -0.023341
  0.506851    -0.023317
  0.506951    -0.023294
  0.507051    -0.023271
  0.507151    -0.023248
  0.507251    -0.023225
  0.507351    -0.023202
  0.507451    -0.023179
  0.507551    -0.023157
  0.507651    -0.023134
  0.507751    -0.023111
  0.507851    -0.023088
  0.507951    -0.023066
  0.508051    -0.023043
  0.508151    -0.023020
  0.508251    -0.022998
  0.508351    -0.022975
  0.508451    -0.022953
  0.508551    -0.022930
  0.508651    -0.022908
  0.508751    -0.022886
  0.508851    -0.022863
  0.508951    -0.022841
  0.509051    -0.022819
  0.509151    -0.022797
  0.509251    -0.022774
  0.509351    -0.022752
  0.509451    -0.022730
  0.509551    -0.022708
  0.509651    -0.022686
  0.509751    -0.022664
  0.509851    -0.022643
  0.509951    -0.022621
  0.510051    -0.022599
  0.510151    -0.022577
  0.510251    -0.022555
  0.510351    -0.022534
  0.510451    -0.022512
  0.510551    -0.022491
  0.510651    -0.022469
  0.510751    -0.022447
  0.510851    -0.022426
  0.510951    -0.022405
  0.511051    -0.022383
  0.511151    -0.022362
  0.511251    -0.022341
  0.511351    -0.022319
  0.511451    -0.022298
  0.511551    -0.022277
  0.511651    -0.022256
  0.511751    -0.022235
  0.511851    -0.022214
  0.511951    -0.022193
  0.512051    -0.022172
  0.512151    -0.022151
  0.512251    -0.022130
  0.512351    -0.022109
  0.512451    -0.022088
  0.512551    -0.022067
  0.512651    -0.022047
  0.512751    -0.022026
  0.512851    -0.022005
  0.512951    -0.021985
  0.513051    -0.021964
  0.513151    -0.021944
  0.513251    -0.021923
  0.513351    -0.021903
  0.513451    -0.021883
  0.513551    -0.021862
  0.513651    -0.021842
  0.513751    -0.021822
  0.513851    -0.021802
  0.513951    -0.021781
  0.514051    -0.021761
  0.514151    -0.021741
  0.514251    -0.021721
  0.514351    -0.021701
  0.514451    -0.021681
  0.514551    -0.021661
  0.514651    -0.021641
  0.514751    -0.021622
  0.514851    -0.021602
  0.514951    -0.021582
  0.515052    -0.021562
  0.515152    -0.021543
  0.515252    -0.021523
  0.515352    -0.021504
  0.515452    -0.021484
  0.515552    -0.021464
  0.515652    -0.021445
  0.515752    -0.021426
  0.515852    -0.021406
  0.515952    -0.021387
  0.516052    -0.021368
  0.516152    -0.021348
  0.516252    -0.021329
  0.516352    -0.021310
  0.516452    -0.021291
  0.516552    -0.021272
  0.516652    -0.021253
  0.516752    -0.021234
  0.516852    -0.021215
  0.516952    -0.021196
  0.517052    -0.021177
  0.517152    -0.021158
  0.517252    -0.021140
  0.517352    -0.021121
  0.517452    -0.021102
  0.517552    -0.021083
  0.517652    -0.021065
  0.517752    -0.021046
  0.517852    -0.021028
  0.517952    -0.021009
  0.518052    -0.020991
  0.518152    -0.020972
  0.518252    -0.020954
  0.518352    -0.020936
  0.518452    -0.020918
  0.518552    -0.020899
  0.518652    -0.020881
  0.518752    -0.020863
  0.518852    -0.020845
  0.518952    -0.020827
  0.519052    -0.020809
  0.519152    -0.020791
  0.519252    -0.020773
  0.519352    -0.020755
  0.519452    -0.020737
  0.519552    -0.020719
  0.519652    -0.020702
  0.519752    -0.020684
  0.519852    -0.020666
  0.519952    -0.020648
  0.520052    -0.020631
  0.520152    -0.020613
  0.520252    -0.020596
  0.520352    -0.020578
  0.520452    -0.020561
  0.520552    -0.020543
  0.520652    -0.020526
  0.520752    -0.020509
  0.520852    -0.020492
  0.520952    -0.020474
  0.521052    -0.020457
  0.521152    -0.020440
  0.521252    -0.020423
  0.521352    -0.020406
  0.521452    -0.020389
  0.521552    -0.020372
  0.521652    -0.020355
  0.521752    -0.020338
  0.521852    -0.020321
  0.521952    -0.020304
  0.522052    -0.020288
  0.522152    -0.020271
  0.522252    -0.020254
  0.522352    -0.020238
  0.522452    -0.020221
  0.522552    -0.020204
  0.522652    -0.020188
  0.522752    -0.020172
  0.522852    -0.020155
  0.522952    -0.020139
  0.523052    -0.020122
  0.523152    -0.020106
  0.523252    -0.020090
  0.523352    -0.020074
  0.523452    -0.020057
  0.523552    -0.020041
  0.523652    -0.020025
  0.523752    -0.020009
  0.523852    -0.019993
  0.523952    -0.019977
  0.524052    -0.019961
  0.524152    -0.019945
  0.524252    -0.019930
  0.524352    -0.019914
  0.524452    -0.019898
  0.524552    -0.019882
  0.524652    -0.019867
  0.524752    -0.019851
  0.524852    -0.019835
  0.524952    -0.019820
  0.525053    -0.019804
  0.525153    -0.019789
  0.525253    -0.019773
  0.525353    -0.019758
  0.525453    -0.019743
  0.525553    -0.019727
  0.525653    -0.019712
  0.525753    -0.019697
  0.525853    -0.019682
  0.525953    -0.019667
  0.526053    -0.019652
  0.526153    -0.019637
  0.526253    -0.019622
  0.526353    -0.019607
  0.526453    -0.019592
  0.526553    -0.019577
  0.526653    -0.019562
  0.526753    -0.019547
  0.526853    -0.019533
  0.526953    -0.019518
  0.527053    -0.019503
  0.527153    -0.019489
  0.527253    -0.019474
  0.527353    -0.019459
  0.527453    -0.019445
  0.527553    -0.019431
  0.527653    -0.019416
  0.527753    -0.019402
  0.527853    -0.019387
  0.527953    -0.019373
  0.528053    -0.019359
  0.528153    -0.019345
  0.528253    -0.019331
  0.528353    -0.019316
  0.528453    -0.019302
  0.528553    -0.019288
  0.528653    -0.019274
  0.528753    -0.019260
  0.528853    -0.019246
  0.528953    -0.019233
  0.529053    -0.019219
  0.529153    -0.019205
  0.529253    -0.019191
  0.529353    -0.019178
  0.529453    -0.019164
  0.529553    -0.019150
  0.529653    -0.019137
  0.529753    -0.019123
  0.529853    -0.019110
  0.529953    -0.019096
  0.530053    -0.019083
  0.530153    -0.019070
  0.530253    -0.019056
  0.530353    -0.019043
  0.530453    -0.019030
  0.530553    -0.019017
  0.530653    -0.019003
  0.530753    -0.018990
  0.530853    -0.018977
  0.530953    -0.018964
  0.531053    -0.018951
  0.531153    -0.018938
  0.531253    -0.018925
  0.531353    -0.018913
  0.531453    -0.018900
  0.531553    -0.018887
  0.531653    -0.018874
  0.531753    -0.018862
  0.531853    -0.018849
  0.531953    -0.018836
  0.532053    -0.018824
  0.532153    -0.018811
  0.532253    -0.018799
  0.532353    -0.018786
  0.532453    -0.018774
  0.532553    -0.018762
  0.532653    -0.018749
  0.532753    -0.018737
  0.532853    -0.018725
  0.532953    -0.018713
  0.533053    -0.018700
  0.533153    -0.018688
  0.533253    -0.018676
  0.533353    -0.018664
  0.533453    -0.018652
  0.533553    -0.018640
  0.533653    -0.018628
  0.533753    -0.018617
  0.533853    -0.018605
  0.533953    -0.018593
  0.534053    -0.018581
  0.534153    -0.018570
  0.534253    -0.018558
  0.534353    -0.018546
  0.534453    -0.018535
  0.534553    -0.018523
  0.534653    -0.018512
  0.534753    -0.018500
  0.534853    -0.018489
  0.534953    -0.018478
  0.535054    -0.018466
  0.535154    -0.018455
  0.535254    -0.018444
  0.535354    -0.018433
  0.535454    -0.018422
  0.535554    -0.018411
  0.535654    -0.018400
  0.535754    -0.018389
  0.535854    -0.018378
  0.535954    -0.018367
  0.536054    -0.018356
  0.536154    -0.018345
  0.536254    -0.018334
  0.536354    -0.018323
  0.536454    -0.018313
  0.536554    -0.018302
  0.536654    -0.018291
  0.536754    -0.018281
  0.536854    -0.018270
  0.536954    -0.018260
  0.537054    -0.018249
  0.537154    -0.018239
  0.537254    -0.018228
  0.537354    -0.018218
  0.537454    -0.018208
  0.537554    -0.018198
  0.537654    -0.018187
  0.537754    -0.018177
  0.537854    -0.018167
  0.537954    -0.018157
  0.538054    -0.018147
  0.538154    -0.018137
  0.538254    -0.018127
  0.538354    -0.018117
  0.538454    -0.018107
  0.538554    -0.018097
  0.538654    -0.018088
  0.538754    -0.018078
  0.538854    -0.018068
  0.538954    -0.018059
  0.539054    -0.018049
  0.539154    -0.018039
  0.539254    -0.018030
  0.539354    -0.018020
  0.539454    -0.018011
  0.539554    -0.018001
  0.539654    -0.017992
  0.539754    -0.017983
  0.539854    -0.017973
  0.539954    -0.017964
  0.540054    -0.017955
  0.540154    -0.017946
  0.540254    -0.017937
  0.540354    -0.017928
  0.540454    -0.017919
  0.540554    -0.017910
  0.540654    -0.017901
  0.540754    -0.017892
  0.540854    -0.017883
  0.540954    -0.017874
  0.541054    -0.017865
  0.541154    -0.017857
  0.541254    -0.017848
  0.541354    -0.017839
  0.541454    -0.017831
  0.541554    -0.017822
  0.541654    -0.017814
  0.541754    -0.017805
  0.541854    -0.017797
  0.541954    -0.017788
  0.542054    -0.017780
  0.542154    -0.017772
  0.542254    -0.017763
  0.542354    -0.017755
  0.542454    -0.017747
  0.542554    -0.017739
  0.542654    -0.017731
  0.542754    -0.017723
  0.542854    -0.017715
  0.542954    -0.017707
  0.543054    -0.017699
  0.543154    -0.017691
  0.543254    -0.017683
  0.543354    -0.017675
  0.543454    -0.017667
  0.543554    -0.017660
  0.543654    -0.017652
  0.543754    -0.017644
  0.543854    -0.017637
  0.543954    -0.017629
  0.544054    -0.017622
  0.544154    -0.017614
  0.544254    -0.017607
  0.544354    -0.017599
  0.544454    -0.017592
  0.544554    -0.017585
  0.544654    -0.017577
  0.544754    -0.017570
  0.544854    -0.017563
  0.544954    -0.017556
  0.545055    -0.017549
  0.545155    -0.017542
  0.545255    -0.017535
  0.545355    -0.017528
  0.545455    -0.017521
  0.545555    -0.017514
  0.545655    -0.017507
  0.545755    -0.017500
  0.545855    -0.017493
  0.545955    -0.017487
  0.546055    -0.017480
  0.546155    -0.017473
  0.546255    -0.017467
  0.546355    -0.017460
  0.546455    -0.017454
  0.546555    -0.017447
  0.546655    -0.017441
  0.546755    -0.017434
  0.546855    -0.017428
  0.546955    -0.017422
  0.547055    -0.017415
  0.547155    -0.017409
  0.547255    -0.017403
  0.547355    -0.017397
  0.547455    -0.017391
  0.547555    -0.017385
  0.547655    -0.017379
  0.547755    -0.017373
  0.547855    -0.017367
  0.547955    -0.017361
  0.548055    -0.017355
  0.548155    -0.017349
  0.548255    -0.017344
  0.548355    -0.017338
  0.548455    -0.017332
  0.548555    -0.017327
  0.548655    -0.017321
  0.548755    -0.017316
  0.548855    -0.017310
  0.548955    -0.017305
  0.549055    -0.017299
  0.549155    -0.017294
  0.549255    -0.017288
  0.549355    -0.017283
  0.549455    -0.017278
  0.549555    -0.017273
  0.549655    -0.017268
  0.549755    -0.017262
  0.549855    -0.017257
  0.549955    -0.017252
  0.550055    -0.017247
  0.550155    -0.017242
  0.550255    -0.017237
  0.550355    -0.017233
  0.550455    -0.017228
  0.550555    -0.017223
  0.550655    -0.017218
  0.550755    -0.017213
  0.550855    -0.017209
  0.550955    -0.017204
  0.551055    -0.017200
  0.551155    -0.017195
  0.551255    -0.017191
  0.551355    -0.017186
  0.551455    -0.017182
  0.551555    -0.017177
  0.551655    -0.017173
  0.551755    -0.017169
  0.551855    -0.017164
  0.551955    -0.017160
  0.552055    -0.017156
  0.552155    -0.017152
  0.552255    -0.017148
  0.552355    -0.017144
  0.552455    -0.017140
  0.552555    -0.017136
  0.552655    -0.017132
  0.552755    -0.017128
  0.552855    -0.017124
  0.552955    -0.017121
  0.553055    -0.017117
  0.553155    -0.017113
  0.553255    -0.017109
  0.553355    -0.017106
  0.553455    -0.017102
  0.553555    -0.017099
  0.553655    -0.017095
  0.553755    -0.017092
  0.553855    -0.017088
  0.553955    -0.017085
  0.554055    -0.017082
  0.554155    -0.017078
  0.554255    -0.017075
  0.554355    -0.017072
  0.554455    -0.017069
  0.554555    -0.017066
  0.554655    -0.017063
  0.554755    -0.017060
  0.554855    -0.017057
  0.554955    -0.017054
  0.555056    -0.017051
  0.555156    -0.017048
  0.555256    -0.017045
  0.555356    -0.017042
  0.555456    -0.017040
  0.555556    -0.017037
  0.555656    -0.017034
  0.555756    -0.017032
  0.555856    -0.017029
  0.555956    -0.017027
  0.556056    -0.017024
  0.556156    -0.017022
  0.556256    -0.017019
  0.556356    -0.017017
  0.556456    -0.017015
  0.556556    -0.017012
  0.556656    -0.017010
  0.556756    -0.017008
  0.556856    -0.017006
  0.556956    -0.017004
  0.557056    -0.017002
  0.557156    -0.017000
  0.557256    -0.016998
  0.557356    -0.016996
  0.557456    -0.016994
  0.557556    -0.016992
  0.557656    -0.016990
  0.557756    -0.016989
  0.557856    -0.016987
  0.557956    -0.016985
  0.558056    -0.016983
  0.558156    -0.016982
  0.558256    -0.016980
  0.558356    -0.016979
  0.558456    -0.016977
  0.558556    -0.016976
  0.558656    -0.016975
  0.558756    -0.016973
  0.558856    -0.016972
  0.558956    -0.016971
  0.559056    -0.016969
  0.559156    -0.016968
  0.559256    -0.016967
  0.559356    -0.016966
  0.559456    -0.016965
  0.559556    -0.016964
  0.559656    -0.016963
  0.559756    -0.016962
  0.559856    -0.016961
  0.559956    -0.016960
  0.560056    -0.016960
  0.560156    -0.016959
  0.560256    -0.016958
  0.560356    -0.016957
  0.560456    -0.016957
  0.560556    -0.016956
  0.560656    -0.016956
  0.560756    -0.016955
  0.560856    -0.016955
  0.560956    -0.016954
  0.561056    -0.016954
  0.561156    -0.016954
  0.561256    -0.016953
  0.561356    -0.016953
  0.561456    -0.016953
  0.561556    -0.016953
  0.561656    -0.016953
  0.561756    -0.016952
  0.561856    -0.016952
  0.561956    -0.016952
  0.562056    -0.016952
  0.562156    -0.016953
  0.562256    -0.016953
  0.562356    -0.016953
  0.562456    -0.016953
  0.562556    -0.016953
  0.562656    -0.016954
  0.562756    -0.016954
  0.562856    -0.016954
  0.562956    -0.016955
  0.563056    -0.016955
  0.563156    -0.016956
  0.563256    -0.016956
  0.563356    -0.016957
  0.563456    -0.016957
  0.563556    -0.016958
  0.563656    -0.016959
  0.563756    -0.016960
  0.563856    -0.016960
  0.563956    -0.016961
  0.564056    -0.016962
  0.564156    -0.016963
  0.564256    -0.016964
  0.564356    -0.016965
  0.564456    -0.016966
  0.564556    -0.016967
  0.564656    -0.016968
  0.564756    -0.016969
  0.564856    -0.016971
  0.564956    -0.016972
  0.565057    -0.016973
  0.565157    -0.016975
  0.565257    -0.016976
  0.565357    -0.016977
  0.565457    -0.016979
  0.565557    -0.016980
  0.565657    -0.016982
  0.565757    -0.016984
  0.565857    -0.016985
  0.565957    -0.016987
  0.566057    -0.016989
  0.566157    -0.016990
  0.566257    -0.016992
  0.566357    -0.016994
  0.566457    -0.016996
  0.566557    -0.016998
  0.566657    -0.017000
  0.566757    -0.017002
  0.566857    -0.017004
  0.566957    -0.017006
  0.567057    -0.017008
  0.567157    -0.017010
  0.567257    -0.017013
  0.567357    -0.017015
  0.567457    -0.017017
  0.567557    -0.017019
  0.567657    -0.017022
  0.567757    -0.017024
  0.567857    -0.017027
  0.567957    -0.017029
  0.568057    -0.017032
  0.568157    -0.017034
  0.568257    -0.017037
  0.568357    -0.017040
  0.568457    -0.017043
  0.568557    -0.017045
  0.568657    -0.017048
  0.568757    -0.017051
  0.568857    -0.017054
  0.568957    -0.017057
  0.569057    -0.017060
  0.569157    -0.017063
  0.569257    -0.017066
  0.569357    -0.017069
  0.569457    -0.017072
  0.569557    -0.017075
  0.569657    -0.017079
  0.569757    -0.017082
  0.569857    -0.017085
  0.569957    -0.017089
  0.570057    -0.017092
  0.570157    -0.017095
  0.570257    -0.017099
  0.570357    -0.017102
  0.570457    -0.017106
  0.570557    -0.017110
  0.570657    -0.017113
  0.570757    -0.017117
  0.570857    -0.017121
  0.570957    -0.017124
  0.571057    -0.017128
  0.571157    -0.017132
  0.571257    -0.017136
  0.571357    -0.017140
  0.571457    -0.017144
  0.571557    -0.017148
  0.571657    -0.017152
  0.571757    -0.017156
  0.571857    -0.017160
  0.571957    -0.017165
  0.572057    -0.017169
  0.572157    -0.017173
  0.572257    -0.017177
  0.572357    -0.017182
  0.572457    -0.017186
  0.572557    -0.017191
  0.572657    -0.017195
  0.572757    -0.017200
  0.572857    -0.017204
  0.572957    -0.017209
  0.573057    -0.017214
  0.573157    -0.017218
  0.573257    -0.017223
  0.573357    -0.017228
  0.573457    -0.017233
  0.573557    -0.017238
  0.573657    -0.017242
  0.573757    -0.017247
  0.573857    -0.017252
  0.573957    -0.017257
  0.574057    -0.017263
  0.574157    -0.017268
  0.574257    -0.017273
  0.574357    -0.017278
  0.574457    -0.017283
  0.574557    -0.017289
  0.574657    -0.017294
  0.574757    -0.017299
  0.574857    -0.017305
  0.574957    -0.017310
  0.575058    -0.017316
  0.575158    -0.017321
  0.575258    -0.017327
  0.575358    -0.017332
  0.575458    -0.017338
  0.575558    -0.017344
  0.575658    -0.017350
  0.575758    -0.017355
  0.575858    -0.017361
  0.575958    -0.017367
  0.576058    -0.017373
  0.576158    -0.017379
  0.576258    -0.017385
  0.576358    -0.017391
  0.576458    -0.017397
  0.576558    -0.017403
  0.576658    -0.017409
  0.576758    -0.017416
  0.576858    -0.017422
  0.576958    -0.017428
  0.577058    -0.017435
  0.577158    -0.017441
  0.577258    -0.017447
  0.577358    -0.017454
  0.577458    -0.017460
  0.577558    -0.017467
  0.577658    -0.017474
  0.577758    -0.017480
  0.577858    -0.017487
  0.577958    -0.017494
  0.578058    -0.017500
  0.578158    -0.017507
  0.578258    -0.017514
  0.578358    -0.017521
  0.578458    -0.017528
  0.578558    -0.017535
  0.578658    -0.017542
  0.578758    -0.017549
  0.578858    -0.017556
  0.578958    -0.017563
  0.579058    -0.017570
  0.579158    -0.017577
  0.579258    -0.017585
  0.579358    -0.017592
  0.579458    -0.017599
  0.579558    -0.017607
  0.579658    -0.017614
  0.579758    -0.017622
  0.579858    -0.017629
  0.579958    -0.017637
  0.580058    -0.017644
  0.580158    -0.017652
  0.580258    -0.017660
  0.580358    -0.017667
  0.580458    -0.017675
  0.580558    -0.017683
  0.580658    -0.017691
  0.580758    -0.017699
  0.580858    -0.017707
  0.580958    -0.017715
  0.581058    -0.017723
  0.581158    -0.017731
  0.581258    -0.017739
  0.581358    -0.017747
  0.581458    -0.017755
  0.581558    -0.017764
  0.581658    -0.017772
  0.581758    -0.017780
  0.581858    -0.017788
  0.581958    -0.017797
  0.582058    -0.017805
  0.582158    -0.017814
  0.582258    -0.017822
  0.582358    -0.017831
  0.582458    -0.017840
  0.582558    -0.017848
  0.582658    -0.017857
  0.582758    -0.017866
  0.582858    -0.017874
  0.582958    -0.017883
  0.583058    -0.017892
  0.583158    -0.017901
  0.583258    -0.017910
  0.583358    -0.017919
  0.583458    -0.017928
  0.583558    -0.017937
  0.583658    -0.017946
  0.583758    -0.017955
  0.583858    -0.017964
  0.583958    -0.017974
  0.584058    -0.017983
  0.584158    -0.017992
  0.584258    -0.018002
  0.584358    -0.018011
  0.584458    -0.018021
  0.584558    -0.018030
  0.584658    -0.018040
  0.584758    -0.018049
  0.584858    -0.018059
  0.584958    -0.018068
  0.585059    -0.018078
  0.585159    -0.018088
  0.585259    -0.018098
  0.585359    -0.018108
  0.585459    -0.018117
  0.585559    -0.018127
  0.585659    -0.018137
  0.585759    -0.018147
  0.585859    -0.018157
  0.585959    -0.018167
  0.586059    -0.018178
  0.586159    -0.018188
  0.586259    -0.018198
  0.586359    -0.018208
  0.586459    -0.018218
  0.586559    -0.018229
  0.586659    -0.018239
  0.586759    -0.018250
  0.586859    -0.018260
  0.586959    -0.018271
  0.587059    -0.018281
  0.587159    -0.018292
  0.587259    -0.018302
  0.587359    -0.018313
  0.587459    -0.018324
  0.587559    -0.018334
  0.587659    -0.018345
  0.587759    -0.018356
  0.587859    -0.018367
  0.587959    -0.018378
  0.588059    -0.018389
  0.588159    -0.018400
  0.588259    -0.018411
  0.588359    -0.018422
  0.588459    -0.018433
  0.588559    -0.018444
  0.588659    -0.018456
  0.588759    -0.018467
  0.588859    -0.018478
  0.588959    -0.018489
  0.589059    -0.018501
  0.589159    -0.018512
  0.589259    -0.018524
  0.589359    -0.018535
  0.589459    -0.018547
  0.589559    -0.018558
  0.589659    -0.018570
  0.589759    -0.018582
  0.589859    -0.018593
  0.589959    -0.018605
  0.590059    -0.018617
  0.590159    -0.018629
  0.590259    -0.018641
  0.590359    -0.018653
  0.590459    -0.018665
  0.590559    -0.018677
  0.590659    -0.018689
  0.590759    -0.018701
  0.590859    -0.018713
  0.590959    -0.018725
  0.591059    -0.018737
  0.591159    -0.018750
  0.591259    -0.018762
  0.591359    -0.018774
  0.591459    -0.018787
  0.591559    -0.018799
  0.591659    -0.018812
  0.591759    -0.018824
  0.591859    -0.018837
  0.591959    -0.018849
  0.592059    -0.018862
  0.592159    -0.018875
  0.592259    -0.018887
  0.592359    -0.018900
  0.592459    -0.018913
  0.592559    -0.018926
  0.592659    -0.018939
  0.592759    -0.018952
  0.592859    -0.018965
  0.592959    -0.018978
  0.593059    -0.018991
  0.593159    -0.019004
  0.593259    -0.019017
  0.593359    -0.019030
  0.593459    -0.019043
  0.593559    -0.019057
  0.593659    -0.019070
  0.593759    -0.019083
  0.593859    -0.019097
  0.593959    -0.019110
  0.594059    -0.019124
  0.594159    -0.019137
  0.594259    -0.019151
  0.594359    -0.019164
  0.594459    -0.019178
  0.594559    -0.019192
  0.594659    -0.019205
  0.594759    -0.019219
  0.594859    -0.019233
  0.594959    -0.019247
  0.595060    -0.019261
  0.595160    -0.019275
  0.595260    -0.019289
  0.595360    -0.019303
  0.595460    -0.019317
  0.595560    -0.019331
  0.595660    -0.019345
  0.595760    -0.019359
  0.595860    -0.019374
  0.595960    -0.019388
  0.596060    -0.019402
  0.596160    -0.019417
  0.596260    -0.019431
  0.596360    -0.019445
  0.596460    -0.019460
  0.596560    -0.019474
  0.596660    -0.019489
  0.596760    -0.019504
  0.596860    -0.019518
  0.596960    -0.019533
  0.597060    -0.019548
  0.597160    -0.019562
  0.597260    -0.019577
  0.597360    -0.019592
  0.597460    -0.019607
  0.597560    -0.019622
  0.597660    -0.019637
  0.597760    -0.019652
  0.597860    -0.019667
  0.597960    -0.019682
  0.598060    -0.019697
  0.598160    -0.019713
  0.598260    -0.019728
  0.598360    -0.019743
  0.598460    -0.019759
  0.598560    -0.019774
  0.598660    -0.019789
  0.598760    -0.019805
  0.598860    -0.019820
  0.598960    -0.019836
  0.599060    -0.019851
  0.599160    -0.019867
  0.599260    -0.019883
  0.599360    -0.019898
  0.599460    -0.019914
  0.599560    -0.019930
  0.599660    -0.019946
  0.599760    -0.019962
  0.599860    -0.019978
  0.599960    -0.019994
  0.600060    -0.020010
  0.600160    -0.020026
  0.600260    -0.020041
  0.600360    -0.020057
  0.600460    -0.020073
  0.600560    -0.020089
  0.600660    -0.020105
  0.600760    -0.020120
  0.600860    -0.020136
  0.600960    -0.020152
  0.601060    -0.020167
  0.601160    -0.020183
  0.601260    -0.020198
  0.601360    -0.020214
  0.601460    -0.020229
  0.601560    -0.020244
  0.601660    -0.020260
  0.601760    -0.020275
  0.601860    -0.020290
  0.601960    -0.020305
  0.602060    -0.020320
  0.602160    -0.020335
  0.602260    -0.020350
  0.602360    -0.020365
  0.602460    -0.020380
  0.602560    -0.020395
  0.602660    -0.020410
  0.602760    -0.020425
  0.602860    -0.020440
  0.602960    -0.020454
  0.603060    -0.020469
  0.603160    -0.020484
  0.603260    -0.020498
  0.603360    -0.020513
  0.603460    -0.020527
  0.603560    -0.020542
  0.603660    -0.020556
  0.603760    -0.020571
  0.603860    -0.020585
  0.603960    -0.020599
  0.604060    -0.020613
  0.604160    -0.020628
  0.604260    -0.020642
  0.604360    -0.020656
  0.604460    -0.020670
  0.604560    -0.020684
  0.604660    -0.020698
  0.604760    -0.020712
  0.604860    -0.020726
  0.604960    -0.020740
  0.605061    -0.020753
  0.605161    -0.020767
  0.605261    -0.020781
  0.605361    -0.020794
  0.605461    -0.020808
  0.605561    -0.020822
  0.605661    -0.020835
  0.605761    -0.020849
  0.605861    -0.020862
  0.605961    -0.020876
  0.606061    -0.020889
  0.606161    -0.020902
  0.606261    -0.020915
  0.606361    -0.020929
  0.606461    -0.020942
  0.606561    -0.020955
  0.606661    -0.020968
  0.606761    -0.020981
  0.606861    -0.020994
  0.606961    -0.021007
  0.607061    -0.021020
  0.607161    -0.021033
  0.607261    -0.021046
  0.607361    -0.021059
  0.607461    -0.021071
  0.607561    -0.021084
  0.607661    -0.021097
  0.607761    -0.021109
  0.607861    -0.021122
  0.607961    -0.021134
  0.608061    -0.021147
  0.608161    -0.021159
  0.608261    -0.021172
  0.608361    -0.021184
  0.608461    -0.021196
  0.608561    -0.021208
  0.608661    -0.021221
  0.608761    -0.021233
  0.608861    -0.021245
  0.608961    -0.021257
  0.609061    -0.021269
  0.609161    -0.021281
  0.609261    -0.021293
  0.609361    -0.021305
  0.609461    -0.021317
  0.609561    -0.021329
  0.609661    -0.021340
  0.609761    -0.021352
  0.609861    -0.021364
  0.609961    -0.021375
  0.610061    -0.021387
  0.610161    -0.021399
  0.610261    -0.021410
  0.610361    -0.021422
  0.610461    -0.021433
  0.610561    -0.021444
  0.610661    -0.021456
  0.610761    -0.021467
  0.610861    -0.021478
  0.610961    -0.021489
  0.611061    -0.021501
  0.611161    -0.021512
  0.611261    -0.021523
  0.611361    -0.021534
  0.611461    -0.021545
  0.611561    -0.021556
  0.611661    -0.021567
  0.611761    -0.021577
  0.611861    -0.021588
  0.611961    -0.021599
  0.612061    -0.021610
  0.612161    -0.021620
  0.612261    -0.021631
  0.612361    -0.021642
  0.612461    -0.021652
  0.612561    -0.021663
  0.612661    -0.021673
  0.612761    -0.021684
  0.612861    -0.021694
  0.612961    -0.021704
  0.613061    -0.021714
  0.613161    -0.021725
  0.613261    -0.021735
  0.613361    -0.021745
  0.613461    -0.021755
  0.613561    -0.021765
  0.613661    -0.021775
  0.613761    -0.021785
  0.613861    -0.021795
  0.613961    -0.021805
  0.614061    -0.021815
  0.614161    -0.021825
  0.614261    -0.021834
  0.614361    -0.021844
  0.614461    -0.021854
  0.614561    -0.021863
  0.614661    -0.021873
  0.614761    -0.021882
  0.614861    -0.021892
  0.614961    -0.021901
  0.615062    -0.021911
  0.615162    -0.021920
  0.615262    -0.021929
  0.615362    -0.021939
  0.615462    -0.021948
  0.615562    -0.021957
  0.615662    -0.021966
  0.615762    -0.021975
  0.615862    -0.021984
  0.615962    -0.021993
  0.616062    -0.022002
  0.616162    -0.022011
  0.616262    -0.022020
  0.616362    -0.022029
  0.616462    -0.022038
  0.616562    -0.022046
  0.616662    -0.022055
  0.616762    -0.022064
  0.616862    -0.022072
  0.616962    -0.022081
  0.617062    -0.022089
  0.617162    -0.022098
  0.617262    -0.022106
  0.617362    -0.022115
  0.617462    -0.022123
  0.617562    -0.022131
  0.617662    -0.022140
  0.617762    -0.022148
  0.617862    -0.022156
  0.617962    -0.022164
  0.618062    -0.022172
  0.618162    -0.022180
  0.618262    -0.022188
  0.618362    -0.022196
  0.618462    -0.022204
  0.618562    -0.022212
  0.618662    -0.022220
  0.618762    -0.022227
  0.618862    -0.022235
  0.618962    -0.022243
  0.619062    -0.022251
  0.619162    -0.022258
  0.619262    -0.022266
  0.619362    -0.022273
  0.619462    -0.022281
  0.619562    -0.022288
  0.619662    -0.022295
  0.619762    -0.022303
  0.619862    -0.022310
  0.619962    -0.022317
  0.620062    -0.022324
  0.620162    -0.022332
  0.620262    -0.022339
  0.620362    -0.022346
  0.620462    -0.022353
  0.620562    -0.022360
  0.620662    -0.022367
  0.620762    -0.022374
  0.620862    -0.022380
  0.620962    -0.022387
  0.621062    -0.022394
  0.621162    -0.022401
  0.621262    -0.022407
  0.621362    -0.022414
  0.621462    -0.022421
  0.621562    -0.022427
  0.621662    -0.022434
  0.621762    -0.022440
  0.621862    -0.022446
  0.621962    -0.022453
  0.622062    -0.022459
  0.622162    -0.022465
  0.622262    -0.022472
  0.622362    -0.022478
  0.622462    -0.022484
  0.622562    -0.022490
  0.622662    -0.022496
  0.622762    -0.022502
  0.622862    -0.022508
  0.622962    -0.022514
  0.623062    -0.022520
  0.623162    -0.022526
  0.623262    -0.022531
  0.623362    -0.022537
  0.623462    -0.022543
  0.623562    -0.022549
  0.623662    -0.022554
  0.623762    -0.022560
  0.623862    -0.022565
  0.623962    -0.022571
  0.624062    -0.022576
  0.624162    -0.022582
  0.624262    -0.022587
  0.624362    -0.022592
  0.624462    -0.022597
  0.624562    -0.022603
  0.624662    -0.022608
  0.624762    -0.022613
  0.624862    -0.022618
  0.624962    -0.022623
  0.625063    -0.022628
  0.625163    -0.022633
  0.625263    -0.022638
  0.625363    -0.022643
  0.625463    -0.022648
  0.625563    -0.022652
  0.625663    -0.022657
  0.625763    -0.022662
  0.625863    -0.022666
  0.625963    -0.022671
  0.626063    -0.022676
  0.626163    -0.022680
  0.626263    -0.022685
  0.626363    -0.022689
  0.626463    -0.022693
  0.626563    -0.022698
  0.626663    -0.022702
  0.626763    -0.022706
  0.626863    -0.022710
  0.626963    -0.022715
  0.627063    -0.022719
  0.627163    -0.022723
  0.627263    -0.022727
  0.627363    -0.022731
  0.627463    -0.022735
  0.627563    -0.022739
  0.627663    -0.022743
  0.627763    -0.022746
  0.627863    -0.022750
  0.627963    -0.022754
  0.628063    -0.022757
  0.628163    -0.022761
  0.628263    -0.022765
  0.628363    -0.022768
  0.628463    -0.022772
  0.628563    -0.022775
  0.628663    -0.022779
  0.628763    -0.022782
  0.628863    -0.022785
  0.628963    -0.022789
  0.629063    -0.022792
  0.629163    -0.022795
  0.629263    -0.022798
  0.629363    -0.022801
  0.629463    -0.022804
  0.629563    -0.022807
  0.629663    -0.022810
  0.629763    -0.022813
  0.629863    -0.022816
  0.629963    -0.022819
  0.630063    -0.022822
  0.630163    -0.022825
  0.630263    -0.022827
  0.630363    -0.022830
  0.630463    -0.022832
  0.630563    -0.022835
  0.630663    -0.022838
  0.630763    -0.022840
  0.630863    -0.022843
  0.630963    -0.022845
  0.631063    -0.022847
  0.631163    -0.022850
  0.631263    -0.022852
  0.631363    -0.022854
  0.631463    -0.022856
  0.631563    -0.022858
  0.631663    -0.022860
  0.631763    -0.022863
  0.631863    -0.022865
  0.631963    -0.022866
  0.632063    -0.022868
  0.632163    -0.022870
  0.632263    -0.022872
  0.632363    -0.022874
  0.632463    -0.022876
  0.632563    -0.022877
  0.632663    -0.022879
  0.632763    -0.022881
  0.632863    -0.022882
  0.632963    -0.022884
  0.633063    -0.022885
  0.633163    -0.022887
  0.633263    -0.022888
  0.633363    -0.022889
  0.633463    -0.022891
  0.633563    -0.022892
  0.633663    -0.022893
  0.633763    -0.022894
  0.633863    -0.022895
  0.633963    -0.022896
  0.634063    -0.022897
  0.634163    -0.022898
  0.634263    -0.022899
  0.634363    -0.022900
  0.634463    -0.022901
  0.634563    -0.022902
  0.634663    -0.022903
  0.634763    -0.022903
  0.634863    -0.022904
  0.634963    -0.022905
  0.635064    -0.022905
  0.635164    -0.022906
  0.635264    -0.022906
  0.635364    -0.022907
  0.635464    -0.022907
  0.635564    -0.022908
  0.635664    -0.022908
  0.635764    -0.022908
  0.635864    -0.022909
  0.635964    -0.022909
  0.636064    -0.022909
  0.636164    -0.022909
  0.636264    -0.022909
  0.636364    -0.022909
  0.636464    -0.022909
  0.636564    -0.022909
  0.636664    -0.022909
  0.636764    -0.022909
  0.636864    -0.022909
  0.636964    -0.022908
  0.637064    -0.022908
  0.637164    -0.022908
  0.637264    -0.022907
  0.637364    -0.022907
  0.637464    -0.022906
  0.637564    -0.022906
  0.637664    -0.022905
  0.637764    -0.022905
  0.637864    -0.022904
  0.637964    -0.022903
  0.638064    -0.022903
  0.638164    -0.022902
  0.638264    -0.022901
  0.638364    -0.022900
  0.638464    -0.022899
  0.638564    -0.022898
  0.638664    -0.022897
  0.638764    -0.022896
  0.638864    -0.022895
  0.638964    -0.022894
  0.639064    -0.022893
  0.639164    -0.022892
  0.639264    -0.022891
  0.639364    -0.022889
  0.639464    -0.022888
  0.639564    -0.022887
  0.639664    -0.022885
  0.639764    -0.022884
  0.639864    -0.022882
  0.639964    -0.022881
  0.640064    -0.022879
  0.640164    -0.022877
  0.640264    -0.022876
  0.640364    -0.022874
  0.640464    -0.022872
  0.640564    -0.022870
  0.640664    -0.022868
  0.640764    -0.022866
  0.640864    -0.022865
  0.640964    -0.022863
  0.641064    -0.022860
  0.641164    -0.022858
  0.641264    -0.022856
  0.641364    -0.022854
  0.641464    -0.022852
  0.641564    -0.022850
  0.641664    -0.022847
  0.641764    -0.022845
  0.641864    -0.022843
  0.641964    -0.022840
  0.642064    -0.022838
  0.642164    -0.022835
  0.642264    -0.022832
  0.642364    -0.022830
  0.642464    -0.022827
  0.642564    -0.022825
  0.642664    -0.022822
  0.642764    -0.022819
  0.642864    -0.022816
  0.642964    -0.022813
  0.643064    -0.022810
  0.643164    -0.022807
  0.643264    -0.022804
  0.643364    -0.022801
  0.643464    -0.022798
  0.643564    -0.022795
  0.643664    -0.022792
  0.643764    -0.022789
  0.643864    -0.022785
  0.643964    -0.022782
  0.644064    -0.022779
  0.644164    -0.022775
  0.644264    -0.022772
  0.644364    -0.022768
  0.644464    -0.022765
  0.644564    -0.022761
  0.644664    -0.022757
  0.644764    -0.022754
  0.644864    -0.022750
  0.644964    -0.022746
  0.645065    -0.022743
  0.645165    -0.022739
  0.645265    -0.022735
  0.645365    -0.022731
  0.645465    -0.022727
  0.645565    -0.022723
  0.645665    -0.022719
  0.645765    -0.022715
  0.645865    -0.022710
  0.645965    -0.022706
  0.646065    -0.022702
  0.646165    -0.022698
  0.646265    -0.022693
  0.646365    -0.022689
  0.646465    -0.022685
  0.646565    -0.022680
  0.646665    -0.022676
  0.646765    -0.022671
  0.646865    -0.022666
  0.646965    -0.022662
  0.647065    -0.022657
  0.647165    -0.022652
  0.647265    -0.022648
  0.647365    -0.022643
  0.647465    -0.022638
  0.647565    -0.022633
  0.647665    -0.022628
  0.647765    -0.022623
  0.647865    -0.022618
  0.647965    -0.022613
  0.648065    -0.022608
  0.648165    -0.022603
  0.648265    -0.022597
  0.648365    -0.022592
  0.648465    -0.022587
  0.648565    -0.022582
  0.648665    -0.022576
  0.648765    -0.022571
  0.648865    -0.022565
  0.648965    -0.022560
  0.649065    -0.022554
  0.649165    -0.022549
  0.649265    -0.022543
  0.649365    -0.022537
  0.649465    -0.022531
  0.649565    -0.022526
  0.649665    -0.022520
  0.649765    -0.022514
  0.649865    -0.022508
  0.649965    -0.022502
  0.650065    -0.022496
  0.650165    -0.022490
  0.650265    -0.022484
  0.650365    -0.022478
  0.650465    -0.022472
  0.650565    -0.022465
  0.650665    -0.022459
  0.650765    -0.022453
  0.650865    -0.022446
  0.650965    -0.022440
  0.651065    -0.022434
  0.651165    -0.022427
  0.651265    -0.022421
  0.651365    -0.022414
  0.651465    -0.022407
  0.651565    -0.022401
  0.651665    -0.022394
  0.651765    -0.022387
  0.651865    -0.022380
  0.651965    -0.022374
  0.652065    -0.022367
  0.652165    -0.022360
  0.652265    -0.022353
  0.652365    -0.022346
  0.652465    -0.022339
  0.652565    -0.022332
  0.652665    -0.022324
  0.652765    -0.022317
  0.652865    -0.022310
  0.652965    -0.022303
  0.653065    -0.022295
  0.653165    -0.022288
  0.653265    -0.022281
  0.653365    -0.022273
  0.653465    -0.022266
  0.653565    -0.022258
  0.653665    -0.022251
  0.653765    -0.022243
  0.653865    -0.022235
  0.653965    -0.022227
  0.654065    -0.022220
  0.654165    -0.022212
  0.654265    -0.022204
  0.654365    -0.022196
  0.654465    -0.022188
  0.654565    -0.022180
  0.654665    -0.022172
  0.654765    -0.022164
  0.654865    -0.022156
  0.654965    -0.022148
  0.655066    -0.022140
  0.655166    -0.022131
  0.655266    -0.022123
  0.655366    -0.022115
  0.655466    -0.022106
  0.655566    -0.022098
  0.655666    -0.022089
  0.655766    -0.022081
  0.655866    -0.022072
  0.655966    -0.022064
  0.656066    -0.022055
  0.656166    -0.022046
  0.656266    -0.022038
  0.656366    -0.022029
  0.656466    -0.022020
  0.656566    -0.022011
  0.656666    -0.022002
  0.656766    -0.021993
  0.656866    -0.021984
  0.656966    -0.021975
  0.657066    -0.021966
  0.657166    -0.021957
  0.657266    -0.021948
  0.657366    -0.021939
  0.657466    -0.021929
  0.657566    -0.021920
  0.657666    -0.021911
  0.657766    -0.021901
  0.657866    -0.021892
  0.657966    -0.021882
  0.658066    -0.021873
  0.658166    -0.021863
  0.658266    -0.021854
  0.658366    -0.021844
  0.658466    -0.021834
  0.658566    -0.021825
  0.658666    -0.021815
  0.658766    -0.021805
  0.658866    -0.021795
  0.658966    -0.021785
  0.659066    -0.021775
  0.659166    -0.021765
  0.659266    -0.021755
  0.659366    -0.021745
  0.659466    -0.021735
  0.659566    -0.021725
  0.659666    -0.021714
  0.659766    -0.021704
  0.659866    -0.021694
  0.659966    -0.021684
  0.660066    -0.021673
  0.660166    -0.021663
  0.660266    -0.021652
  0.660366    -0.021642
  0.660466    -0.021631
  0.660566    -0.021620
  0.660666    -0.021610
  0.660766    -0.021599
  0.660866    -0.021588
  0.660966    -0.021577
  0.661066    -0.021567
  0.661166    -0.021556
  0.661266    -0.021545
  0.661366    -0.021534
  0.661466    -0.021523
  0.661566    -0.021512
  0.661666    -0.021501
  0.661766    -0.021489
  0.661866    -0.021478
  0.661966    -0.021467
  0.662066    -0.021456
  0.662166    -0.021444
  0.662266    -0.021433
  0.662366    -0.021422
  0.662466    -0.021410
  0.662566    -0.021399
  0.662666    -0.021387
  0.662766    -0.021375
  0.662866    -0.021364
  0.662966    -0.021352
  0.663066    -0.021340
  0.663166    -0.021329
  0.663266    -0.021317
  0.663366    -0.021305
  0.663466    -0.021293
  0.663566    -0.021281
  0.663666    -0.021269
  0.663766    -0.021257
  0.663866    -0.021245
  0.663966    -0.021233
  0.664066    -0.021221
  0.664166    -0.021208
  0.664266    -0.021196
  0.664366    -0.021184
  0.664466    -0.021172
  0.664566    -0.021159
  0.664666    -0.021147
  0.664766    -0.021134
  0.664866    -0.021122
  0.664966    -0.021109
  0.665067    -0.021097
  0.665167    -0.021084
  0.665267    -0.021071
  0.665367    -0.021059
  0.665467    -0.021046
  0.665567    -0.021033
  0.665667    -0.021020
  0.665767    -0.021007
  0.665867    -0.020994
  0.665967    -0.020981
  0.666067    -0.020968
  0.666167    -0.020955
  0.666267    -0.020942
  0.666367    -0.020929
  0.666467    -0.020915
  0.666567    -0.020902
  0.666667    -0.020889
  0.666767    -0.020876
  0.666867    -0.020862
  0.666967    -0.020849
  0.667067    -0.020835
  0.667167    -0.020822
  0.667267    -0.020808
  0.667367    -0.020794
  0.667467    -0.020781
  0.667567    -0.020767
  0.667667    -0.020753
  0.667767    -0.020740
  0.667867    -0.020726
  0.667967    -0.020712
  0.668067    -0.020698
  0.668167    -0.020684
  0.668267    -0.020670
  0.668367    -0.020656
  0.668467    -0.020642
  0.668567    -0.020628
  0.668667    -0.020613
  0.668767    -0.020599
  0.668867    -0.020585
  0.668967    -0.020571
  0.669067    -0.020556
  0.669167    -0.020542
  0.669267    -0.020527
  0.669367    -0.020513
  0.669467    -0.020498
  0.669567    -0.020484
  0.669667    -0.020469
  0.669767    -0.020454
  0.669867    -0.020440
  0.669967    -0.020425
  0.670067    -0.020410
  0.670167    -0.020395
  0.670267    -0.020380
  0.670367    -0.020365
  0.670467    -0.020350
  0.670567    -0.020335
  0.670667    -0.020320
  0.670767    -0.020305
  0.670867    -0.020290
  0.670967    -0.020275
  0.671067    -0.020260
  0.671167    -0.020244
  0.671267    -0.020229
  0.671367    -0.020214
  0.671467    -0.020198
  0.671567    -0.020183
  0.671667    -0.020167
  0.671767    -0.020152
  0.671867    -0.020136
  0.671967    -0.020120
  0.672067    -0.020105
  0.672167    -0.020089
  0.672267    -0.020073
  0.672367    -0.020057
  0.672467    -0.020041
  0.672567    -0.020026
  0.672667    -0.020010
  0.672767    -0.019994
  0.672867    -0.019978
  0.672967    -0.019961
  0.673067    -0.019945
  0.673167    -0.019929
  0.673267    -0.019913
  0.673367    -0.019897
  0.673467    -0.019880
  0.673567    -0.019864
  0.673667    -0.019848
  0.673767    -0.019831
  0.673867    -0.019815
  0.673967    -0.019798
  0.674067    -0.019782
  0.674167    -0.019765
  0.674267    -0.019748
  0.674367    -0.019732
  0.674467    -0.019715
  0.674567    -0.019698
  0.674667    -0.019681
  0.674767    -0.019664
  0.674867    -0.019647
  0.674967    -0.019631
  0.675068    -0.019614
  0.675168    -0.019596
  0.675268    -0.019579
  0.675368    -0.019562
  0.675468    -0.019545
  0.675568    -0.019528
  0.675668    -0.019511
  0.675768    -0.019493
  0.675868    -0.019476
  0.675968    -0.019458
  0.676068    -0.019441
  0.676168    -0.019424
  0.676268    -0.019406
  0.676368    -0.019388
  0.676468    -0.019371
  0.676568    -0.019353
  0.676668    -0.019335
  0.676768    -0.019318
  0.676868    -0.019300
  0.676968    -0.019282
  0.677068    -0.019264
  0.677168    -0.019246
  0.677268    -0.019228
  0.677368    -0.019210
  0.677468    -0.019192
  0.677568    -0.019174
  0.677668    -0.019156
  0.677768    -0.019138
  0.677868    -0.019119
  0.677968    -0.019101
  0.678068    -0.019083
  0.678168    -0.019064
  0.678268    -0.019046
  0.678368    -0.019028
  0.678468    -0.019009
  0.678568    -0.018990
  0.678668    -0.018972
  0.678768    -0.018953
  0.678868    -0.018935
  0.678968    -0.018916
  0.679068    -0.018897
  0.679168    -0.018878
  0.679268    -0.018859
  0.679368    -0.018840
  0.679468    -0.018822
  0.679568    -0.018803
  0.679668    -0.018784
  0.679768    -0.018764
  0.679868    -0.018745
  0.679968    -0.018726
  0.680068    -0.018707
  0.680168    -0.018688
  0.680268    -0.018668
  0.680368    -0.018649
  0.680468    -0.018630
  0.680568    -0.018610
  0.680668    -0.018591
  0.680768    -0.018571
  0.680868    -0.018552
  0.680968    -0.018532
  0.681068    -0.018512
  0.681168    -0.018493
  0.681268    -0.018473
  0.681368    -0.018453
  0.681468    -0.018433
  0.681568    -0.018413
  0.681668    -0.018394
  0.681768    -0.018374
  0.681868    -0.018354
  0.681968    -0.018334
  0.682068    -0.018313
  0.682168    -0.018293
  0.682268    -0.018273
  0.682368    -0.018253
  0.682468    -0.018233
  0.682568    -0.018212
  0.682668    -0.018192
  0.682768    -0.018172
  0.682868    -0.018151
  0.682968    -0.018131
  0.683068    -0.018110
  0.683168    -0.018090
  0.683268    -0.018069
  0.683368    -0.018048
  0.683468    -0.018028
  0.683568    -0.018007
  0.683668    -0.017986
  0.683768    -0.017965
  0.683868    -0.017944
  0.683968    -0.017923
  0.684068    -0.017902
  0.684168    -0.017881
  0.684268    -0.017860
  0.684368    -0.017839
  0.684468    -0.017818
  0.684568    -0.017797
  0.684668    -0.017776
  0.684768    -0.017754
  0.684868    -0.017733
  0.684968    -0.017712
  0.685069    -0.017690
  0.685169    -0.017669
  0.685269    -0.017647
  0.685369    -0.017626
  0.685469    -0.017604
  0.685569    -0.017583
  0.685669    -0.017561
  0.685769    -0.017539
  0.685869    -0.017517
  0.685969    -0.017496
  0.686069    -0.017474
  0.686169    -0.017452
  0.686269    -0.017430
  0.686369    -0.017408
  0.686469    -0.017386
  0.686569    -0.017364
  0.686669    -0.017342
  0.686769    -0.017320
  0.686869    -0.017297
  0.686969    -0.017275
  0.687069    -0.017253
  0.687169    -0.017231
  0.687269    -0.017208
  0.687369    -0.017186
  0.687469    -0.017163
  0.687569    -0.017141
  0.687669    -0.017118
  0.687769    -0.017096
  0.687869    -0.017073
  0.687969    -0.017050
  0.688069    -0.017028
  0.688169    -0.017005
  0.688269    -0.016982
  0.688369    -0.016959
  0.688469    -0.016936
  0.688569    -0.016913
  0.688669    -0.016890
  0.688769    -0.016867
  0.688869    -0.016844
  0.688969    -0.016821
  0.689069    -0.016798
  0.689169    -0.016775
  0.689269    -0.016751
  0.689369    -0.016728
  0.689469    -0.016705
  0.689569    -0.016681
  0.689669    -0.016658
  0.689769    -0.016634
  0.689869    -0.016611
  0.689969    -0.016587
  0.690069    -0.016564
  0.690169    -0.016540
  0.690269    -0.016516
  0.690369    -0.016493
  0.690469    -0.016469
  0.690569    -0.016445
  0.690669    -0.016421
  0.690769    -0.016397
  0.690869    -0.016373
  0.690969    -0.016349
  0.691069    -0.016325
  0.691169    -0.016301
  0.691269    -0.016277
  0.691369    -0.016253
  0.691469    -0.016229
  0.691569    -0.016204
  0.691669    -0.016180
  0.691769    -0.016156
  0.691869    -0.016131
  0.691969    -0.016107
  0.692069    -0.016082
  0.692169    -0.016058
  0.692269    -0.016033
  0.692369    -0.016009
  0.692469    -0.015984
  0.692569    -0.015959
  0.692669    -0.015934
  0.692769    -0.015910
  0.692869    -0.015885
  0.692969    -0.015860
  0.693069    -0.015835
  0.693169    -0.015810
  0.693269    -0.015785
  0.693369    -0.015760
  0.693469    -0.015735
  0.693569    -0.015710
  0.693669    -0.015684
  0.693769    -0.015659
  0.693869    -0.015634
  0.693969    -0.015609
  0.694069    -0.015583
  0.694169    -0.015558
  0.694269    -0.015532
  0.694369    -0.015507
  0.694469    -0.015481
  0.694569    -0.015456
  0.694669    -0.015430
  0.694769    -0.015404
  0.694869    -0.015379
  0.694969    -0.015353
  0.695070    -0.015327
  0.695170    -0.015301
  0.695270    -0.015275
  0.695370    -0.015249
  0.695470    -0.015223
  0.695570    -0.015197
  0.695670    -0.015171
  0.695770    -0.015145
  0.695870    -0.015119
  0.695970    -0.015093
  0.696070    -0.015067
  0.696170    -0.015040
  0.696270    -0.015014
  0.696370    -0.014988
  0.696470    -0.014961
  0.696570    -0.014935
  0.696670    -0.014908
  0.696770    -0.014882
  0.696870    -0.014855
  0.696970    -0.014828
  0.697070    -0.014802
  0.697170    -0.014775
  0.697270    -0.014748
  0.697370    -0.014721
  0.697470    -0.014694
  0.697570    -0.014667
  0.697670    -0.014641
  0.697770    -0.014614
  0.697870    -0.014586
  0.697970    -0.014559
  0.698070    -0.014532
  0.698170    -0.014505
  0.698270    -0.014478
  0.698370    -0.014451
  0.698470    -0.014423
  0.698570    -0.014396
  0.698670    -0.014369
  0.698770    -0.014341
  0.698870    -0.014314
  0.698970    -0.014286
  0.699070    -0.014259
  0.699170    -0.014231
  0.699270    -0.014203
  0.699370    -0.014176
  0.699470    -0.014148
  0.699570    -0.014120
  0.699670    -0.014092
  0.699770    -0.014064
  0.699870    -0.014036
  0.699970    -0.014008
  0.700070    -0.013980
  0.700170    -0.013952
  0.700270    -0.013924
  0.700370    -0.013897
  0.700470    -0.013869
  0.700570    -0.013841
  0.700670    -0.013813
  0.700770    -0.013785
  0.700870    -0.013758
  0.700970    -0.013730
  0.701070    -0.013702
  0.701170    -0.013674
  0.701270    -0.013647
  0.701370    -0.013619
  0.701470    -0.013592
  0.701570    -0.013564
  0.701670    -0.013537
  0.701770    -0.013509
  0.701870    -0.013482
  0.701970    -0.013454
  0.702070    -0.013427
  0.702170    -0.013399
  0.702270    -0.013372
  0.702370    -0.013345
  0.702470    -0.013318
  0.702570    -0.013290
  0.702670    -0.013263
  0.702770    -0.013236
  0.702870    -0.013209
  0.702970    -0.013182
  0.703070    -0.013155
  0.703170    -0.013127
  0.703270    -0.013100
  0.703370    -0.013073
  0.703470    -0.013046
  0.703570    -0.013020
  0.703670    -0.012993
  0.703770    -0.012966
  0.703870    -0.012939
  0.703970    -0.012912
  0.704070    -0.012885
  0.704170    -0.012859
  0.704270    -0.012832
  0.704370    -0.012805
  0.704470    -0.012778
  0.704570    -0.012752
  0.704670    -0.012725
  0.704770    -0.012699
  0.704870    -0.012672
  0.704970    -0.012646
  0.705071    -0.012619
  0.705171    -0.012593
  0.705271    -0.012566
  0.705371    -0.012540
  0.705471    -0.012513
  0.705571    -0.012487
  0.705671    -0.012461
  0.705771    -0.012435
  0.705871    -0.012408
  0.705971    -0.012382
  0.706071    -0.012356
  0.706171    -0.012330
  0.706271    -0.012304
  0.706371    -0.012278
  0.706471    -0.012251
  0.706571    -0.012225
  0.706671    -0.012199
  0.706771    -0.012173
  0.706871    -0.012148
  0.706971    -0.012122
  0.707071    -0.012096
  0.707171    -0.012070
  0.707271    -0.012044
  0.707371    -0.012018
  0.707471    -0.011993
  0.707571    -0.011967
  0.707671    -0.011941
  0.707771    -0.011915
  0.707871    -0.011890
  0.707971    -0.011864
  0.708071    -0.011839
  0.708171    -0.011813
  0.708271    -0.011788
  0.708371    -0.011762
  0.708471    -0.011737
  0.708571    -0.011711
  0.708671    -0.011686
  0.708771    -0.011660
  0.708871    -0.011635
  0.708971    -0.011610
  0.709071    -0.011584
  0.709171    -0.011559
  0.709271    -0.011534
  0.709371    -0.011509
  0.709471    -0.011484
  0.709571    -0.011459
  0.709671    -0.011433
  0.709771    -0.011408
  0.709871    -0.011383
  0.709971    -0.011358
  0.710071    -0.011333
  0.710171    -0.011308
  0.710271    -0.011284
  0.710371    -0.011259
  0.710471    -0.011234
  0.710571    -0.011209
  0.710671    -0.011184
  0.710771    -0.011159
  0.710871    -0.011135
  0.710971    -0.011110
  0.711071    -0.011085
  0.711171    -0.011061
  0.711271    -0.011036
  0.711371    -0.011011
  0.711471    -0.010987
  0.711571    -0.010962
  0.711671    -0.010938
  0.711771    -0.010913
  0.711871    -0.010889
  0.711971    -0.010865
  0.712071    -0.010840
  0.712171    -0.010816
  0.712271    -0.010792
  0.712371    -0.010767
  0.712471    -0.010743
  0.712571    -0.010719
  0.712671    -0.010695
  0.712771    -0.010671
  0.712871    -0.010646
  0.712971    -0.010622
  0.713071    -0.010598
  0.713171    -0.010574
  0.713271    -0.010550
  0.713371    -0.010526
  0.713471    -0.010502
  0.713571    -0.010478
  0.713671    -0.010454
  0.713771    -0.010431
  0.713871    -0.010407
  0.713971    -0.010383
  0.714071    -0.010359
  0.714171    -0.010335
  0.714271    -0.010312
  0.714371    -0.010288
  0.714471    -0.010264
  0.714571    -0.010241
  0.714671    -0.010217
  0.714771    -0.010194
  0.714871    -0.010170
  0.714971    -0.010147
  0.715072    -0.010123
  0.715172    -0.010100
  0.715272    -0.010076
  0.715372    -0.010053
  0.715472    -0.010030
  0.715572    -0.010006
  0.715672    -0.009983
  0.715772    -0.009960
  0.715872    -0.009937
  0.715972    -0.009913
  0.716072    -0.009890
  0.716172    -0.009867
  0.716272    -0.009844
  0.716372    -0.009821
  0.716472    -0.009798
  0.716572    -0.009775
  0.716672    -0.009752
  0.716772    -0.009729
  0.716872    -0.009706
  0.716972    -0.009683
  0.717072    -0.009660
  0.717172    -0.009637
  0.717272    -0.009615
  0.717372    -0.009592
  0.717472    -0.009569
  0.717572    -0.009546
  0.717672    -0.009524
  0.717772    -0.009501
  0.717872    -0.009479
  0.717972    -0.009456
  0.718072    -0.009433
  0.718172    -0.009411
  0.718272    -0.009388
  0.718372    -0.009366
  0.718472    -0.009343
  0.718572    -0.009321
  0.718672    -0.009299
  0.718772    -0.009276
  0.718872    -0.009254
  0.718972    -0.009232
  0.719072    -0.009210
  0.719172    -0.009187
  0.719272    -0.009165
  0.719372    -0.009143
  0.719472    -0.009121
  0.719572    -0.009099
  0.719672    -0.009077
  0.719772    -0.009055
  0.719872    -0.009033
  0.719972    -0.009011
  0.720072    -0.008989
  0.720172    -0.008967
  0.720272    -0.008945
  0.720372    -0.008923
  0.720472    -0.008901
  0.720572    -0.008879
  0.720672    -0.008858
  0.720772    -0.008836
  0.720872    -0.008814
  0.720972    -0.008792
  0.721072    -0.008771
  0.721172    -0.008749
  0.721272    -0.008728
  0.721372    -0.008706
  0.721472    -0.008685
  0.721572    -0.008663
  0.721672    -0.008642
  0.721772    -0.008620
  0.721872    -0.008599
  0.721972    -0.008577
  0.722072    -0.008556
  0.722172    -0.008535
  0.722272    -0.008513
  0.722372    -0.008492
  0.722472    -0.008471
  0.722572    -0.008450
  0.722672    -0.008429
  0.722772    -0.008407
  0.722872    -0.008386
  0.722972    -0.008365
  0.723072    -0.008344
  0.723172    -0.008323
  0.723272    -0.008302
  0.723372    -0.008281
  0.723472    -0.008260
  0.723572    -0.008239
  0.723672    -0.008219
  0.723772    -0.008198
  0.723872    -0.008177
  0.723972    -0.008156
  0.724072    -0.008135
  0.724172    -0.008115
  0.724272    -0.008094
  0.724372    -0.008073
  0.724472    -0.008053
  0.724572    -0.008032
  0.724672    -0.008012
  0.724772    -0.007991
  0.724872    -0.007971
  0.724972    -0.007950
  0.725073    -0.007930
  0.725173    -0.007909
  0.725273    -0.007889
  0.725373    -0.007868
  0.725473    -0.007848
  0.725573    -0.007828
  0.725673    -0.007808
  0.725773    -0.007787
  0.725873    -0.007767
  0.725973    -0.007747
  0.726073    -0.007727
  0.726173    -0.007707
  0.726273    -0.007687
  0.726373    -0.007667
  0.726473    -0.007647
  0.726573    -0.007627
  0.726673    -0.007607
  0.726773    -0.007587
  0.726873    -0.007567
  0.726973    -0.007547
  0.727073    -0.007527
  0.727173    -0.007507
  0.727273    -0.007488
  0.727373    -0.007468
  0.727473    -0.007448
  0.727573    -0.007428
  0.727673    -0.007409
  0.727773    -0.007389
  0.727873    -0.007370
  0.727973    -0.007350
  0.728073    -0.007330
  0.728173    -0.007311
  0.728273    -0.007292
  0.728373    -0.007272
  0.728473    -0.007253
  0.728573    -0.007233
  0.728673    -0.007214
  0.728773    -0.007195
  0.728873    -0.007175
  0.728973    -0.007156
  0.729073    -0.007137
  0.729173    -0.007118
  0.729273    -0.007098
  0.729373    -0.007079
  0.729473    -0.007060
  0.729573    -0.007041
  0.729673    -0.007022
  0.729773    -0.007003
  0.729873    -0.006984
  0.729973    -0.006965
  0.730073    -0.006946
  0.730173    -0.006927
  0.730273    -0.006908
  0.730373    -0.006890
  0.730473    -0.006871
  0.730573    -0.006852
  0.730673    -0.006833
  0.730773    -0.006815
  0.730873    -0.006796
  0.730973    -0.006777
  0.731073    -0.006759
  0.731173    -0.006740
  0.731273    -0.006721
  0.731373    -0.006703
  0.731473    -0.006684
  0.731573    -0.006666
  0.731673    -0.006647
  0.731773    -0.006629
  0.731873    -0.006611
  0.731973    -0.006592
  0.732073    -0.006574
  0.732173    -0.006556
  0.732273    -0.006537
  0.732373    -0.006519
  0.732473    -0.006501
  0.732573    -0.006483
  0.732673    -0.006465
  0.732773    -0.006447
  0.732873    -0.006428
  0.732973    -0.006410
  0.733073    -0.006392
  0.733173    -0.006374
  0.733273    -0.006356
  0.733373    -0.006339
  0.733473    -0.006321
  0.733573    -0.006303
  0.733673    -0.006285
  0.733773    -0.006267
  0.733873    -0.006249
  0.733973    -0.006232
  0.734073    -0.006214
  0.734173    -0.006196
  0.734273    -0.006178
  0.734373    -0.006161
  0.734473    -0.006143
  0.734573    -0.006126
  0.734673    -0.006108
  0.734773    -0.006091
  0.734873    -0.006073
  0.734973    -0.006056
  0.735074    -0.006038
  0.735174    -0.006021
  0.735274    -0.006004
  0.735374    -0.005986
  0.735474    -0.005969
  0.735574    -0.005952
  0.735674    -0.005934
  0.735774    -0.005917
  0.735874    -0.005900
  0.735974    -0.005883
  0.736074    -0.005866
  0.736174    -0.005849
  0.736274    -0.005832
  0.736374    -0.005815
  0.736474    -0.005798
  0.736574    -0.005781
  0.736674    -0.005764
  0.736774    -0.005747
  0.736874    -0.005730
  0.736974    -0.005713
  0.737074    -0.005696
  0.737174    -0.005680
  0.737274    -0.005663
  0.737374    -0.005646
  0.737474    -0.005629
  0.737574    -0.005613
  0.737674    -0.005596
  0.737774    -0.005579
  0.737874    -0.005563
  0.737974    -0.005546
  0.738074    -0.005530
  0.738174    -0.005513
  0.738274    -0.005497
  0.738374    -0.005481
  0.738474    -0.005464
  0.738574    -0.005448
  0.738674    -0.005431
  0.738774    -0.005415
  0.738874    -0.005399
  0.738974    -0.005383
  0.739074    -0.005366
  0.739174    -0.005350
  0.739274    -0.005334
  0.739374    -0.005318
  0.739474    -0.005302
  0.739574    -0.005286
  0.739674    -0.005270
  0.739774    -0.005254
  0.739874    -0.005238
  0.739974    -0.005222
  0.740074    -0.005206
  0.740174    -0.005190
  0.740274    -0.005174
  0.740374    -0.005158
  0.740474    -0.005143
  0.740574    -0.005127
  0.740674    -0.005111
  0.740774    -0.005096
  0.740874    -0.005080
  0.740974    -0.005064
  0.741074    -0.005049
  0.741174    -0.005033
  0.741274    -0.005018
  0.741374    -0.005002
  0.741474    -0.004987
  0.741574    -0.004971
  0.741674    -0.004956
  0.741774    -0.004940
  0.741874    -0.004925
  0.741974    -0.004910
  0.742074    -0.004894
  0.742174    -0.004879
  0.742274    -0.004864
  0.742374    -0.004849
  0.742474    -0.004833
  0.742574    -0.004818
  0.742674    -0.004803
  0.742774    -0.004788
  0.742874    -0.004773
  0.742974    -0.004758
  0.743074    -0.004743
  0.743174    -0.004728
  0.743274    -0.004713
  0.743374    -0.004698
  0.743474    -0.004683
  0.743574    -0.004668
  0.743674    -0.004654
  0.743774    -0.004639
  0.743874    -0.004624
  0.743974    -0.004609
  0.744074    -0.004595
  0.744174    -0.004580
  0.744274    -0.004565
  0.744374    -0.004551
  0.744474    -0.004536
  0.744574    -0.004522
  0.744674    -0.004507
  0.744774    -0.004493
  0.744874    -0.004478
  0.744974    -0.004464
  0.745075    -0.004449
  0.745175    -0.004435
  0.745275    -0.004421
  0.745375    -0.004406
  0.745475    -0.004392
  0.745575    -0.004378
  0.745675    -0.004364
  0.745775    -0.004349
  0.745875    -0.004335
  0.745975    -0.004321
  0.746075    -0.004307
  0.746175    -0.004293
  0.746275    -0.004279
  0.746375    -0.004265
  0.746475    -0.004251
  0.746575    -0.004237
  0.746675    -0.004223
  0.746775    -0.004209
  0.746875    -0.004195
  0.746975    -0.004182
  0.747075    -0.004168
  0.747175    -0.004154
  0.747275    -0.004140
  0.747375    -0.004127
  0.747475    -0.004113
  0.747575    -0.004099
  0.747675    -0.004086
  0.747775    -0.004072
  0.747875    -0.004059
  0.747975    -0.004045
  0.748075    -0.004032
  0.748175    -0.004018
  0.748275    -0.004005
  0.748375    -0.003991
  0.748475    -0.003978
  0.748575    -0.003965
  0.748675    -0.003951
  0.748775    -0.003938
  0.748875    -0.003925
  0.748975    -0.003911
  0.749075    -0.003898
  0.749175    -0.003885
  0.749275    -0.003872
  0.749375    -0.003859
  0.749475    -0.003846
  0.749575    -0.003833
  0.749675    -0.003820
  0.749775    -0.003807
  0.749875    -0.003794
  0.749975    -0.003781
  0.750075    -0.003768
  0.750175    -0.003755
  0.750275    -0.003742
  0.750375    -0.003730
  0.750475    -0.003717
  0.750575    -0.003704
  0.750675    -0.003691
  0.750775    -0.003679
  0.750875    -0.003666
  0.750975    -0.003654
  0.751075    -0.003641
  0.751175    -0.003628
  0.751275    -0.003616
  0.751375    -0.003603
  0.751475    -0.003591
  0.751575    -0.003579
  0.751675    -0.003566
  0.751775    -0.003554
  0.751875    -0.003541
  0.751975    -0.003529
  0.752075    -0.003517
  0.752175    -0.003505
  0.752275    -0.003492
  0.752375    -0.003480
  0.752475    -0.003468
  0.752575    -0.003456
  0.752675    -0.003444
  0.752775    -0.003432
  0.752875    -0.003420
  0.752975    -0.003408
  0.753075    -0.003396
  0.753175    -0.003384
  0.753275    -0.003372
  0.753375    -0.003360
  0.753475    -0.003348
  0.753575    -0.003336
  0.753675    -0.003324
  0.753775    -0.003313
  0.753875    -0.003301
  0.753975    -0.003289
  0.754075    -0.003278
  0.754175    -0.003266
  0.754275    -0.003254
  0.754375    -0.003243
  0.754475    -0.003231
  0.754575    -0.003220
  0.754675    -0.003208
  0.754775    -0.003197
  0.754875    -0.003185
  0.754975    -0.003174
  0.755076    -0.003163
  0.755176    -0.003151
  0.755276    -0.003140
  0.755376    -0.003129
  0.755476    -0.003117
  0.755576    -0.003106
  0.755676    -0.003095
  0.755776    -0.003084
  0.755876    -0.003073
  0.755976    -0.003062
  0.756076    -0.003050
  0.756176    -0.003039
  0.756276    -0.003028
  0.756376    -0.003017
  0.756476    -0.003007
  0.756576    -0.002996
  0.756676    -0.002985
  0.756776    -0.002974
  0.756876    -0.002963
  0.756976    -0.002952
  0.757076    -0.002941
  0.757176    -0.002931
  0.757276    -0.002920
  0.757376    -0.002909
  0.757476    -0.002899
  0.757576    -0.002888
  0.757676    -0.002877
  0.757776    -0.002867
  0.757876    -0.002856
  0.757976    -0.002846
  0.758076    -0.002835
  0.758176    -0.002825
  0.758276    -0.002815
  0.758376    -0.002804
  0.758476    -0.002794
  0.758576    -0.002784
  0.758676    -0.002773
  0.758776    -0.002763
  0.758876    -0.002753
  0.758976    -0.002743
  0.759076    -0.002732
  0.759176    -0.002722
  0.759276    -0.002712
  0.759376    -0.002702
  0.759476    -0.002692
  0.759576    -0.002682
  0.759676    -0.002672
  0.759776    -0.002662
  0.759876    -0.002652
  0.759976    -0.002642
  0.760076    -0.002633
  0.760176    -0.002623
  0.760276    -0.002613
  0.760376    -0.002603
  0.760476    -0.002593
  0.760576    -0.002584
  0.760676    -0.002574
  0.760776    -0.002564
  0.760876    -0.002555
  0.760976    -0.002545
  0.761076    -0.002536
  0.761176    -0.002526
  0.761276    -0.002517
  0.761376    -0.002507
  0.761476    -0.002498
  0.761576    -0.002488
  0.761676    -0.002479
  0.761776    -0.002470
  0.761876    -0.002460
  0.761976    -0.002451
  0.762076    -0.002442
  0.762176    -0.002432
  0.762276    -0.002423
  0.762376    -0.002414
  0.762476    -0.002405
  0.762576    -0.002396
  0.762676    -0.002387
  0.762776    -0.002378
  0.762876    -0.002369
  0.762976    -0.002360
  0.763076    -0.002351
  0.763176    -0.002342
  0.763276    -0.002333
  0.763376    -0.002324
  0.763476    -0.002315
  0.763576    -0.002306
  0.763676    -0.002298
  0.763776    -0.002289
  0.763876    -0.002280
  0.763976    -0.002272
  0.764076    -0.002263
  0.764176    -0.002254
  0.764276    -0.002246
  0.764376    -0.002237
  0.764476    -0.002229
  0.764576    -0.002220
  0.764676    -0.002212
  0.764776    -0.002203
  0.764876    -0.002195
  0.764976    -0.002186
  0.765077    -0.002178
  0.765177    -0.002170
  0.765277    -0.002161
  0.765377    -0.002153
  0.765477    -0.002145
  0.765577    -0.002137
  0.765677    -0.002129
  0.765777    -0.002120
  0.765877    -0.002112
  0.765977    -0.002104
  0.766077    -0.002096
  0.766177    -0.002088
  0.766277    -0.002080
  0.766377    -0.002072
  0.766477    -0.002064
  0.766577    -0.002056
  0.766677    -0.002049
  0.766777    -0.002041
  0.766877    -0.002033
  0.766977    -0.002025
  0.767077    -0.002017
  0.767177    -0.002010
  0.767277    -0.002002
  0.767377    -0.001994
  0.767477    -0.001987
  0.767577    -0.001979
  0.767677    -0.001972
  0.767777    -0.001964
  0.767877    -0.001957
  0.767977    -0.001949
  0.768077    -0.001942
  0.768177    -0.001934
  0.768277    -0.001927
  0.768377    -0.001920
  0.768477    -0.001912
  0.768577    -0.001905
  0.768677    -0.001898
  0.768777    -0.001890
  0.768877    -0.001883
  0.768977    -0.001876
  0.769077    -0.001869
  0.769177    -0.001862
  0.769277    -0.001855
  0.769377    -0.001848
  0.769477    -0.001841
  0.769577    -0.001834
  0.769677    -0.001827
  0.769777    -0.001820
  0.769877    -0.001813
  0.769977    -0.001806
  0.770077    -0.001799
  0.770177    -0.001792
  0.770277    -0.001786
  0.770377    -0.001779
  0.770477    -0.001772
  0.770577    -0.001765
  0.770677    -0.001759
  0.770777    -0.001752
  0.770877    -0.001746
  0.770977    -0.001739
  0.771077    -0.001732
  0.771177    -0.001726
  0.771277    -0.001720
  0.771377    -0.001713
  0.771477    -0.001707
  0.771577    -0.001700
  0.771677    -0.001694
  0.771777    -0.001688
  0.771877    -0.001681
  0.771977    -0.001675
  0.772077    -0.001669
  0.772177    -0.001663
  0.772277    -0.001656
  0.772377    -0.001650
  0.772477    -0.001644
  0.772577    -0.001638
  0.772677    -0.001632
  0.772777    -0.001626
  0.772877    -0.001620
  0.772977    -0.001614
  0.773077    -0.001608
  0.773177    -0.001602
  0.773277    -0.001596
  0.773377    -0.001591
  0.773477    -0.001585
  0.773577    -0.001579
  0.773677    -0.001573
  0.773777    -0.001567
  0.773877    -0.001562
  0.773977    -0.001556
  0.774077    -0.001550
  0.774177    -0.001545
  0.774277    -0.001539
  0.774377    -0.001534
  0.774477    -0.001528
  0.774577    -0.001523
  0.774677    -0.001517
  0.774777    -0.001512
  0.774877    -0.001507
  0.774977    -0.001501
  0.775078    -0.001496
  0.775178    -0.001491
  0.775278    -0.001485
  0.775378    -0.001480
  0.775478    -0.001475
  0.775578    -0.001470
  0.775678    -0.001465
  0.775778    -0.001459
  0.775878    -0.001454
  0.775978    -0.001449
  0.776078    -0.001444
  0.776178    -0.001439
  0.776278    -0.001434
  0.776378    -0.001429
  0.776478    -0.001424
  0.776578    -0.001420
  0.776678    -0.001415
  0.776778    -0.001410
  0.776878    -0.001405
  0.776978    -0.001400
  0.777078    -0.001396
  0.777178    -0.001391
  0.777278    -0.001386
  0.777378    -0.001382
  0.777478    -0.001377
  0.777578    -0.001373
  0.777678    -0.001368
  0.777778    -0.001364
  0.777878    -0.001359
  0.777978    -0.001355
  0.778078    -0.001350
  0.778178    -0.001346
  0.778278    -0.001341
  0.778378    -0.001337
  0.778478    -0.001333
  0.778578    -0.001329
  0.778678    -0.001324
  0.778778    -0.001320
  0.778878    -0.001316
  0.778978    -0.001312
  0.779078    -0.001308
  0.779178    -0.001304
  0.779278    -0.001300
  0.779378    -0.001295
  0.779478    -0.001291
  0.779578    -0.001288
  0.779678    -0.001284
  0.779778    -0.001280
  0.779878    -0.001276
  0.779978    -0.001272
  0.780078    -0.001268
  0.780178    -0.001264
  0.780278    -0.001261
  0.780378    -0.001257
  0.780478    -0.001253
  0.780578    -0.001250
  0.780678    -0.001246
  0.780778    -0.001242
  0.780878    -0.001239
  0.780978    -0.001235
  0.781078    -0.001232
  0.781178    -0.001228
  0.781278    -0.001225
  0.781378    -0.001221
  0.781478    -0.001218
  0.781578    -0.001215
  0.781678    -0.001211
  0.781778    -0.001208
  0.781878    -0.001205
  0.781978    -0.001201
  0.782078    -0.001198
  0.782178    -0.001195
  0.782278    -0.001192
  0.782378    -0.001189
  0.782478    -0.001186
  0.782578    -0.001183
  0.782678    -0.001180
  0.782778    -0.001177
  0.782878    -0.001174
  0.782978    -0.001171
  0.783078    -0.001168
  0.783178    -0.001165
  0.783278    -0.001162
  0.783378    -0.001159
  0.783478    -0.001156
  0.783578    -0.001154
  0.783678    -0.001151
  0.783778    -0.001148
  0.783878    -0.001146
  0.783978    -0.001143
  0.784078    -0.001140
  0.784178    -0.001138
  0.784278    -0.001135
  0.784378    -0.001133
  0.784478    -0.001130
  0.784578    -0.001128
  0.784678    -0.001125
  0.784778    -0.001123
  0.784878    -0.001121
  0.784978    -0.001118
  0.785079    -0.001116
  0.785179    -0.001114
  0.785279    -0.001111
  0.785379    -0.001109
  0.785479    -0.001107
  0.785579    -0.001105
  0.785679    -0.001103
  0.785779    -0.001101
  0.785879    -0.001099
  0.785979    -0.001097
  0.786079    -0.001095
  0.786179    -0.001093
  0.786279    -0.001091
  0.786379    -0.001089
  0.786479    -0.001087
  0.786579    -0.001085
  0.786679    -0.001083
  0.786779    -0.001081
  0.786879    -0.001080
  0.786979    -0.001078
  0.787079    -0.001076
  0.787179    -0.001075
  0.787279    -0.001073
  0.787379    -0.001071
  0.787479    -0.001070
  0.787579    -0.001068
  0.787679    -0.001067
  0.787779    -0.001065
  0.787879    -0.001064
  0.787979    -0.001062
  0.788079    -0.001061
  0.788179    -0.001060
  0.788279    -0.001058
  0.788379    -0.001057
  0.788479    -0.001056
  0.788579    -0.001054
  0.788679    -0.001053
  0.788779    -0.001052
  0.788879    -0.001051
  0.788979    -0.001050
  0.789079    -0.001049
  0.789179    -0.001048
  0.789279    -0.001047
  0.789379    -0.001046
  0.789479    -0.001045
  0.789579    -0.001044
  0.789679    -0.001043
  0.789779    -0.001042
  0.789879    -0.001041
  0.789979    -0.001040
  0.790079    -0.001039
  0.790179    -0.001039
  0.790279    -0.001038
  0.790379    -0.001037
  0.790479    -0.001037
  0.790579    -0.001036
  0.790679    -0.001035
  0.790779    -0.001035
  0.790879    -0.001034
  0.790979    -0.001034
  0.791079    -0.001033
  0.791179    -0.001033
  0.791279    -0.001032
  0.791379    -0.001032
  0.791479    -0.001031
  0.791579    -0.001031
  0.791679    -0.001031
  0.791779    -0.001031
  0.791879    -0.001030
  0.791979    -0.001030
  0.792079    -0.001030
  0.792179    -0.001030
  0.792279    -0.001030
  0.792379    -0.001030
  0.792479    -0.001029
  0.792579    -0.001029
  0.792679    -0.001029
  0.792779    -0.001029
  0.792879    -0.001029
  0.792979    -0.001030
  0.793079    -0.001030
  0.793179    -0.001030
  0.793279    -0.001030
  0.793379    -0.001030
  0.793479    -0.001030
  0.793579    -0.001031
  0.793679    -0.001031
  0.793779    -0.001031
  0.793879    -0.001032
  0.793979    -0.001032
  0.794079    -0.001033
  0.794179    -0.001033
  0.794279    -0.001033
  0.794379    -0.001034
  0.794479    -0.001034
  0.794579    -0.001035
  0.794679    -0.001036
  0.794779    -0.001036
  0.794879    -0.001037
  0.794979    -0.001038
  0.795080    -0.001038
  0.795180    -0.001039
  0.795280    -0.001040
  0.795380    -0.001041
  0.795480    -0.001042
  0.795580    -0.001042
  0.795680    -0.001043
  0.795780    -0.001044
  0.795880    -0.001045
  0.795980    -0.001046
  0.796080    -0.001047
  0.796180    -0.001048
  0.796280    -0.001049
  0.796380    -0.001050
  0.796480    -0.001052
  0.796580    -0.001053
  0.796680    -0.001054
  0.796780    -0.001055
  0.796880    -0.001056
  0.796980    -0.001058
  0.797080    -0.001059
  0.797180    -0.001060
  0.797280    -0.001062
  0.797380    -0.001063
  0.797480    -0.001065
  0.797580    -0.001066
  0.797680    -0.001068
  0.797780    -0.001069
  0.797880    -0.001071
  0.797980    -0.001072
  0.798080    -0.001074
  0.798180    -0.001076
  0.798280    -0.001077
  0.798380    -0.001079
  0.798480    -0.001081
  0.798580    -0.001083
  0.798680    -0.001084
  0.798780    -0.001086
  0.798880    -0.001088
  0.798980    -0.001090
  0.799080    -0.001092
  0.799180    -0.001094
  0.799280    -0.001096
  0.799380    -0.001098
  0.799480    -0.001100
  0.799580    -0.001102
  0.799680    -0.001104
  0.799780    -0.001106
  0.799880    -0.001108
  0.799980    -0.001111
  0.800080    -0.001113
  0.800180    -0.001115
  0.800280    -0.001117
  0.800380    -0.001120
  0.800480    -0.001122
  0.800580    -0.001125
  0.800680    -0.001127
  0.800780    -0.001129
  0.800880    -0.001132
  0.800980    -0.001134
  0.801080    -0.001137
  0.801180    -0.001139
  0.801280    -0.001142
  0.801380    -0.001145
  0.801480    -0.001147
  0.801580    -0.001150
  0.801680    -0.001153
  0.801780    -0.001155
  0.801880    -0.001158
  0.801980    -0.001161
  0.802080    -0.001164
  0.802180    -0.001167
  0.802280    -0.001170
  0.802380    -0.001173
  0.802480    -0.001176
  0.802580    -0.001179
  0.802680    -0.001182
  0.802780    -0.001185
  0.802880    -0.001188
  0.802980    -0.001191
  0.803080    -0.001194
  0.803180    -0.001197
  0.803280    -0.001200
  0.803380    -0.001203
  0.803480    -0.001207
  0.803580    -0.001210
  0.803680    -0.001213
  0.803780    -0.001217
  0.803880    -0.001220
  0.803980    -0.001224
  0.804080    -0.001227
  0.804180    -0.001230
  0.804280    -0.001234
  0.804380    -0.001237
  0.804480    -0.001241
  0.804580    -0.001245
  0.804680    -0.001248
  0.804780    -0.001252
  0.804880    -0.001256
  0.804980    -0.001259
  0.805081    -0.001263
  0.805181    -0.001267
  0.805281    -0.001271
  0.805381    -0.001274
  0.805481    -0.001278
  0.805581    -0.001282
  0.805681    -0.001286
  0.805781    -0.001290
  0.805881    -0.001294
  0.805981    -0.001298
  0.806081    -0.001302
  0.806181    -0.001306
  0.806281    -0.001310
  0.806381    -0.001314
  0.806481    -0.001319
  0.806581    -0.001323
  0.806681    -0.001327
  0.806781    -0.001331
  0.806881    -0.001336
  0.806981    -0.001340
  0.807081    -0.001344
  0.807181    -0.001349
  0.807281    -0.001353
  0.807381    -0.001357
  0.807481    -0.001362
  0.807581    -0.001366
  0.807681    -0.001371
  0.807781    -0.001376
  0.807881    -0.001380
  0.807981    -0.001385
  0.808081    -0.001389
  0.808181    -0.001394
  0.808281    -0.001399
  0.808381    -0.001403
  0.808481    -0.001408
  0.808581    -0.001413
  0.808681    -0.001418
  0.808781    -0.001423
  0.808881    -0.001428
  0.808981    -0.001433
  0.809081    -0.001438
  0.809181    -0.001443
  0.809281    -0.001448
  0.809381    -0.001453
  0.809481    -0.001458
  0.809581    -0.001463
  0.809681    -0.001468
  0.809781    -0.001473
  0.809881    -0.001478
  0.809981    -0.001483
  0.810081    -0.001489
  0.810181    -0.001494
  0.810281    -0.001499
  0.810381    -0.001505
  0.810481    -0.001510
  0.810581    -0.001515
  0.810681    -0.001521
  0.810781    -0.001526
  0.810881    -0.001532
  0.810981    -0.001537
  0.811081    -0.001543
  0.811181    -0.001548
  0.811281    -0.001554
  0.811381    -0.001560
  0.811481    -0.001565
  0.811581    -0.001571
  0.811681    -0.001577
  0.811781    -0.001583
  0.811881    -0.001588
  0.811981    -0.001594
  0.812081    -0.001600
  0.812181    -0.001606
  0.812281    -0.001612
  0.812381    -0.001618
  0.812481    -0.001624
  0.812581    -0.001630
  0.812681    -0.001636
  0.812781    -0.001642
  0.812881    -0.001648
  0.812981    -0.001654
  0.813081    -0.001660
  0.813181    -0.001667
  0.813281    -0.001673
  0.813381    -0.001679
  0.813481    -0.001685
  0.813581    -0.001692
  0.813681    -0.001698
  0.813781    -0.001704
  0.813881    -0.001711
  0.813981    -0.001717
  0.814081    -0.001724
  0.814181    -0.001730
  0.814281    -0.001737
  0.814381    -0.001743
  0.814481    -0.001750
  0.814581    -0.001756
  0.814681    -0.001763
  0.814781    -0.001770
  0.814881    -0.001776
  0.814981    -0.001783
  0.815082    -0.001790
  0.815182    -0.001797
  0.815282    -0.001804
  0.815382    -0.001810
  0.815482    -0.001817
  0.815582    -0.001824
  0.815682    -0.001831
  0.815782    -0.001838
  0.815882    -0.001845
  0.815982    -0.001852
  0.816082    -0.001859
  0.816182    -0.001866
  0.816282    -0.001874
  0.816382    -0.001881
  0.816482    -0.001888
  0.816582    -0.001895
  0.816682    -0.001902
  0.816782    -0.001910
  0.816882    -0.001917
  0.816982    -0.001924
  0.817082    -0.001932
  0.817182    -0.001939
  0.817282    -0.001946
  0.817382    -0.001954
  0.817482    -0.001961
  0.817582    -0.001969
  0.817682    -0.001976
  0.817782    -0.001984
  0.817882    -0.001992
  0.817982    -0.001999
  0.818082    -0.002007
  0.818182    -0.002015
  0.818282    -0.002022
  0.818382    -0.002030
  0.818482    -0.002038
  0.818582    -0.002046
  0.818682    -0.002054
  0.818782    -0.002062
  0.818882    -0.002069
  0.818982    -0.002077
  0.819082    -0.002085
  0.819182    -0.002093
  0.819282    -0.002101
  0.819382    -0.002109
  0.819482    -0.002118
  0.819582    -0.002126
  0.819682    -0.002134
  0.819782    -0.002142
  0.819882    -0.002150
  0.819982    -0.002159
  0.820082    -0.002167
  0.820182    -0.002175
  0.820282    -0.002183
  0.820382    -0.002192
  0.820482    -0.002200
  0.820582    -0.002209
  0.820682    -0.002217
  0.820782    -0.002226
  0.820882    -0.002234
  0.820982    -0.002243
  0.821082    -0.002251
  0.821182    -0.002260
  0.821282    -0.002268
  0.821382    -0.002277
  0.821482    -0.002286
  0.821582    -0.002295
  0.821682    -0.002303
  0.821782    -0.002312
  0.821882    -0.002321
  0.821982    -0.002330
  0.822082    -0.002339
  0.822182    -0.002348
  0.822282    -0.002357
  0.822382    -0.002366
  0.822482    -0.002375
  0.822582    -0.002384
  0.822682    -0.002393
  0.822782    -0.002402
  0.822882    -0.002411
  0.822982    -0.002420
  0.823082    -0.002429
  0.823182    -0.002438
  0.823282    -0.002448
  0.823382    -0.002457
  0.823482    -0.002466
  0.823582    -0.002476
  0.823682    -0.002485
  0.823782    -0.002494
  0.823882    -0.002504
  0.823982    -0.002513
  0.824082    -0.002523
  0.824182    -0.002532
  0.824282    -0.002542
  0.824382    -0.002551
  0.824482    -0.002561
  0.824582    -0.002571
  0.824682    -0.002580
  0.824782    -0.002590
  0.824882    -0.002600
  0.824982    -0.002609
  0.825083    -0.002619
  0.825183    -0.002629
  0.825283    -0.002639
  0.825383    -0.002649
  0.825483    -0.002659
  0.825583    -0.002669
  0.825683    -0.002679
  0.825783    -0.002689
  0.825883    -0.002699
  0.825983    -0.002709
  0.826083    -0.002719
  0.826183    -0.002729
  0.826283    -0.002739
  0.826383    -0.002749
  0.826483    -0.002759
  0.826583    -0.002770
  0.826683    -0.002780
  0.826783    -0.002790
  0.826883    -0.002801
  0.826983    -0.002811
  0.827083    -0.002821
  0.827183    -0.002832
  0.827283    -0.002842
  0.827383    -0.002853
  0.827483    -0.002863
  0.827583    -0.002874
  0.827683    -0.002884
  0.827783    -0.002895
  0.827883    -0.002906
  0.827983    -0.002916
  0.828083    -0.002927
  0.828183    -0.002938
  0.828283    -0.002948
  0.828383    -0.002959
  0.828483    -0.002970
  0.828583    -0.002981
  0.828683    -0.002992
  0.828783    -0.003003
  0.828883    -0.003014
  0.828983    -0.003025
  0.829083    -0.003036
  0.829183    -0.003047
  0.829283    -0.003058
  0.829383    -0.003069
  0.829483    -0.003080
  0.829583    -0.003091
  0.829683    -0.003102
  0.829783    -0.003113
  0.829883    -0.003125
  0.829983    -0.003136
  0.830083    -0.003147
  0.830183    -0.003158
  0.830283    -0.003170
  0.830383    -0.003181
  0.830483    -0.003193
  0.830583    -0.003204
  0.830683    -0.003216
  0.830783    -0.003227
  0.830883    -0.003239
  0.830983    -0.003250
  0.831083    -0.003262
  0.831183    -0.003273
  0.831283    -0.003285
  0.831383    -0.003297
  0.831483    -0.003309
  0.831583    -0.003320
  0.831683    -0.003332
  0.831783    -0.003344
  0.831883    -0.003356
  0.831983    -0.003368
  0.832083    -0.003380
  0.832183    -0.003391
  0.832283    -0.003403
  0.832383    -0.003415
  0.832483    -0.003427
  0.832583    -0.003439
  0.832683    -0.003452
  0.832783    -0.003464
  0.832883    -0.003476
  0.832983    -0.003488
  0.833083    -0.003500
  0.833183    -0.003512
  0.833283    -0.003525
  0.833383    -0.003537
  0.833483    -0.003549
  0.833583    -0.003562
  0.833683    -0.003574
  0.833783    -0.003587
  0.833883    -0.003599
  0.833983    -0.003611
  0.834083    -0.003624
  0.834183    -0.003636
  0.834283    -0.003649
  0.834383    -0.003662
  0.834483    -0.003674
  0.834583    -0.003687
  0.834683    -0.003700
  0.834783    -0.003712
  0.834883    -0.003725
  0.834983    -0.003738
  0.835084    -0.003751
  0.835184    -0.003764
  0.835284    -0.003776
  0.835384    -0.003789
  0.835484    -0.003802
  0.835584    -0.003815
  0.835684    -0.003828
  0.835784    -0.003841
  0.835884    -0.003854
  0.835984    -0.003867
  0.836084    -0.003880
  0.836184    -0.003894
  0.836284    -0.003907
  0.836384    -0.003920
  0.836484    -0.003933
  0.836584    -0.003946
  0.836684    -0.003960
  0.836784    -0.003973
  0.836884    -0.003986
  0.836984    -0.004000
  0.837084    -0.004013
  0.837184    -0.004027
  0.837284    -0.004040
  0.837384    -0.004054
  0.837484    -0.004067
  0.837584    -0.004081
  0.837684    -0.004094
  0.837784    -0.004108
  0.837884    -0.004122
  0.837984    -0.004135
  0.838084    -0.004149
  0.838184    -0.004163
  0.838284    -0.004177
  0.838384    -0.004190
  0.838484    -0.004204
  0.838584    -0.004218
  0.838684    -0.004232
  0.838784    -0.004246
  0.838884    -0.004260
  0.838984    -0.004274
  0.839084    -0.004288
  0.839184    -0.004302
  0.839284    -0.004316
  0.839384    -0.004330
  0.839484    -0.004344
  0.839584    -0.004358
  0.839684    -0.004373
  0.839784    -0.004387
  0.839884    -0.004401
  0.839984    -0.004415
  0.840084    -0.004430
  0.840184    -0.004444
  0.840284    -0.004459
  0.840384    -0.004473
  0.840484    -0.004487
  0.840584    -0.004502
  0.840684    -0.004516
  0.840784    -0.004531
  0.840884    -0.004545
  0.840984    -0.004560
  0.841084    -0.004575
  0.841184    -0.004589
  0.841284    -0.004604
  0.841384    -0.004619
  0.841484    -0.004634
  0.841584    -0.004648
  0.841684    -0.004663
  0.841784    -0.004678
  0.841884    -0.004693
  0.841984    -0.004708
  0.842084    -0.004723
  0.842184    -0.004738
  0.842284    -0.004753
  0.842384    -0.004768
  0.842484    -0.004783
  0.842584    -0.004798
  0.842684    -0.004813
  0.842784    -0.004828
  0.842884    -0.004843
  0.842984    -0.004858
  0.843084    -0.004874
  0.843184    -0.004889
  0.843284    -0.004904
  0.843384    -0.004919
  0.843484    -0.004935
  0.843584    -0.004950
  0.843684    -0.004966
  0.843784    -0.004981
  0.843884    -0.004996
  0.843984    -0.005012
  0.844084    -0.005028
  0.844184    -0.005043
  0.844284    -0.005059
  0.844384    -0.005074
  0.844484    -0.005090
  0.844584    -0.005106
  0.844684    -0.005121
  0.844784    -0.005137
  0.844884    -0.005153
  0.844984    -0.005169
  0.845085    -0.005184
  0.845185    -0.005200
  0.845285    -0.005216
  0.845385    -0.005232
  0.845485    -0.005248
  0.845585    -0.005264
  0.845685    -0.005280
  0.845785    -0.005296
  0.845885    -0.005312
  0.845985    -0.005328
  0.846085    -0.005344
  0.846185    -0.005361
  0.846285    -0.005377
  0.846385    -0.005393
  0.846485    -0.005409
  0.846585    -0.005426
  0.846685    -0.005442
  0.846785    -0.005458
  0.846885    -0.005475
  0.846985    -0.005491
  0.847085    -0.005508
  0.847185    -0.005524
  0.847285    -0.005540
  0.847385    -0.005557
  0.847485    -0.005574
  0.847585    -0.005590
  0.847685    -0.005607
  0.847785    -0.005623
  0.847885    -0.005640
  0.847985    -0.005657
  0.848085    -0.005674
  0.848185    -0.005690
  0.848285    -0.005707
  0.848385    -0.005724
  0.848485    -0.005741
  0.848585    -0.005758
  0.848685    -0.005775
  0.848785    -0.005792
  0.848885    -0.005809
  0.848985    -0.005826
  0.849085    -0.005843
  0.849185    -0.005860
  0.849285    -0.005877
  0.849385    -0.005894
  0.849485    -0.005911
  0.849585    -0.005928
  0.849685    -0.005946
  0.849785    -0.005963
  0.849885    -0.005980
  0.849985    -0.005997
  0.850085    -0.006015
  0.850185    -0.006032
  0.850285    -0.006049
  0.850385    -0.006067
  0.850485    -0.006084
  0.850585    -0.006101
  0.850685    -0.006118
  0.850785    -0.006135
  0.850885    -0.006152
  0.850985    -0.006169
  0.851085    -0.006186
  0.851185    -0.006203
  0.851285    -0.006220
  0.851385    -0.006237
  0.851485    -0.006254
  0.851585    -0.006271
  0.851685    -0.006288
  0.851785    -0.006305
  0.851885    -0.006322
  0.851985    -0.006338
  0.852085    -0.006355
  0.852185    -0.006372
  0.852285    -0.006389
  0.852385    -0.006405
  0.852485    -0.006422
  0.852585    -0.006439
  0.852685    -0.006455
  0.852785    -0.006472
  0.852885    -0.006488
  0.852985    -0.006505
  0.853085    -0.006521
  0.853185    -0.006538
  0.853285    -0.006554
  0.853385    -0.006570
  0.853485    -0.006587
  0.853585    -0.006603
  0.853685    -0.006619
  0.853785    -0.006636
  0.853885    -0.006652
  0.853985    -0.006668
  0.854085    -0.006684
  0.854185    -0.006701
  0.854285    -0.006717
  0.854385    -0.006733
  0.854485    -0.006749
  0.854585    -0.006765
  0.854685    -0.006781
  0.854785    -0.006797
  0.854885    -0.006813
  0.854985    -0.006829
  0.855086    -0.006845
  0.855186    -0.006861
  0.855286    -0.006876
  0.855386    -0.006892
  0.855486    -0.006908
  0.855586    -0.006924
  0.855686    -0.006940
  0.855786    -0.006955
  0.855886    -0.006971
  0.855986    -0.006987
  0.856086    -0.007002
  0.856186    -0.007018
  0.856286    -0.007033
  0.856386    -0.007049
  0.856486    -0.007064
  0.856586    -0.007080
  0.856686    -0.007095
  0.856786    -0.007111
  0.856886    -0.007126
  0.856986    -0.007141
  0.857086    -0.007157
  0.857186    -0.007172
  0.857286    -0.007187
  0.857386    -0.007203
  0.857486    -0.007218
  0.857586    -0.007233
  0.857686    -0.007248
  0.857786    -0.007263
  0.857886    -0.007278
  0.857986    -0.007294
  0.858086    -0.007309
  0.858186    -0.007324
  0.858286    -0.007339
  0.858386    -0.007354
  0.858486    -0.007368
  0.858586    -0.007383
  0.858686    -0.007398
  0.858786    -0.007413
  0.858886    -0.007428
  0.858986    -0.007443
  0.859086    -0.007457
  0.859186    -0.007472
  0.859286    -0.007487
  0.859386    -0.007502
  0.859486    -0.007516
  0.859586    -0.007531
  0.859686    -0.007545
  0.859786    -0.007560
  0.859886    -0.007575
  0.859986    -0.007589
  0.860086    -0.007604
  0.860186    -0.007618
  0.860286    -0.007632
  0.860386    -0.007647
  0.860486    -0.007661
  0.860586    -0.007676
  0.860686    -0.007690
  0.860786    -0.007704
  0.860886    -0.007718
  0.860986    -0.007733
  0.861086    -0.007747
  0.861186    -0.007761
  0.861286    -0.007775
  0.861386    -0.007789
  0.861486    -0.007803
  0.861586    -0.007817
  0.861686    -0.007831
  0.861786    -0.007845
  0.861886    -0.007859
  0.861986    -0.007873
  0.862086    -0.007887
  0.862186    -0.007901
  0.862286    -0.007915
  0.862386    -0.007929
  0.862486    -0.007943
  0.862586    -0.007956
  0.862686    -0.007970
  0.862786    -0.007984
  0.862886    -0.007997
  0.862986    -0.008011
  0.863086    -0.008025
  0.863186    -0.008038
  0.863286    -0.008052
  0.863386    -0.008065
  0.863486    -0.008079
  0.863586    -0.008092
  0.863686    -0.008106
  0.863786    -0.008119
  0.863886    -0.008133
  0.863986    -0.008146
  0.864086    -0.008159
  0.864186    -0.008173
  0.864286    -0.008186
  0.864386    -0.008199
  0.864486    -0.008213
  0.864586    -0.008226
  0.864686    -0.008239
  0.864786    -0.008252
  0.864886    -0.008265
  0.864986    -0.008278
  0.865087    -0.008291
  0.865187    -0.008304
  0.865287    -0.008317
  0.865387    -0.008330
  0.865487    -0.008343
  0.865587    -0.008356
  0.865687    -0.008369
  0.865787    -0.008382
  0.865887    -0.008395
  0.865987    -0.008408
  0.866087    -0.008420
  0.866187    -0.008433
  0.866287    -0.008446
  0.866387    -0.008458
  0.866487    -0.008471
  0.866587    -0.008484
  0.866687    -0.008496
  0.866787    -0.008509
  0.866887    -0.008521
  0.866987    -0.008534
  0.867087    -0.008546
  0.867187    -0.008559
  0.867287    -0.008571
  0.867387    -0.008584
  0.867487    -0.008596
  0.867587    -0.008608
  0.867687    -0.008621
  0.867787    -0.008633
  0.867887    -0.008645
  0.867987    -0.008658
  0.868087    -0.008670
  0.868187    -0.008682
  0.868287    -0.008694
  0.868387    -0.008706
  0.868487    -0.008718
  0.868587    -0.008730
  0.868687    -0.008742
  0.868787    -0.008754
  0.868887    -0.008766
  0.868987    -0.008778
  0.869087    -0.008790
  0.869187    -0.008802
  0.869287    -0.008814
  0.869387    -0.008826
  0.869487    -0.008838
  0.869587    -0.008849
  0.869687    -0.008861
  0.869787    -0.008873
  0.869887    -0.008885
  0.869987    -0.008896
  0.870087    -0.008908
  0.870187    -0.008920
  0.870287    -0.008931
  0.870387    -0.008943
  0.870487    -0.008954
  0.870587    -0.008966
  0.870687    -0.008977
  0.870787    -0.008989
  0.870887    -0.009000
  0.870987    -0.009011
  0.871087    -0.009023
  0.871187    -0.009034
  0.871287    -0.009045
  0.871387    -0.009057
  0.871487    -0.009068
  0.871587    -0.009079
  0.871687    -0.009090
  0.871787    -0.009101
  0.871887    -0.009112
  0.871987    -0.009124
  0.872087    -0.009135
  0.872187    -0.009146
  0.872287    -0.009157
  0.872387    -0.009168
  0.872487    -0.009179
  0.872587    -0.009190
  0.872687    -0.009200
  0.872787    -0.009211
  0.872887    -0.009222
  0.872987    -0.009233
  0.873087    -0.009244
  0.873187    -0.009254
  0.873287    -0.009265
  0.873387    -0.009276
  0.873487    -0.009287
  0.873587    -0.009297
  0.873687    -0.009308
  0.873787    -0.009318
  0.873887    -0.009329
  0.873987    -0.009339
  0.874087    -0.009350
  0.874187    -0.009360
  0.874287    -0.009371
  0.874387    -0.009381
  0.874487    -0.009392
  0.874587    -0.009402
  0.874687    -0.009412
  0.874787    -0.009423
  0.874887    -0.009433
  0.874987    -0.009443
  0.875088    -0.009453
  0.875188    -0.009464
  0.875288    -0.009474
  0.875388    -0.009484
  0.875488    -0.009494
  0.875588    -0.009504
  0.875688    -0.009514
  0.875788    -0.009524
  0.875888    -0.009534
  0.875988    -0.009544
  0.876088    -0.009554
  0.876188    -0.009564
  0.876288    -0.009574
  0.876388    -0.009584
  0.876488    -0.009593
  0.876588    -0.009603
  0.876688    -0.009613
  0.876788    -0.009623
  0.876888    -0.009632
  0.876988    -0.009642
  0.877088    -0.009652
  0.877188    -0.009661
  0.877288    -0.009671
  0.877388    -0.009680
  0.877488    -0.009690
  0.877588    -0.009699
  0.877688    -0.009709
  0.877788    -0.009718
  0.877888    -0.009728
  0.877988    -0.009737
  0.878088    -0.009747
  0.878188    -0.009756
  0.878288    -0.009765
  0.878388    -0.009774
  0.878488    -0.009784
  0.878588    -0.009793
  0.878688    -0.009802
  0.878788    -0.009811
  0.878888    -0.009820
  0.878988    -0.009829
  0.879088    -0.009839
  0.879188    -0.009848
  0.879288    -0.009857
  0.879388    -0.009866
  0.879488    -0.009875
  0.879588    -0.009883
  0.879688    -0.009892
  0.879788    -0.009901
  0.879888    -0.009910
  0.879988    -0.009919
  0.880088    -0.009928
  0.880188    -0.009936
  0.880288    -0.009945
  0.880388    -0.009954
  0.880488    -0.009963
  0.880588    -0.009971
  0.880688    -0.009980
  0.880788    -0.009988
  0.880888    -0.009997
  0.880988    -0.010006
  0.881088    -0.010014
  0.881188    -0.010023
  0.881288    -0.010031
  0.881388    -0.010039
  0.881488    -0.010048
  0.881588    -0.010056
  0.881688    -0.010065
  0.881788    -0.010073
  0.881888    -0.010081
  0.881988    -0.010089
  0.882088    -0.010098
  0.882188    -0.010106
  0.882288    -0.010114
  0.882388    -0.010122
  0.882488    -0.010130
  0.882588    -0.010138
  0.882688    -0.010146
  0.882788    -0.010154
  0.882888    -0.010162
  0.882988    -0.010170
  0.883088    -0.010178
  0.883188    -0.010186
  0.883288    -0.010194
  0.883388    -0.010202
  0.883488    -0.010210
  0.883588    -0.010217
  0.883688    -0.010225
  0.883788    -0.010233
  0.883888    -0.010241
  0.883988    -0.010248
  0.884088    -0.010256
  0.884188    -0.010264
  0.884288    -0.010271
  0.884388    -0.010279
  0.884488    -0.010286
  0.884588    -0.010294
  0.884688    -0.010301
  0.884788    -0.010309
  0.884888    -0.010316
  0.884988    -0.010324
  0.885089    -0.010331
  0.885189    -0.010338
  0.885289    -0.010346
  0.885389    -0.010353
  0.885489    -0.010360
  0.885589    -0.010367
  0.885689    -0.010375
  0.885789    -0.010382
  0.885889    -0.010389
  0.885989    -0.010396
  0.886089    -0.010403
  0.886189    -0.010410
  0.886289    -0.010417
  0.886389    -0.010424
  0.886489    -0.010431
  0.886589    -0.010438
  0.886689    -0.010445
  0.886789    -0.010452
  0.886889    -0.010459
  0.886989    -0.010466
  0.887089    -0.010472
  0.887189    -0.010479
  0.887289    -0.010486
  0.887389    -0.010493
  0.887489    -0.010499
  0.887589    -0.010506
  0.887689    -0.010513
  0.887789    -0.010519
  0.887889    -0.010526
  0.887989    -0.010532
  0.888089    -0.010539
  0.888189    -0.010545
  0.888289    -0.010552
  0.888389    -0.010558
  0.888489    -0.010565
  0.888589    -0.010571
  0.888689    -0.010577
  0.888789    -0.010584
  0.888889    -0.010590
  0.888989    -0.010596
  0.889089    -0.010602
  0.889189    -0.010609
  0.889289    -0.010615
  0.889389    -0.010621
  0.889489    -0.010627
  0.889589    -0.010633
  0.889689    -0.010639
  0.889789    -0.010645
  0.889889    -0.010651
  0.889989    -0.010657
  0.890089    -0.010663
  0.890189    -0.010669
  0.890289    -0.010675
  0.890389    -0.010681
  0.890489    -0.010687
  0.890589    -0.010692
  0.890689    -0.010698
  0.890789    -0.010704
  0.890889    -0.010710
  0.890989    -0.010715
  0.891089    -0.010721
  0.891189    -0.010727
  0.891289    -0.010732
  0.891389    -0.010738
  0.891489    -0.010743
  0.891589    -0.010749
  0.891689    -0.010754
  0.891789    -0.010760
  0.891889    -0.010765
  0.891989    -0.010771
  0.892089    -0.010776
  0.892189    -0.010781
  0.892289    -0.010787
  0.892389    -0.010792
  0.892489    -0.010797
  0.892589    -0.010802
  0.892689    -0.010808
  0.892789    -0.010813
  0.892889    -0.010818
  0.892989    -0.010823
  0.893089    -0.010828
  0.893189    -0.010833
  0.893289    -0.010838
  0.893389    -0.010843
  0.893489    -0.010848
  0.893589    -0.010853
  0.893689    -0.010858
  0.893789    -0.010863
  0.893889    -0.010868
  0.893989    -0.010873
  0.894089    -0.010878
  0.894189    -0.010882
  0.894289    -0.010887
  0.894389    -0.010892
  0.894489    -0.010896
  0.894589    -0.010901
  0.894689    -0.010906
  0.894789    -0.010910
  0.894889    -0.010915
  0.894989    -0.010920
  0.895090    -0.010924
  0.895190    -0.010929
  0.895290    -0.010933
  0.895390    -0.010937
  0.895490    -0.010942
  0.895590    -0.010946
  0.895690    -0.010951
  0.895790    -0.010955
  0.895890    -0.010959
  0.895990    -0.010963
  0.896090    -0.010968
  0.896190    -0.010972
  0.896290    -0.010976
  0.896390    -0.010980
  0.896490    -0.010984
  0.896590    -0.010988
  0.896690    -0.010993
  0.896790    -0.010997
  0.896890    -0.011001
  0.896990    -0.011005
  0.897090    -0.011009
  0.897190    -0.011012
  0.897290    -0.011016
  0.897390    -0.011020
  0.897490    -0.011024
  0.897590    -0.011028
  0.897690    -0.011032
  0.897790    -0.011035
  0.897890    -0.011039
  0.897990    -0.011043
  0.898090    -0.011046
  0.898190    -0.011050
  0.898290    -0.011054
  0.898390    -0.011057
  0.898490    -0.011061
  0.898590    -0.011064
  0.898690    -0.011068
  0.898790    -0.011071
  0.898890    -0.011075
  0.898990    -0.011078
  0.899090    -0.011082
  0.899190    -0.011085
  0.899290    -0.011088
  0.899390    -0.011092
  0.899490    -0.011095
  0.899590    -0.011098
  0.899690    -0.011101
  0.899790    -0.011105
  0.899890    -0.011108
  0.899990    -0.011111
  0.900090    -0.011114
  0.900190    -0.011117
  0.900290    -0.011120
  0.900390    -0.011123
  0.900490    -0.011126
  0.900590    -0.011129
  0.900690    -0.011132
  0.900790    -0.011135
  0.900890    -0.011138
  0.900990    -0.011141
  0.901090    -0.011143
  0.901190    -0.011146
  0.901290    -0.011149
  0.901390    -0.011152
  0.901490    -0.011154
  0.901590    -0.011157
  0.901690    -0.011160
  0.901790    -0.011162
  0.901890    -0.011165
  0.901990    -0.011167
  0.902090    -0.011170
  0.902190    -0.011172
  0.902290    -0.011175
  0.902390    -0.011177
  0.902490    -0.011180
  0.902590    -0.011182
  0.902690    -0.011185
  0.902790    -0.011187
  0.902890    -0.011189
  0.902990    -0.011191
  0.903090    -0.011194
  0.903190    -0.011196
  0.903290    -0.011198
  0.903390    -0.011200
  0.903490    -0.011202
  0.903590    -0.011204
  0.903690    -0.011207
  0.903790    -0.011209
  0.903890    -0.011211
  0.903990    -0.011213
  0.904090    -0.011215
  0.904190    -0.011217
  0.904290    -0.011218
  0.904390    -0.011220
  0.904490    -0.011222
  0.904590    -0.011224
  0.904690    -0.011226
  0.904790    -0.011228
  0.904890    -0.011229
  0.904990    -0.011231
  0.905091    -0.011233
  0.905191    -0.011234
  0.905291    -0.011236
  0.905391    -0.011237
  0.905491    -0.011239
  0.905591    -0.011241
  0.905691    -0.011242
  0.905791    -0.011244
  0.905891    -0.011245
  0.905991    -0.011246
  0.906091    -0.011248
  0.906191    -0.011249
  0.906291    -0.011251
  0.906391    -0.011252
  0.906491    -0.011253
  0.906591    -0.011254
  0.906691    -0.011256
  0.906791    -0.011257
  0.906891    -0.011258
  0.906991    -0.011259
  0.907091    -0.011260
  0.907191    -0.011261
  0.907291    -0.011262
  0.907391    -0.011263
  0.907491    -0.011264
  0.907591    -0.011265
  0.907691    -0.011266
  0.907791    -0.011267
  0.907891    -0.011268
  0.907991    -0.011269
  0.908091    -0.011270
  0.908191    -0.011271
  0.908291    -0.011271
  0.908391    -0.011272
  0.908491    -0.011273
  0.908591    -0.011273
  0.908691    -0.011274
  0.908791    -0.011275
  0.908891    -0.011275
  0.908991    -0.011276
  0.909091    -0.011276
  0.909191    -0.011277
  0.909291    -0.011277
  0.909391    -0.011278
  0.909491    -0.011278
  0.909591    -0.011279
  0.909691    -0.011279
  0.909791    -0.011279
  0.909891    -0.011280
  0.909991    -0.011280
  0.910091    -0.011280
  0.910191    -0.011280
  0.910291    -0.011281
  0.910391    -0.011281
  0.910491    -0.011281
  0.910591    -0.011281
  0.910691    -0.011281
  0.910791    -0.011281
  0.910891    -0.011281
  0.910991    -0.011281
  0.911091    -0.011281
  0.911191    -0.011281
  0.911291    -0.011281
  0.911391    -0.011281
  0.911491    -0.011281
  0.911591    -0.011281
  0.911691    -0.011280
  0.911791    -0.011280
  0.911891    -0.011280
  0.911991    -0.011280
  0.912091    -0.011279
  0.912191    -0.011279
  0.912291    -0.011279
  0.912391    -0.011278
  0.912491    -0.011278
  0.912591    -0.011277
  0.912691    -0.011277
  0.912791    -0.011276
  0.912891    -0.011276
  0.912991    -0.011275
  0.913091    -0.011275
  0.913191    -0.011274
  0.913291    -0.011273
  0.913391    -0.011273
  0.913491    -0.011272
  0.913591    -0.011271
  0.913691    -0.011270
  0.913791    -0.011270
  0.913891    -0.011269
  0.913991    -0.011268
  0.914091    -0.011267
  0.914191    -0.011266
  0.914291    -0.011265
  0.914391    -0.011264
  0.914491    -0.011263
  0.914591    -0.011262
  0.914691    -0.011261
  0.914791    -0.011260
  0.914891    -0.011259
  0.914991    -0.011258
  0.915092    -0.011257
  0.915192    -0.011256
  0.915292    -0.011254
  0.915392    -0.011253
  0.915492    -0.011252
  0.915592    -0.011250
  0.915692    -0.011249
  0.915792    -0.011248
  0.915892    -0.011246
  0.915992    -0.011245
  0.916092    -0.011243
  0.916192    -0.011242
  0.916292    -0.011240
  0.916392    -0.011239
  0.916492    -0.011237
  0.916592    -0.011236
  0.916692    -0.011234
  0.916792    -0.011233
  0.916892    -0.011231
  0.916992    -0.011229
  0.917092    -0.011227
  0.917192    -0.011226
  0.917292    -0.011224
  0.917392    -0.011222
  0.917492    -0.011220
  0.917592    -0.011218
  0.917692    -0.011216
  0.917792    -0.011214
  0.917892    -0.011212
  0.917992    -0.011210
  0.918092    -0.011208
  0.918192    -0.011206
  0.918292    -0.011204
  0.918392    -0.011202
  0.918492    -0.011200
  0.918592    -0.011198
  0.918692    -0.011196
  0.918792    -0.011194
  0.918892    -0.011191
  0.918992    -0.011189
  0.919092    -0.011187
  0.919192    -0.011184
  0.919292    -0.011182
  0.919392    -0.011180
  0.919492    -0.011177
  0.919592    -0.011175
  0.919692    -0.011172
  0.919792    -0.011170
  0.919892    -0.011167
  0.919992    -0.011165
  0.920092    -0.011162
  0.920192    -0.011159
  0.920292    -0.011157
  0.920392    -0.011154
  0.920492    -0.011151
  0.920592    -0.011149
  0.920692    -0.011146
  0.920792    -0.011143
  0.920892    -0.011140
  0.920992    -0.011137
  0.921092    -0.011135
  0.921192    -0.011132
  0.921292    -0.011129
  0.921392    -0.011126
  0.921492    -0.011123
  0.921592    -0.011120
  0.921692    -0.011117
  0.921792    -0.011114
  0.921892    -0.011111
  0.921992    -0.011107
  0.922092    -0.011104
  0.922192    -0.011101
  0.922292    -0.011098
  0.922392    -0.011095
  0.922492    -0.011091
  0.922592    -0.011088
  0.922692    -0.011085
  0.922792    -0.011081
  0.922892    -0.011078
  0.922992    -0.011075
  0.923092    -0.011071
  0.923192    -0.011068
  0.923292    -0.011064
  0.923392    -0.011061
  0.923492    -0.011057
  0.923592    -0.011053
  0.923692    -0.011050
  0.923792    -0.011046
  0.923892    -0.011043
  0.923992    -0.011039
  0.924092    -0.011035
  0.924192    -0.011031
  0.924292    -0.011028
  0.924392    -0.011024
  0.924492    -0.011020
  0.924592    -0.011016
  0.924692    -0.011012
  0.924792    -0.011008
  0.924892    -0.011004
  0.924992    -0.011000
  0.925093    -0.010996
  0.925193    -0.010992
  0.925293    -0.010988
  0.925393    -0.010984
  0.925493    -0.010980
  0.925593    -0.010976
  0.925693    -0.010972
  0.925793    -0.010967
  0.925893    -0.010963
  0.925993    -0.010959
  0.926093    -0.010955
  0.926193    -0.010950
  0.926293    -0.010946
  0.926393    -0.010942
  0.926493    -0.010937
  0.926593    -0.010933
  0.926693    -0.010928
  0.926793    -0.010924
  0.926893    -0.010919
  0.926993    -0.010915
  0.927093    -0.010910
  0.927193    -0.010905
  0.927293    -0.010901
  0.927393    -0.010896
  0.927493    -0.010891
  0.927593    -0.010887
  0.927693    -0.010882
  0.927793    -0.010877
  0.927893    -0.010872
  0.927993    -0.010868
  0.928093    -0.010863
  0.928193    -0.010858
  0.928293    -0.010853
  0.928393    -0.010848
  0.928493    -0.010843
  0.928593    -0.010838
  0.928693    -0.010833
  0.928793    -0.010828
  0.928893    -0.010823
  0.928993    -0.010818
  0.929093    -0.010812
  0.929193    -0.010807
  0.929293    -0.010802
  0.929393    -0.010797
  0.929493    -0.010792
  0.929593    -0.010786
  0.929693    -0.010781
  0.929793    -0.010776
  0.929893    -0.010770
  0.929993    -0.010765
  0.930093    -0.010759
  0.930193    -0.010754
  0.930293    -0.010748
  0.930393    -0.010743
  0.930493    -0.010737
  0.930593    -0.010732
  0.930693    -0.010726
  0.930793    -0.010721
  0.930893    -0.010715
  0.930993    -0.010709
  0.931093    -0.010703
  0.931193    -0.010698
  0.931293    -0.010692
  0.931393    -0.010686
  0.931493    -0.010680
  0.931593    -0.010674
  0.931693    -0.010669
  0.931793    -0.010663
  0.931893    -0.010657
  0.931993    -0.010651
  0.932093    -0.010645
  0.932193    -0.010639
  0.932293    -0.010633
  0.932393    -0.010627
  0.932493    -0.010620
  0.932593    -0.010614
  0.932693    -0.010608
  0.932793    -0.010602
  0.932893    -0.010596
  0.932993    -0.010589
  0.933093    -0.010583
  0.933193    -0.010577
  0.933293    -0.010570
  0.933393    -0.010564
  0.933493    -0.010558
  0.933593    -0.010551
  0.933693    -0.010545
  0.933793    -0.010538
  0.933893    -0.010532
  0.933993    -0.010525
  0.934093    -0.010519
  0.934193    -0.010512
  0.934293    -0.010505
  0.934393    -0.010499
  0.934493    -0.010492
  0.934593    -0.010485
  0.934693    -0.010479
  0.934793    -0.010472
  0.934893    -0.010465
  0.934993    -0.010458
  0.935094    -0.010451
  0.935194    -0.010444
  0.935294    -0.010438
  0.935394    -0.010431
  0.935494    -0.010424
  0.935594    -0.010417
  0.935694    -0.010410
  0.935794    -0.010403
  0.935894    -0.010395
  0.935994    -0.010388
  0.936094    -0.010381
  0.936194    -0.010374
  0.936294    -0.010367
  0.936394    -0.010360
  0.936494    -0.010352
  0.936594    -0.010345
  0.936694    -0.010338
  0.936794    -0.010330
  0.936894    -0.010323
  0.936994    -0.010316
  0.937094    -0.010308
  0.937194    -0.010301
  0.937294    -0.010293
  0.937394    -0.010286
  0.937494    -0.010278
  0.937594    -0.010271
  0.937694    -0.010263
  0.937794    -0.010255
  0.937894    -0.010248
  0.937994    -0.010240
  0.938094    -0.010232
  0.938194    -0.010225
  0.938294    -0.010217
  0.938394    -0.010209
  0.938494    -0.010201
  0.938594    -0.010193
  0.938694    -0.010186
  0.938794    -0.010178
  0.938894    -0.010170
  0.938994    -0.010162
  0.939094    -0.010154
  0.939194    -0.010146
  0.939294    -0.010138
  0.939394    -0.010130
  0.939494    -0.010121
  0.939594    -0.010113
  0.939694    -0.010105
  0.939794    -0.010097
  0.939894    -0.010089
  0.939994    -0.010080
  0.940094    -0.010072
  0.940194    -0.010064
  0.940294    -0.010056
  0.940394    -0.010047
  0.940494    -0.010039
  0.940594    -0.010030
  0.940694    -0.010022
  0.940794    -0.010013
  0.940894    -0.010005
  0.940994    -0.009996
  0.941094    -0.009988
  0.941194    -0.009979
  0.941294    -0.009971
  0.941394    -0.009962
  0.941494    -0.009953
  0.941594    -0.009945
  0.941694    -0.009936
  0.941794    -0.009927
  0.941894    -0.009918
  0.941994    -0.009909
  0.942094    -0.009901
  0.942194    -0.009892
  0.942294    -0.009883
  0.942394    -0.009874
  0.942494    -0.009865
  0.942594    -0.009856
  0.942694    -0.009847
  0.942794    -0.009838
  0.942894    -0.009829
  0.942994    -0.009820
  0.943094    -0.009811
  0.943194    -0.009801
  0.943294    -0.009792
  0.943394    -0.009783
  0.943494    -0.009774
  0.943594    -0.009764
  0.943694    -0.009755
  0.943794    -0.009746
  0.943894    -0.009736
  0.943994    -0.009727
  0.944094    -0.009718
  0.944194    -0.009708
  0.944294    -0.009699
  0.944394    -0.009689
  0.944494    -0.009680
  0.944594    -0.009670
  0.944694    -0.009661
  0.944794    -0.009651
  0.944894    -0.009641
  0.944994    -0.009632
  0.945095    -0.009622
  0.945195    -0.009612
  0.945295    -0.009602
  0.945395    -0.009593
  0.945495    -0.009583
  0.945595    -0.009573
  0.945695    -0.009563
  0.945795    -0.009553
  0.945895    -0.009543
  0.945995    -0.009533
  0.946095    -0.009523
  0.946195    -0.009513
  0.946295    -0.009503
  0.946395    -0.009493
  0.946495    -0.009483
  0.946595    -0.009473
  0.946695    -0.009463
  0.946795    -0.009453
  0.946895    -0.009442
  0.946995    -0.009432
  0.947095    -0.009422
  0.947195    -0.009412
  0.947295    -0.009401
  0.947395    -0.009391
  0.947495    -0.009381
  0.947595    -0.009370
  0.947695    -0.009360
  0.947795    -0.009349
  0.947895    -0.009339
  0.947995    -0.009328
  0.948095    -0.009318
  0.948195    -0.009307
  0.948295    -0.009296
  0.948395    -0.009286
  0.948495    -0.009275
  0.948595    -0.009264
  0.948695    -0.009254
  0.948795    -0.009243
  0.948895    -0.009232
  0.948995    -0.009221
  0.949095    -0.009211
  0.949195    -0.009200
  0.949295    -0.009189
  0.949395    -0.009178
  0.949495    -0.009167
  0.949595    -0.009156
  0.949695    -0.009145
  0.949795    -0.009134
  0.949895    -0.009123
  0.949995    -0.009112
  0.950095    -0.009101
  0.950195    -0.009089
  0.950295    -0.009078
  0.950395    -0.009067
  0.950495    -0.009056
  0.950595    -0.009044
  0.950695    -0.009033
  0.950795    -0.009022
  0.950895    -0.009011
  0.950995    -0.008999
  0.951095    -0.008988
  0.951195    -0.008976
  0.951295    -0.008965
  0.951395    -0.008953
  0.951495    -0.008942
  0.951595    -0.008930
  0.951695    -0.008919
  0.951795    -0.008907
  0.951895    -0.008895
  0.951995    -0.008884
  0.952095    -0.008872
  0.952195    -0.008860
  0.952295    -0.008849
  0.952395    -0.008837
  0.952495    -0.008825
  0.952595    -0.008813
  0.952695    -0.008801
  0.952795    -0.008789
  0.952895    -0.008777
  0.952995    -0.008766
  0.953095    -0.008754
  0.953195    -0.008742
  0.953295    -0.008730
  0.953395    -0.008717
  0.953495    -0.008705
  0.953595    -0.008693
  0.953695    -0.008681
  0.953795    -0.008669
  0.953895    -0.008657
  0.953995    -0.008644
  0.954095    -0.008632
  0.954195    -0.008620
  0.954295    -0.008608
  0.954395    -0.008595
  0.954495    -0.008583
  0.954595    -0.008570
  0.954695    -0.008558
  0.954795    -0.008546
  0.954895    -0.008533
  0.954995    -0.008521
  0.955096    -0.008508
  0.955196    -0.008495
  0.955296    -0.008483
  0.955396    -0.008470
  0.955496    -0.008458
  0.955596    -0.008445
  0.955696    -0.008432
  0.955796    -0.008419
  0.955896    -0.008407
  0.955996    -0.008394
  0.956096    -0.008381
  0.956196    -0.008368
  0.956296    -0.008355
  0.956396    -0.008342
  0.956496    -0.008329
  0.956596    -0.008316
  0.956696    -0.008303
  0.956796    -0.008290
  0.956896    -0.008277
  0.956996    -0.008264
  0.957096    -0.008251
  0.957196    -0.008238
  0.957296    -0.008225
  0.957396    -0.008212
  0.957496    -0.008198
  0.957596    -0.008185
  0.957696    -0.008172
  0.957796    -0.008158
  0.957896    -0.008145
  0.957996    -0.008132
  0.958096    -0.008118
  0.958196    -0.008105
  0.958296    -0.008091
  0.958396    -0.008078
  0.958496    -0.008064
  0.958596    -0.008051
  0.958696    -0.008037
  0.958796    -0.008024
  0.958896    -0.008010
  0.958996    -0.007996
  0.959096    -0.007983
  0.959196    -0.007969
  0.959296    -0.007955
  0.959396    -0.007942
  0.959496    -0.007928
  0.959596    -0.007914
  0.959696    -0.007900
  0.959796    -0.007886
  0.959896    -0.007872
  0.959996    -0.007858
  0.960096    -0.007844
  0.960196    -0.007830
  0.960296    -0.007816
  0.960396    -0.007802
  0.960496    -0.007788
  0.960596    -0.007774
  0.960696    -0.007760
  0.960796    -0.007746
  0.960896    -0.007732
  0.960996    -0.007717
  0.961096    -0.007703
  0.961196    -0.007689
  0.961296    -0.007675
  0.961396    -0.007660
  0.961496    -0.007646
  0.961596    -0.007631
  0.961696    -0.007617
  0.961796    -0.007603
  0.961896    -0.007588
  0.961996    -0.007574
  0.962096    -0.007559
  0.962196    -0.007544
  0.962296    -0.007530
  0.962396    -0.007515
  0.962496    -0.007501
  0.962596    -0.007486
  0.962696    -0.007471
  0.962796    -0.007456
  0.962896    -0.007442
  0.962996    -0.007427
  0.963096    -0.007412
  0.963196    -0.007397
  0.963296    -0.007382
  0.963396    -0.007367
  0.963496    -0.007352
  0.963596    -0.007337
  0.963696    -0.007322
  0.963796    -0.007307
  0.963896    -0.007292
  0.963996    -0.007277
  0.964096    -0.007262
  0.964196    -0.007247
  0.964296    -0.007232
  0.964396    -0.007217
  0.964496    -0.007202
  0.964596    -0.007186
  0.964696    -0.007171
  0.964796    -0.007156
  0.964896    -0.007140
  0.964996    -0.007125
  0.965097    -0.007110
  0.965197    -0.007094
  0.965297    -0.007079
  0.965397    -0.007063
  0.965497    -0.007048
  0.965597    -0.007032
  0.965697    -0.007017
  0.965797    -0.007001
  0.965897    -0.006985
  0.965997    -0.006970
  0.966097    -0.006954
  0.966197    -0.006938
  0.966297    -0.006923
  0.966397    -0.006907
  0.966497    -0.006891
  0.966597    -0.006875
  0.966697    -0.006859
  0.966797    -0.006844
  0.966897    -0.006828
  0.966997    -0.006812
  0.967097    -0.006796
  0.967197    -0.006780
  0.967297    -0.006764
  0.967397    -0.006748
  0.967497    -0.006732
  0.967597    -0.006716
  0.967697    -0.006699
  0.967797    -0.006683
  0.967897    -0.006667
  0.967997    -0.006651
  0.968097    -0.006635
  0.968197    -0.006618
  0.968297    -0.006602
  0.968397    -0.006586
  0.968497    -0.006569
  0.968597    -0.006553
  0.968697    -0.006537
  0.968797    -0.006520
  0.968897    -0.006504
  0.968997    -0.006487
  0.969097    -0.006471
  0.969197    -0.006454
  0.969297    -0.006437
  0.969397    -0.006421
  0.969497    -0.006404
  0.969597    -0.006387
  0.969697    -0.006371
  0.969797    -0.006354
  0.969897    -0.006337
  0.969997    -0.006321
  0.970097    -0.006304
  0.970197    -0.006287
  0.970297    -0.006270
  0.970397    -0.006253
  0.970497    -0.006236
  0.970597    -0.006219
  0.970697    -0.006202
  0.970797    -0.006185
  0.970897    -0.006168
  0.970997    -0.006151
  0.971097    -0.006134
  0.971197    -0.006117
  0.971297    -0.006100
  0.971397    -0.006083
  0.971497    -0.006065
  0.971597    -0.006048
  0.971697    -0.006031
  0.971797    -0.006013
  0.971897    -0.005996
  0.971997    -0.005979
  0.972097    -0.005961
  0.972197    -0.005944
  0.972297    -0.005927
  0.972397    -0.005909
  0.972497    -0.005892
  0.972597    -0.005874
  0.972697    -0.005857
  0.972797    -0.005839
  0.972897    -0.005821
  0.972997    -0.005804
  0.973097    -0.005786
  0.973197    -0.005768
  0.973297    -0.005751
  0.973397    -0.005733
  0.973497    -0.005715
  0.973597    -0.005697
  0.973697    -0.005679
  0.973797    -0.005662
  0.973897    -0.005644
  0.973997    -0.005626
  0.974097    -0.005608
  0.974197    -0.005590
  0.974297    -0.005572
  0.974397    -0.005554
  0.974497    -0.005536
  0.974597    -0.005518
  0.974697    -0.005499
  0.974797    -0.005481
  0.974897    -0.005463
  0.974997    -0.005445
  0.975098    -0.005427
  0.975198    -0.005408
  0.975298    -0.005390
  0.975398    -0.005372
  0.975498    -0.005353
  0.975598    -0.005335
  0.975698    -0.005317
  0.975798    -0.005298
  0.975898    -0.005280
  0.975998    -0.005261
  0.976098    -0.005243
  0.976198    -0.005224
  0.976298    -0.005206
  0.976398    -0.005187
  0.976498    -0.005168
  0.976598    -0.005150
  0.976698    -0.005131
  0.976798    -0.005112
  0.976898    -0.005094
  0.976998    -0.005075
  0.977098    -0.005056
  0.977198    -0.005037
  0.977298    -0.005018
  0.977398    -0.004999
  0.977498    -0.004980
  0.977598    -0.004961
  0.977698    -0.004942
  0.977798    -0.004923
  0.977898    -0.004904
  0.977998    -0.004885
  0.978098    -0.004866
  0.978198    -0.004847
  0.978298    -0.004828
  0.978398    -0.004809
  0.978498    -0.004790
  0.978598    -0.004770
  0.978698    -0.004751
  0.978798    -0.004732
  0.978898    -0.004713
  0.978998    -0.004693
  0.979098    -0.004674
  0.979198    -0.004654
  0.979298    -0.004635
  0.979398    -0.004616
  0.979498    -0.004596
  0.979598    -0.004577
  0.979698    -0.004557
  0.979798    -0.004537
  0.979898    -0.004518
  0.979998    -0.004498
  0.980098    -0.004479
  0.980198    -0.004459
  0.980298    -0.004439
  0.980398    -0.004419
  0.980498    -0.004400
  0.980598    -0.004380
  0.980698    -0.004360
  0.980798    -0.004340
  0.980898    -0.004320
  0.980998    -0.004300
  0.981098    -0.004280
  0.981198    -0.004260
  0.981298    -0.004240
  0.981398    -0.004220
  0.981498    -0.004200
  0.981598    -0.004180
  0.981698    -0.004160
  0.981798    -0.004140
  0.981898    -0.004120
  0.981998    -0.004100
  0.982098    -0.004079
  0.982198    -0.004059
  0.982298    -0.004039
  0.982398    -0.004018
  0.982498    -0.003998
  0.982598    -0.003978
  0.982698    -0.003957
  0.982798    -0.003937
  0.982898    -0.003916
  0.982998    -0.003896
  0.983098    -0.003875
  0.983198    -0.003855
  0.983298    -0.003834
  0.983398    -0.003814
  0.983498    -0.003793
  0.983598    -0.003772
  0.983698    -0.003752
  0.983798    -0.003731
  0.983898    -0.003710
  0.983998    -0.003690
  0.984098    -0.003669
  0.984198    -0.003648
  0.984298    -0.003627
  0.984398    -0.003606
  0.984498    -0.003585
  0.984598    -0.003564
  0.984698    -0.003543
  0.984798    -0.003522
  0.984898    -0.003501
  0.984998    -0.003480
  0.985099    -0.003459
  0.985199    -0.003438
  0.985299    -0.003417
  0.985399    -0.003396
  0.985499    -0.003375
  0.985599    -0.003353
  0.985699    -0.003332
  0.985799    -0.003311
  0.985899    -0.003290
  0.985999    -0.003268
  0.986099    -0.003247
  0.986199    -0.003225
  0.986299    -0.003204
  0.986399    -0.003183
  0.986499    -0.003161
  0.986599    -0.003140
  0.986699    -0.003118
  0.986799    -0.003096
  0.986899    -0.003075
  0.986999    -0.003053
  0.987099    -0.003032
  0.987199    -0.003010
  0.987299    -0.002988
  0.987399    -0.002966
  0.987499    -0.002945
  0.987599    -0.002923
  0.987699    -0.002901
  0.987799    -0.002879
  0.987899    -0.002857
  0.987999    -0.002835
  0.988099    -0.002814
  0.988199    -0.002792
  0.988299    -0.002770
  0.988399    -0.002748
  0.988499    -0.002725
  0.988599    -0.002703
  0.988699    -0.002681
  0.988799    -0.002659
  0.988899    -0.002637
  0.988999    -0.002615
  0.989099    -0.002593
  0.989199    -0.002570
  0.989299    -0.002548
  0.989399    -0.002526
  0.989499    -0.002503
  0.989599    -0.002481
  0.989699    -0.002459
  0.989799    -0.002436
  0.989899    -0.002414
  0.989999    -0.002391
  0.990099    -0.002369
  0.990199    -0.002346
  0.990299    -0.002324
  0.990399    -0.002301
  0.990499    -0.002279
  0.990599    -0.002256
  0.990699    -0.002233
  0.990799    -0.002210
  0.990899    -0.002188
  0.990999    -0.002165
  0.991099    -0.002142
  0.991199    -0.002119
  0.991299    -0.002097
  0.991399    -0.002074
  0.991499    -0.002051
  0.991599    -0.002028
  0.991699    -0.002005
  0.991799    -0.001982
  0.991899    -0.001959
  0.991999    -0.001936
  0.992099    -0.001913
  0.992199    -0.001890
  0.992299    -0.001867
  0.992399    -0.001843
  0.992499    -0.001820
  0.992599    -0.001797
  0.992699    -0.001774
  0.992799    -0.001750
  0.992899    -0.001727
  0.992999    -0.001704
  0.993099    -0.001680
  0.993199    -0.001657
  0.993299    -0.001634
  0.993399    -0.001610
  0.993499    -0.001587
  0.993599    -0.001563
  0.993699    -0.001540
  0.993799    -0.001516
  0.993899    -0.001493
  0.993999    -0.001469
  0.994099    -0.001445
  0.994199    -0.001422
  0.994299    -0.001398
  0.994399    -0.001374
  0.994499    -0.001350
  0.994599    -0.001327
  0.994699    -0.001303
  0.994799    -0.001279
  0.994899    -0.001255
  0.994999    -0.001231
  0.995100    -0.001207
  0.995200    -0.001183
  0.995300    -0.001159
  0.995400    -0.001135
  0.995500    -0.001111
  0.995600    -0.001087
  0.995700    -0.001063
  0.995800    -0.001039
  0.995900    -0.001015
  0.996000    -0.000991
  0.996100    -0.000966
  0.996200    -0.000942
  0.996300    -0.000918
  0.996400    -0.000894
  0.996500    -0.000869
  0.996600    -0.000845
  0.996700    -0.000821
  0.996800    -0.000796
  0.996900    -0.000772
  0.997000    -0.000747
  0.997100    -0.000723
  0.997200    -0.000698
  0.997300    -0.000674
  0.997400    -0.000649
  0.997500    -0.000625
  0.997600    -0.000600
  0.997700    -0.000575
  0.997800    -0.000551
  0.997900    -0.000526
  0.998000    -0.000501
  0.998100    -0.000476
  0.998200    -0.000451
  0.998300    -0.000427
  0.998400    -0.000402
  0.998500    -0.000377
  0.998600    -0.000352
  0.998700    -0.000327
  0.998800    -0.000302
  0.998900    -0.000277
  0.999000    -0.000252
  0.999100    -0.000227
  0.999200    -0.000202
  0.999300    -0.000177
  0.999400    -0.000152
  0.999500    -0.000126
  0.999600    -0.000101
  0.999700    -0.000076
  0.999800    -0.000051
  0.999900    -0.000025
  1.000000    -0.000000
