  0.000000     0.000000
  0.000100     0.000070
  0.000200     0.000140
  0.000300     0.000210
  0.000400     0.000280
  0.000500     0.000350
  0.000600     0.000420
  0.000700     0.000490
  0.000800     0.000560
  0.000900     0.000630
  0.001000     0.000700
  0.001100     0.000770
  0.001200     0.000840
  0.001300     0.000910
  0.001400     0.000980
  0.001500     0.001050
  0.001600     0.001120
  0.001700     0.001190
  0.001800     0.001260
  0.001900     0.001330
  0.002000     0.001400
  0.002100     0.001470
  0.002200     0.001540
  0.002300     0.001610
  0.002400     0.001680
  0.002500     0.001750
  0.002600     0.001820
  0.002700     0.001890
  0.002800     0.001960
  0.002900     0.002030
  0.003000     0.002100
  0.003100     0.002170
  0.003200     0.002240
  0.003300     0.002310
  0.003400     0.002380
  0.003500     0.002450
  0.003600     0.002520
  0.003700     0.002590
  0.003800     0.002660
  0.003900     0.002730
  0.004000     0.002800
  0.004100     0.002870
  0.004200     0.002940
  0.004300     0.003010
  0.004400     0.003080
  0.004500     0.003150
  0.004600     0.003220
  0.004700     0.003290
  0.004800     0.003360
  0.004900     0.003430
  0.005001     0.003500
  0.005101     0.003570
  0.005201     0.003640
  0.005301     0.003710
  0.005401     0.003780
  0.005501     0.003850
  0.005601     0.003920
  0.005701     0.003990
  0.005801     0.004060
  0.005901     0.004130
  0.006001     0.004200
  0.006101     0.004270
  0.006201     0.004340
  0.006301     0.004410
  0.006401     0.004480
  0.006501     0.004550
  0.006601     0.004620
  0.006701     0.004690
  0.006801     0.004760
  0.006901     0.004830
  0.007001     0.004900
  0.007101     0.004970
  0.007201     0.005041
  0.007301     0.005111
  0.007401     0.005181
  0.007501     0.005251
  0.007601     0.005321
  0.007701     0.005391
  0.007801     0.005461
  0.007901     0.005531
  0.008001     0.005601
  0.008101     0.005671
  0.008201     0.005741
  0.008301     0.005811
  0.008401     0.005881
  0.008501     0.005951
  0.008601     0.006021
  0.008701     0.006091
  0.008801     0.006161
  0.008901     0.006231
  0.009001     0.006301
  0.009101     0.006371
  0.009201     0.006441
  0.009301     0.006511
  0.009401     0.006581
  0.009501     0.006651
  0.009601     0.006721
  0.009701     0.006791
  0.009801     0.006861
  0.009901     0.006931
  0.010001     0.007001
  0.010101     0.007071
  0.010201     0.007141
  0.010301     0.007211
  0.010401     0.007281
  0.010501     0.007351
  0.010601     0.007421
  0.010701     0.007491
  0.010801     0.007561
  0.010901     0.007631
  0.011001     0.007701
  0.011101     0.007771
  0.011201     0.007841
  0.011301     0.007911
  0.011401     0.007981
  0.011501     0.008051
  0.011601     0.008121
  0.011701     0.008191
  0.011801     0.008261
  0.011901     0.008331
  0.012001     0.008401
  0.012101     0.008471
  0.012201     0.008541
  0.012301     0.008611
  0.012401     0.008681
  0.012501     0.008751
  0.012601     0.008821
  0.012701     0.008891
  0.012801     0.008961
  0.012901     0.009031
  0.013001     0.009101
  0.013101     0.009171
  0.013201     0.009241
  0.013301     0.009311
  0.013401     0.009381
  0.013501     0.009451
  0.013601     0.009521
  0.013701     0.009591
  0.013801     0.009661
  0.013901     0.009731
  0.014001     0.009801
  0.014101     0.009871
  0.014201     0.009941
  0.014301     0.010011
  0.014401     0.010081
  0.014501     0.010151
  0.014601     0.010221
  0.014701     0.010291
  0.014801     0.010361
  0.014901     0.010431
  0.015002     0.010501
  0.015102     0.010571
  0.015202     0.010641
  0.015302     0.010711
  0.015402     0.010781
  0.015502     0.010851
  0.015602     0.010921
  0.015702     0.010991
  0.015802     0.011061
  0.015902     0.011131
  0.016002     0.011201
  0.016102     0.011271
  0.016202     0.011341
  0.016302     0.011411
  0.016402     0.011481
  0.016502     0.011551
  0.016602     0.011621
  0.016702     0.011691
  0.016802     0.011761
  0.016902     0.011831
  0.017002     0.011901
  0.017102     0.011971
  0.017202     0.012041
  0.017302     0.012111
  0.017402     0.012181
  0.017502     0.012251
  0.017602     0.012321
  0.017702     0.012391
  0.017802     0.012461
  0.017902     0.012531
  0.018002     0.012601
  0.018102     0.012671
  0.018202     0.012741
  0.018302     0.012811
  0.018402     0.012881
  0.018502     0.012951
  0.018602     0.013021
  0.018702     0.013091
  0.018802     0.013161
  0.018902     0.013231
  0.019002     0.013301
  0.019102     0.013371
  0.019202     0.013441
  0.019302     0.013511
  0.019402     0.013581
  0.019502     0.013651
  0.019602     0.013721
  0.019702     0.013791
  0.019802     0.013861
  0.019902     0.013931
  0.020002     0.014001
  0.020102     0.014071
  0.020202     0.014141
  0.020302     0.014211
  0.020402     0.014281
  0.020502     0.014351
  0.020602     0.014421
  0.020702     0.014491
  0.020802     0.014561
  0.020902     0.014631
  0.021002     0.014701
  0.021102     0.014771
  0.021202     0.014841
  0.021302     0.014911
  0.021402     0.014981
  0.021502     0.015052
  0.021602     0.015122
  0.021702     0.015192
  0.021802     0.015262
  0.021902     0.015332
  0.022002     0.015402
  0.022102     0.015472
  0.022202     0.015542
  0.022302     0.015612
  0.022402     0.015682
  0.022502     0.015752
  0.022602     0.015822
  0.022702     0.015892
  0.022802     0.015962
  0.022902     0.016032
  0.023002     0.016102
  0.023102     0.016172
  0.023202     0.016242
  0.023302     0.016312
  0.023402     0.016382
  0.023502     0.016452
  0.023602     0.016522
  0.023702     0.016592
  0.023802     0.016662
  0.023902     0.016732
  0.024002     0.016802
  0.024102     0.016872
  0.024202     0.016942
  0.024302     0.017012
  0.024402     0.017082
  0.024502     0.017152
  0.024602     0.017222
  0.024702     0.017292
  0.024802     0.017362
  0.024902     0.017432
  0.025003     0.017502
  0.025103     0.017572
  0.025203     0.017642
  0.025303     0.017712
  0.025403     0.017782
  0.025503     0.017852
  0.025603     0.017922
  0.025703     0.017992
  0.025803     0.018062
  0.025903     0.018132
  0.026003     0.018202
  0.026103     0.018272
  0.026203     0.018342
  0.026303     0.018412
  0.026403     0.018482
  0.026503     0.018552
  0.026603     0.018622
  0.026703     0.018692
  0.026803     0.018762
  0.026903     0.018832
  0.027003     0.018902
  0.027103     0.018972
  0.027203     0.019042
  0.027303     0.019112
  0.027403     0.019182
  0.027503     0.019252
  0.027603     0.019322
  0.027703     0.019392
  0.027803     0.019462
  0.027903     0.019532
  0.028003     0.019602
  0.028103     0.019672
  0.028203     0.019742
  0.028303     0.019812
  0.028403     0.019882
  0.028503     0.019952
  0.028603     0.020022
  0.028703     0.020092
  0.028803     0.020162
  0.028903     0.020232
  0.029003     0.020302
  0.029103     0.020372
  0.029203     0.020442
  0.029303     0.020512
  0.029403     0.020582
  0.029503     0.020652
  0.029603     0.020722
  0.029703     0.020792
  0.029803     0.020862
  0.029903     0.020932
  0.030003     0.021002
  0.030103     0.021072
  0.030203     0.021142
  0.030303     0.021212
  0.030403     0.021282
  0.030503     0.021352
  0.030603     0.021422
  0.030703     0.021492
  0.030803     0.021562
  0.030903     0.021632
  0.031003     0.021702
  0.031103     0.021772
  0.031203     0.021842
  0.031303     0.021912
  0.031403     0.021982
  0.031503     0.022052
  0.031603     0.022122
  0.031703     0.022192
  0.031803     0.022262
  0.031903     0.022332
  0.032003     0.022402
  0.032103     0.022472
  0.032203     0.022542
  0.032303     0.022612
  0.032403     0.022682
  0.032503     0.022752
  0.032603     0.022822
  0.032703     0.022892
  0.032803     0.022962
  0.032903     0.023032
  0.033003     0.023102
  0.033103     0.023172
  0.033203     0.023242
  0.033303     0.023312
  0.033403     0.023382
  0.033503     0.023452
  0.033603     0.023522
  0.033703     0.023592
  0.033803     0.023662
  0.033903     0.023732
  0.034003     0.023802
  0.034103     0.023872
  0.034203     0.023942
  0.034303     0.024012
  0.034403     0.024082
  0.034503     0.024152
  0.034603     0.024222
  0.034703     0.024292
  0.034803     0.024362
  0.034903     0.024432
  0.035004     0.024502
  0.035104     0.024572
  0.035204     0.024642
  0.035304     0.024712
  0.035404     0.024782
  0.035504     0.024852
  0.035604     0.024922
  0.035704     0.024992
  0.035804     0.025063
  0.035904     0.025133
  0.036004     0.025203
  0.036104     0.025273
  0.036204     0.025343
  0.036304     0.025413
  0.036404     0.025483
  0.036504     0.025553
  0.036604     0.025623
  0.036704     0.025693
  0.036804     0.025763
  0.036904     0.025833
  0.037004     0.025903
  0.037104     0.025973
  0.037204     0.026043
  0.037304     0.026113
  0.037404     0.026183
  0.037504     0.026253
  0.037604     0.026323
  0.037704     0.026393
  0.037804     0.026463
  0.037904     0.026533
  0.038004     0.026603
  0.038104     0.026673
  0.038204     0.026743
  0.038304     0.026813
  0.038404     0.026883
  0.038504     0.026953
  0.038604     0.027023
  0.038704     0.027093
  0.038804     0.027163
  0.038904     0.027233
  0.039004     0.027303
  0.039104     0.027373
  0.039204     0.027443
  0.039304     0.027513
  0.039404     0.027583
  0.039504     0.027653
  0.039604     0.027723
  0.039704     0.027793
  0.039804     0.027863
  0.039904     0.027933
  0.040004     0.028003
  0.040104     0.028073
  0.040204     0.028143
  0.040304     0.028213
  0.040404     0.028283
  0.040504     0.028353
  0.040604     0.028423
  0.040704     0.028493
  0.040804     0.028563
  0.040904     0.028633
  0.041004     0.028703
  0.041104     0.028773
  0.041204     0.028843
  0.041304     0.028913
  0.041404     0.028983
  0.041504     0.029053
  0.041604     0.029123
  0.041704     0.029193
  0.041804     0.029263
  0.041904     0.029333
  0.042004     0.029403
  0.042104     0.029473
  0.042204     0.029543
  0.042304     0.029613
  0.042404     0.029683
  0.042504     0.029753
  0.042604     0.029823
  0.042704     0.029893
  0.042804     0.029963
  0.042904     0.030033
  0.043004     0.030103
  0.043104     0.030173
  0.043204     0.030243
  0.043304     0.030313
  0.043404     0.030383
  0.043504     0.030453
  0.043604     0.030523
  0.043704     0.030593
  0.043804     0.030663
  0.043904     0.030733
  0.044004     0.030803
  0.044104     0.030873
  0.044204     0.030943
  0.044304     0.031013
  0.044404     0.031083
  0.044504     0.031153
  0.044604     0.031223
  0.044704     0.031293
  0.044804     0.031363
  0.044904     0.031433
  0.045005     0.031503
  0.045105     0.031573
  0.045205     0.031643
  0.045305     0.031713
  0.045405     0.031783
  0.045505     0.031853
  0.045605     0.031923
  0.045705     0.031993
  0.045805     0.032063
  0.045905     0.032133
  0.046005     0.032203
  0.046105     0.032273
  0.046205     0.032343
  0.046305     0.032413
  0.046405     0.032483
  0.046505     0.032553
  0.046605     0.032623
  0.046705     0.032693
  0.046805     0.032763
  0.046905     0.032833
  0.047005     0.032903
  0.047105     0.032973
  0.047205     0.033043
  0.047305     0.033113
  0.047405     0.033183
  0.047505     0.033253
  0.047605     0.033323
  0.047705     0.033393
  0.047805     0.033463
  0.047905     0.033533
  0.048005     0.033603
  0.048105     0.033673
  0.048205     0.033743
  0.048305     0.033813
  0.048405     0.033883
  0.048505     0.033953
  0.048605     0.034023
  0.048705     0.034093
  0.048805     0.034163
  0.048905     0.034233
  0.049005     0.034303
  0.049105     0.034373
  0.049205     0.034443
  0.049305     0.034513
  0.049405     0.034583
  0.049505     0.034653
  0.049605     0.034723
  0.049705     0.034793
  0.049805     0.034863
  0.049905     0.034933
  0.050005     0.035003
  0.050105     0.035073
  0.050205     0.035143
  0.050305     0.035213
  0.050405     0.035282
  0.050505     0.035351
  0.050605     0.035420
  0.050705     0.035489
  0.050805     0.035558
  0.050905     0.035626
  0.051005     0.035695
  0.051105     0.035763
  0.051205     0.035831
  0.051305     0.035899
  0.051405     0.035966
  0.051505     0.036034
  0.051605     0.036101
  0.051705     0.036168
  0.051805     0.036235
  0.051905     0.036302
  0.052005     0.036368
  0.052105     0.036435
  0.052205     0.036501
  0.052305     0.036567
  0.052405     0.036633
  0.052505     0.036698
  0.052605     0.036764
  0.052705     0.036829
  0.052805     0.036894
  0.052905     0.036959
  0.053005     0.037024
  0.053105     0.037089
  0.053205     0.037153
  0.053305     0.037218
  0.053405     0.037282
  0.053505     0.037346
  0.053605     0.037409
  0.053705     0.037473
  0.053805     0.037536
  0.053905     0.037600
  0.054005     0.037663
  0.054105     0.037725
  0.054205     0.037788
  0.054305     0.037851
  0.054405     0.037913
  0.054505     0.037975
  0.054605     0.038037
  0.054705     0.038099
  0.054805     0.038161
  0.054905     0.038222
  0.055006     0.038283
  0.055106     0.038344
  0.055206     0.038405
  0.055306     0.038466
  0.055406     0.038527
  0.055506     0.038587
  0.055606     0.038647
  0.055706     0.038707
  0.055806     0.038767
  0.055906     0.038827
  0.056006     0.038887
  0.056106     0.038946
  0.056206     0.039005
  0.056306     0.039064
  0.056406     0.039123
  0.056506     0.039182
  0.056606     0.039240
  0.056706     0.039298
  0.056806     0.039356
  0.056906     0.039414
  0.057006     0.039472
  0.057106     0.039530
  0.057206     0.039587
  0.057306     0.039644
  0.057406     0.039701
  0.057506     0.039758
  0.057606     0.039815
  0.057706     0.039872
  0.057806     0.039928
  0.057906     0.039984
  0.058006     0.040040
  0.058106     0.040096
  0.058206     0.040152
  0.058306     0.040207
  0.058406     0.040262
  0.058506     0.040317
  0.058606     0.040372
  0.058706     0.040427
  0.058806     0.040482
  0.058906     0.040536
  0.059006     0.040590
  0.059106     0.040644
  0.059206     0.040698
  0.059306     0.040752
  0.059406     0.040806
  0.059506     0.040859
  0.059606     0.040912
  0.059706     0.040965
  0.059806     0.041018
  0.059906     0.041071
  0.060006     0.041123
  0.060106     0.041175
  0.060206     0.041228
  0.060306     0.041280
  0.060406     0.041331
  0.060506     0.041383
  0.060606     0.041434
  0.060706     0.041486
  0.060806     0.041537
  0.060906     0.041588
  0.061006     0.041638
  0.061106     0.041689
  0.061206     0.041739
  0.061306     0.041789
  0.061406     0.041839
  0.061506     0.041889
  0.061606     0.041939
  0.061706     0.041988
  0.061806     0.042038
  0.061906     0.042087
  0.062006     0.042136
  0.062106     0.042185
  0.062206     0.042233
  0.062306     0.042282
  0.062406     0.042330
  0.062506     0.042378
  0.062606     0.042426
  0.062706     0.042474
  0.062806     0.042521
  0.062906     0.042569
  0.063006     0.042616
  0.063106     0.042663
  0.063206     0.042710
  0.063306     0.042756
  0.063406     0.042803
  0.063506     0.042849
  0.063606     0.042895
  0.063706     0.042941
  0.063806     0.042987
  0.063906     0.043033
  0.064006     0.043078
  0.064106     0.043123
  0.064206     0.043168
  0.064306     0.043213
  0.064406     0.043258
  0.064506     0.043303
  0.064606     0.043347
  0.064706     0.043391
  0.064806     0.043435
  0.064906     0.043479
  0.065007     0.043523
  0.065107     0.043566
  0.065207     0.043610
  0.065307     0.043653
  0.065407     0.043696
  0.065507     0.043739
  0.065607     0.043781
  0.065707     0.043824
  0.065807     0.043866
  0.065907     0.043908
  0.066007     0.043950
  0.066107     0.043992
  0.066207     0.044033
  0.066307     0.044075
  0.066407     0.044116
  0.066507     0.044157
  0.066607     0.044198
  0.066707     0.044238
  0.066807     0.044279
  0.066907     0.044319
  0.067007     0.044359
  0.067107     0.044399
  0.067207     0.044439
  0.067307     0.044479
  0.067407     0.044518
  0.067507     0.044558
  0.067607     0.044597
  0.067707     0.044636
  0.067807     0.044674
  0.067907     0.044713
  0.068007     0.044751
  0.068107     0.044790
  0.068207     0.044828
  0.068307     0.044866
  0.068407     0.044903
  0.068507     0.044941
  0.068607     0.044978
  0.068707     0.045015
  0.068807     0.045052
  0.068907     0.045089
  0.069007     0.045126
  0.069107     0.045162
  0.069207     0.045198
  0.069307     0.045235
  0.069407     0.045271
  0.069507     0.045306
  0.069607     0.045342
  0.069707     0.045377
  0.069807     0.045413
  0.069907     0.045448
  0.070007     0.045482
  0.070107     0.045517
  0.070207     0.045552
  0.070307     0.045586
  0.070407     0.045620
  0.070507     0.045654
  0.070607     0.045688
  0.070707     0.045722
  0.070807     0.045755
  0.070907     0.045788
  0.071007     0.045822
  0.071107     0.045854
  0.071207     0.045887
  0.071307     0.045920
  0.071407     0.045952
  0.071507     0.045984
  0.071607     0.046017
  0.071707     0.046048
  0.071807     0.046080
  0.071907     0.046112
  0.072007     0.046143
  0.072107     0.046174
  0.072207     0.046205
  0.072307     0.046236
  0.072407     0.046267
  0.072507     0.046297
  0.072607     0.046328
  0.072707     0.046358
  0.072807     0.046388
  0.072907     0.046417
  0.073007     0.046447
  0.073107     0.046476
  0.073207     0.046506
  0.073307     0.046535
  0.073407     0.046564
  0.073507     0.046592
  0.073607     0.046621
  0.073707     0.046649
  0.073807     0.046677
  0.073907     0.046705
  0.074007     0.046733
  0.074107     0.046761
  0.074207     0.046788
  0.074307     0.046816
  0.074407     0.046843
  0.074507     0.046870
  0.074607     0.046897
  0.074707     0.046923
  0.074807     0.046950
  0.074907     0.046976
  0.075008     0.047002
  0.075108     0.047028
  0.075208     0.047054
  0.075308     0.047079
  0.075408     0.047104
  0.075508     0.047130
  0.075608     0.047155
  0.075708     0.047180
  0.075808     0.047204
  0.075908     0.047229
  0.076008     0.047253
  0.076108     0.047277
  0.076208     0.047301
  0.076308     0.047325
  0.076408     0.047349
  0.076508     0.047372
  0.076608     0.047395
  0.076708     0.047418
  0.076808     0.047441
  0.076908     0.047464
  0.077008     0.047487
  0.077108     0.047509
  0.077208     0.047531
  0.077308     0.047553
  0.077408     0.047575
  0.077508     0.047597
  0.077608     0.047618
  0.077708     0.047639
  0.077808     0.047661
  0.077908     0.047682
  0.078008     0.047702
  0.078108     0.047723
  0.078208     0.047743
  0.078308     0.047764
  0.078408     0.047784
  0.078508     0.047804
  0.078608     0.047823
  0.078708     0.047843
  0.078808     0.047862
  0.078908     0.047882
  0.079008     0.047901
  0.079108     0.047920
  0.079208     0.047938
  0.079308     0.047957
  0.079408     0.047975
  0.079508     0.047993
  0.079608     0.048011
  0.079708     0.048029
  0.079808     0.048047
  0.079908     0.048064
  0.080008     0.048081
  0.080108     0.048098
  0.080208     0.048115
  0.080308     0.048132
  0.080408     0.048149
  0.080508     0.048165
  0.080608     0.048181
  0.080708     0.048197
  0.080808     0.048213
  0.080908     0.048229
  0.081008     0.048244
  0.081108     0.048260
  0.081208     0.048275
  0.081308     0.048290
  0.081408     0.048305
  0.081508     0.048319
  0.081608     0.048334
  0.081708     0.048348
  0.081808     0.048362
  0.081908     0.048376
  0.082008     0.048390
  0.082108     0.048404
  0.082208     0.048417
  0.082308     0.048430
  0.082408     0.048443
  0.082508     0.048456
  0.082608     0.048469
  0.082708     0.048481
  0.082808     0.048494
  0.082908     0.048506
  0.083008     0.048518
  0.083108     0.048530
  0.083208     0.048541
  0.083308     0.048553
  0.083408     0.048564
  0.083508     0.048575
  0.083608     0.048586
  0.083708     0.048597
  0.083808     0.048607
  0.083908     0.048618
  0.084008     0.048628
  0.084108     0.048638
  0.084208     0.048648
  0.084308     0.048658
  0.084408     0.048667
  0.084508     0.048677
  0.084608     0.048686
  0.084708     0.048695
  0.084808     0.048704
  0.084908     0.048712
  0.085009     0.048721
  0.085109     0.048729
  0.085209     0.048737
  0.085309     0.048745
  0.085409     0.048753
  0.085509     0.048760
  0.085609     0.048768
  0.085709     0.048775
  0.085809     0.048782
  0.085909     0.048789
  0.086009     0.048796
  0.086109     0.048802
  0.086209     0.048809
  0.086309     0.048815
  0.086409     0.048821
  0.086509     0.048827
  0.086609     0.048832
  0.086709     0.048838
  0.086809     0.048843
  0.086909     0.048848
  0.087009     0.048853
  0.087109     0.048858
  0.087209     0.048863
  0.087309     0.048867
  0.087409     0.048871
  0.087509     0.048875
  0.087609     0.048879
  0.087709     0.048883
  0.087809     0.048887
  0.087909     0.048890
  0.088009     0.048893
  0.088109     0.048896
  0.088209     0.048899
  0.088309     0.048902
  0.088409     0.048904
  0.088509     0.048906
  0.088609     0.048909
  0.088709     0.048910
  0.088809     0.048912
  0.088909     0.048914
  0.089009     0.048915
  0.089109     0.048917
  0.089209     0.048918
  0.089309     0.048919
  0.089409     0.048919
  0.089509     0.048920
  0.089609     0.048920
  0.089709     0.048920
  0.089809     0.048920
  0.089909     0.048920
  0.090009     0.048920
  0.090109     0.048919
  0.090209     0.048919
  0.090309     0.048918
  0.090409     0.048917
  0.090509     0.048916
  0.090609     0.048914
  0.090709     0.048913
  0.090809     0.048911
  0.090909     0.048909
  0.091009     0.048907
  0.091109     0.048905
  0.091209     0.048902
  0.091309     0.048900
  0.091409     0.048897
  0.091509     0.048894
  0.091609     0.048891
  0.091709     0.048887
  0.091809     0.048884
  0.091909     0.048880
  0.092009     0.048876
  0.092109     0.048872
  0.092209     0.048868
  0.092309     0.048864
  0.092409     0.048859
  0.092509     0.048855
  0.092609     0.048850
  0.092709     0.048845
  0.092809     0.048839
  0.092909     0.048834
  0.093009     0.048828
  0.093109     0.048822
  0.093209     0.048817
  0.093309     0.048810
  0.093409     0.048804
  0.093509     0.048798
  0.093609     0.048791
  0.093709     0.048784
  0.093809     0.048777
  0.093909     0.048770
  0.094009     0.048763
  0.094109     0.048755
  0.094209     0.048747
  0.094309     0.048739
  0.094409     0.048731
  0.094509     0.048723
  0.094609     0.048715
  0.094709     0.048706
  0.094809     0.048697
  0.094909     0.048688
  0.095010     0.048679
  0.095110     0.048670
  0.095210     0.048660
  0.095310     0.048651
  0.095410     0.048641
  0.095510     0.048631
  0.095610     0.048621
  0.095710     0.048610
  0.095810     0.048600
  0.095910     0.048589
  0.096010     0.048578
  0.096110     0.048567
  0.096210     0.048556
  0.096310     0.048544
  0.096410     0.048533
  0.096510     0.048521
  0.096610     0.048509
  0.096710     0.048497
  0.096810     0.048485
  0.096910     0.048472
  0.097010     0.048460
  0.097110     0.048447
  0.097210     0.048434
  0.097310     0.048421
  0.097410     0.048407
  0.097510     0.048394
  0.097610     0.048380
  0.097710     0.048366
  0.097810     0.048352
  0.097910     0.048338
  0.098010     0.048323
  0.098110     0.048309
  0.098210     0.048294
  0.098310     0.048279
  0.098410     0.048264
  0.098510     0.048249
  0.098610     0.048233
  0.098710     0.048218
  0.098810     0.048202
  0.098910     0.048186
  0.099010     0.048170
  0.099110     0.048153
  0.099210     0.048137
  0.099310     0.048120
  0.099410     0.048103
  0.099510     0.048086
  0.099610     0.048069
  0.099710     0.048051
  0.099810     0.048034
  0.099910     0.048016
  0.100010     0.047998
  0.100110     0.047980
  0.100210     0.047962
  0.100310     0.047944
  0.100410     0.047927
  0.100510     0.047909
  0.100610     0.047891
  0.100710     0.047874
  0.100810     0.047856
  0.100910     0.047839
  0.101010     0.047821
  0.101110     0.047804
  0.101210     0.047787
  0.101310     0.047769
  0.101410     0.047752
  0.101510     0.047735
  0.101610     0.047718
  0.101710     0.047701
  0.101810     0.047684
  0.101910     0.047667
  0.102010     0.047650
  0.102110     0.047634
  0.102210     0.047617
  0.102310     0.047600
  0.102410     0.047584
  0.102510     0.047567
  0.102610     0.047551
  0.102710     0.047534
  0.102810     0.047518
  0.102910     0.047502
  0.103010     0.047485
  0.103110     0.047469
  0.103210     0.047453
  0.103310     0.047437
  0.103410     0.047421
  0.103510     0.047405
  0.103610     0.047389
  0.103710     0.047373
  0.103810     0.047358
  0.103910     0.047342
  0.104010     0.047326
  0.104110     0.047311
  0.104210     0.047295
  0.104310     0.047280
  0.104410     0.047264
  0.104510     0.047249
  0.104610     0.047234
  0.104710     0.047219
  0.104810     0.047204
  0.104910     0.047188
  0.105011     0.047173
  0.105111     0.047158
  0.105211     0.047144
  0.105311     0.047129
  0.105411     0.047114
  0.105511     0.047099
  0.105611     0.047085
  0.105711     0.047070
  0.105811     0.047055
  0.105911     0.047041
  0.106011     0.047026
  0.106111     0.047012
  0.106211     0.046998
  0.106311     0.046984
  0.106411     0.046969
  0.106511     0.046955
  0.106611     0.046941
  0.106711     0.046927
  0.106811     0.046913
  0.106911     0.046899
  0.107011     0.046886
  0.107111     0.046872
  0.107211     0.046858
  0.107311     0.046844
  0.107411     0.046831
  0.107511     0.046817
  0.107611     0.046804
  0.107711     0.046790
  0.107811     0.046777
  0.107911     0.046764
  0.108011     0.046751
  0.108111     0.046737
  0.108211     0.046724
  0.108311     0.046711
  0.108411     0.046698
  0.108511     0.046685
  0.108611     0.046672
  0.108711     0.046660
  0.108811     0.046647
  0.108911     0.046634
  0.109011     0.046622
  0.109111     0.046609
  0.109211     0.046597
  0.109311     0.046584
  0.109411     0.046572
  0.109511     0.046559
  0.109611     0.046547
  0.109711     0.046535
  0.109811     0.046523
  0.109911     0.046511
  0.110011     0.046499
  0.110111     0.046487
  0.110211     0.046475
  0.110311     0.046463
  0.110411     0.046451
  0.110511     0.046439
  0.110611     0.046428
  0.110711     0.046416
  0.110811     0.046405
  0.110911     0.046393
  0.111011     0.046382
  0.111111     0.046370
  0.111211     0.046359
  0.111311     0.046348
  0.111411     0.046337
  0.111511     0.046326
  0.111611     0.046314
  0.111711     0.046303
  0.111811     0.046293
  0.111911     0.046282
  0.112011     0.046271
  0.112111     0.046260
  0.112211     0.046249
  0.112311     0.046239
  0.112411     0.046228
  0.112511     0.046218
  0.112611     0.046207
  0.112711     0.046197
  0.112811     0.046186
  0.112911     0.046176
  0.113011     0.046166
  0.113111     0.046156
  0.113211     0.046146
  0.113311     0.046136
  0.113411     0.046126
  0.113511     0.046116
  0.113611     0.046106
  0.113711     0.046096
  0.113811     0.046086
  0.113911     0.046077
  0.114011     0.046067
  0.114111     0.046057
  0.114211     0.046048
  0.114311     0.046038
  0.114411     0.046029
  0.114511     0.046020
  0.114611     0.046010
  0.114711     0.046001
  0.114811     0.045992
  0.114911     0.045983
  0.115012     0.045974
  0.115112     0.045965
  0.115212     0.045956
  0.115312     0.045947
  0.115412     0.045938
  0.115512     0.045930
  0.115612     0.045921
  0.115712     0.045912
  0.115812     0.045904
  0.115912     0.045895
  0.116012     0.045887
  0.116112     0.045879
  0.116212     0.045870
  0.116312     0.045862
  0.116412     0.045854
  0.116512     0.045846
  0.116612     0.045838
  0.116712     0.045830
  0.116812     0.045822
  0.116912     0.045814
  0.117012     0.045806
  0.117112     0.045798
  0.117212     0.045791
  0.117312     0.045783
  0.117412     0.045775
  0.117512     0.045768
  0.117612     0.045760
  0.117712     0.045753
  0.117812     0.045746
  0.117912     0.045738
  0.118012     0.045731
  0.118112     0.045724
  0.118212     0.045717
  0.118312     0.045710
  0.118412     0.045703
  0.118512     0.045696
  0.118612     0.045689
  0.118712     0.045682
  0.118812     0.045676
  0.118912     0.045669
  0.119012     0.045662
  0.119112     0.045656
  0.119212     0.045649
  0.119312     0.045643
  0.119412     0.045636
  0.119512     0.045630
  0.119612     0.045624
  0.119712     0.045618
  0.119812     0.045611
  0.119912     0.045605
  0.120012     0.045599
  0.120112     0.045593
  0.120212     0.045587
  0.120312     0.045582
  0.120412     0.045576
  0.120512     0.045570
  0.120612     0.045564
  0.120712     0.045559
  0.120812     0.045553
  0.120912     0.045548
  0.121012     0.045542
  0.121112     0.045537
  0.121212     0.045532
  0.121312     0.045526
  0.121412     0.045521
  0.121512     0.045516
  0.121612     0.045511
  0.121712     0.045506
  0.121812     0.045501
  0.121912     0.045496
  0.122012     0.045491
  0.122112     0.045487
  0.122212     0.045482
  0.122312     0.045477
  0.122412     0.045473
  0.122512     0.045468
  0.122612     0.045464
  0.122712     0.045459
  0.122812     0.045455
  0.122912     0.045451
  0.123012     0.045446
  0.123112     0.045442
  0.123212     0.045438
  0.123312     0.045434
  0.123412     0.045430
  0.123512     0.045426
  0.123612     0.045422
  0.123712     0.045419
  0.123812     0.045415
  0.123912     0.045411
  0.124012     0.045408
  0.124112     0.045404
  0.124212     0.045400
  0.124312     0.045397
  0.124412     0.045394
  0.124512     0.045390
  0.124612     0.045387
  0.124712     0.045384
  0.124812     0.045381
  0.124912     0.045378
  0.125013     0.045375
  0.125113     0.045372
  0.125213     0.045369
  0.125313     0.045366
  0.125413     0.045363
  0.125513     0.045360
  0.125613     0.045358
  0.125713     0.045355
  0.125813     0.045353
  0.125913     0.045350
  0.126013     0.045348
  0.126113     0.045345
  0.126213     0.045343
  0.126313     0.045341
  0.126413     0.045339
  0.126513     0.045336
  0.126613     0.045334
  0.126713     0.045332
  0.126813     0.045330
  0.126913     0.045329
  0.127013     0.045327
  0.127113     0.045325
  0.127213     0.045323
  0.127313     0.045322
  0.127413     0.045320
  0.127513     0.045319
  0.127613     0.045317
  0.127713     0.045316
  0.127813     0.045314
  0.127913     0.045313
  0.128013     0.045312
  0.128113     0.045311
  0.128213     0.045310
  0.128313     0.045309
  0.128413     0.045308
  0.128513     0.045307
  0.128613     0.045306
  0.128713     0.045305
  0.128813     0.045304
  0.128913     0.045304
  0.129013     0.045303
  0.129113     0.045302
  0.129213     0.045302
  0.129313     0.045301
  0.129413     0.045301
  0.129513     0.045301
  0.129613     0.045300
  0.129713     0.045300
  0.129813     0.045300
  0.129913     0.045300
  0.130013     0.045300
  0.130113     0.045300
  0.130213     0.045300
  0.130313     0.045300
  0.130413     0.045301
  0.130513     0.045301
  0.130613     0.045301
  0.130713     0.045302
  0.130813     0.045302
  0.130913     0.045303
  0.131013     0.045303
  0.131113     0.045304
  0.131213     0.045304
  0.131313     0.045305
  0.131413     0.045306
  0.131513     0.045307
  0.131613     0.045308
  0.131713     0.045309
  0.131813     0.045310
  0.131913     0.045311
  0.132013     0.045312
  0.132113     0.045313
  0.132213     0.045315
  0.132313     0.045316
  0.132413     0.045317
  0.132513     0.045319
  0.132613     0.045320
  0.132713     0.045322
  0.132813     0.045324
  0.132913     0.045325
  0.133013     0.045327
  0.133113     0.045329
  0.133213     0.045331
  0.133313     0.045333
  0.133413     0.045335
  0.133513     0.045337
  0.133613     0.045339
  0.133713     0.045341
  0.133813     0.045344
  0.133913     0.045346
  0.134013     0.045348
  0.134113     0.045351
  0.134213     0.045353
  0.134313     0.045356
  0.134413     0.045358
  0.134513     0.045361
  0.134613     0.045364
  0.134713     0.045367
  0.134813     0.045370
  0.134913     0.045372
  0.135014     0.045375
  0.135114     0.045378
  0.135214     0.045382
  0.135314     0.045385
  0.135414     0.045388
  0.135514     0.045391
  0.135614     0.045395
  0.135714     0.045398
  0.135814     0.045401
  0.135914     0.045405
  0.136014     0.045408
  0.136114     0.045412
  0.136214     0.045416
  0.136314     0.045420
  0.136414     0.045423
  0.136514     0.045427
  0.136614     0.045431
  0.136714     0.045435
  0.136814     0.045439
  0.136914     0.045443
  0.137014     0.045448
  0.137114     0.045452
  0.137214     0.045456
  0.137314     0.045460
  0.137414     0.045465
  0.137514     0.045469
  0.137614     0.045474
  0.137714     0.045479
  0.137814     0.045483
  0.137914     0.045488
  0.138014     0.045493
  0.138114     0.045498
  0.138214     0.045502
  0.138314     0.045507
  0.138414     0.045512
  0.138514     0.045517
  0.138614     0.045523
  0.138714     0.045528
  0.138814     0.045533
  0.138914     0.045538
  0.139014     0.045544
  0.139114     0.045549
  0.139214     0.045555
  0.139314     0.045560
  0.139414     0.045566
  0.139514     0.045572
  0.139614     0.045577
  0.139714     0.045583
  0.139814     0.045589
  0.139914     0.045595
  0.140014     0.045601
  0.140114     0.045607
  0.140214     0.045613
  0.140314     0.045619
  0.140414     0.045625
  0.140514     0.045632
  0.140614     0.045638
  0.140714     0.045644
  0.140814     0.045651
  0.140914     0.045657
  0.141014     0.045664
  0.141114     0.045671
  0.141214     0.045677
  0.141314     0.045684
  0.141414     0.045691
  0.141514     0.045698
  0.141614     0.045705
  0.141714     0.045712
  0.141814     0.045719
  0.141914     0.045726
  0.142014     0.045733
  0.142114     0.045740
  0.142214     0.045748
  0.142314     0.045755
  0.142414     0.045762
  0.142514     0.045770
  0.142614     0.045777
  0.142714     0.045785
  0.142814     0.045793
  0.142914     0.045800
  0.143014     0.045808
  0.143114     0.045816
  0.143214     0.045824
  0.143314     0.045832
  0.143414     0.045840
  0.143514     0.045848
  0.143614     0.045856
  0.143714     0.045864
  0.143814     0.045873
  0.143914     0.045881
  0.144014     0.045889
  0.144114     0.045898
  0.144214     0.045906
  0.144314     0.045915
  0.144414     0.045923
  0.144514     0.045932
  0.144614     0.045941
  0.144714     0.045950
  0.144814     0.045958
  0.144914     0.045967
  0.145015     0.045976
  0.145115     0.045985
  0.145215     0.045994
  0.145315     0.046004
  0.145415     0.046013
  0.145515     0.046022
  0.145615     0.046031
  0.145715     0.046041
  0.145815     0.046050
  0.145915     0.046060
  0.146015     0.046069
  0.146115     0.046079
  0.146215     0.046089
  0.146315     0.046099
  0.146415     0.046108
  0.146515     0.046118
  0.146615     0.046128
  0.146715     0.046138
  0.146815     0.046148
  0.146915     0.046158
  0.147015     0.046169
  0.147115     0.046179
  0.147215     0.046189
  0.147315     0.046199
  0.147415     0.046210
  0.147515     0.046220
  0.147615     0.046231
  0.147715     0.046241
  0.147815     0.046252
  0.147915     0.046263
  0.148015     0.046274
  0.148115     0.046284
  0.148215     0.046295
  0.148315     0.046306
  0.148415     0.046317
  0.148515     0.046328
  0.148615     0.046340
  0.148715     0.046351
  0.148815     0.046362
  0.148915     0.046373
  0.149015     0.046385
  0.149115     0.046396
  0.149215     0.046408
  0.149315     0.046419
  0.149415     0.046431
  0.149515     0.046442
  0.149615     0.046454
  0.149715     0.046466
  0.149815     0.046478
  0.149915     0.046490
  0.150015     0.046502
  0.150115     0.046514
  0.150215     0.046526
  0.150315     0.046538
  0.150415     0.046550
  0.150515     0.046563
  0.150615     0.046575
  0.150715     0.046587
  0.150815     0.046600
  0.150915     0.046612
  0.151015     0.046625
  0.151115     0.046638
  0.151215     0.046650
  0.151315     0.046663
  0.151415     0.046676
  0.151515     0.046689
  0.151615     0.046702
  0.151715     0.046715
  0.151815     0.046728
  0.151915     0.046741
  0.152015     0.046754
  0.152115     0.046767
  0.152215     0.046781
  0.152315     0.046794
  0.152415     0.046807
  0.152515     0.046821
  0.152615     0.046834
  0.152715     0.046848
  0.152815     0.046862
  0.152915     0.046875
  0.153015     0.046889
  0.153115     0.046903
  0.153215     0.046917
  0.153315     0.046931
  0.153415     0.046945
  0.153515     0.046959
  0.153615     0.046973
  0.153715     0.046987
  0.153815     0.047002
  0.153915     0.047016
  0.154015     0.047030
  0.154115     0.047045
  0.154215     0.047059
  0.154315     0.047074
  0.154415     0.047088
  0.154515     0.047103
  0.154615     0.047118
  0.154715     0.047133
  0.154815     0.047147
  0.154915     0.047162
  0.155016     0.047177
  0.155116     0.047192
  0.155216     0.047207
  0.155316     0.047223
  0.155416     0.047238
  0.155516     0.047253
  0.155616     0.047268
  0.155716     0.047284
  0.155816     0.047299
  0.155916     0.047315
  0.156016     0.047330
  0.156116     0.047346
  0.156216     0.047362
  0.156316     0.047378
  0.156416     0.047393
  0.156516     0.047409
  0.156616     0.047425
  0.156716     0.047441
  0.156816     0.047457
  0.156916     0.047473
  0.157016     0.047490
  0.157116     0.047506
  0.157216     0.047522
  0.157316     0.047538
  0.157416     0.047555
  0.157516     0.047571
  0.157616     0.047588
  0.157716     0.047604
  0.157816     0.047621
  0.157916     0.047638
  0.158016     0.047655
  0.158116     0.047671
  0.158216     0.047688
  0.158316     0.047705
  0.158416     0.047722
  0.158516     0.047739
  0.158616     0.047757
  0.158716     0.047774
  0.158816     0.047791
  0.158916     0.047808
  0.159016     0.047826
  0.159116     0.047843
  0.159216     0.047861
  0.159316     0.047878
  0.159416     0.047896
  0.159516     0.047914
  0.159616     0.047931
  0.159716     0.047949
  0.159816     0.047967
  0.159916     0.047985
  0.160016     0.048003
  0.160116     0.048021
  0.160216     0.048039
  0.160316     0.048057
  0.160416     0.048075
  0.160516     0.048094
  0.160616     0.048112
  0.160716     0.048130
  0.160816     0.048149
  0.160916     0.048167
  0.161016     0.048186
  0.161116     0.048205
  0.161216     0.048223
  0.161316     0.048242
  0.161416     0.048261
  0.161516     0.048280
  0.161616     0.048299
  0.161716     0.048318
  0.161816     0.048337
  0.161916     0.048356
  0.162016     0.048375
  0.162116     0.048394
  0.162216     0.048414
  0.162316     0.048433
  0.162416     0.048452
  0.162516     0.048472
  0.162616     0.048491
  0.162716     0.048511
  0.162816     0.048531
  0.162916     0.048550
  0.163016     0.048570
  0.163116     0.048590
  0.163216     0.048610
  0.163316     0.048630
  0.163416     0.048650
  0.163516     0.048670
  0.163616     0.048690
  0.163716     0.048710
  0.163816     0.048731
  0.163916     0.048751
  0.164016     0.048771
  0.164116     0.048792
  0.164216     0.048812
  0.164316     0.048833
  0.164416     0.048853
  0.164516     0.048874
  0.164616     0.048895
  0.164716     0.048916
  0.164816     0.048937
  0.164916     0.048957
  0.165017     0.048978
  0.165117     0.049000
  0.165217     0.049021
  0.165317     0.049042
  0.165417     0.049063
  0.165517     0.049084
  0.165617     0.049106
  0.165717     0.049127
  0.165817     0.049148
  0.165917     0.049170
  0.166017     0.049192
  0.166117     0.049213
  0.166217     0.049235
  0.166317     0.049257
  0.166417     0.049279
  0.166517     0.049300
  0.166617     0.049322
  0.166717     0.049344
  0.166817     0.049366
  0.166917     0.049389
  0.167017     0.049411
  0.167117     0.049433
  0.167217     0.049455
  0.167317     0.049478
  0.167417     0.049500
  0.167517     0.049523
  0.167617     0.049545
  0.167717     0.049568
  0.167817     0.049590
  0.167917     0.049613
  0.168017     0.049636
  0.168117     0.049659
  0.168217     0.049682
  0.168317     0.049705
  0.168417     0.049728
  0.168517     0.049751
  0.168617     0.049774
  0.168717     0.049797
  0.168817     0.049820
  0.168917     0.049844
  0.169017     0.049867
  0.169117     0.049890
  0.169217     0.049914
  0.169317     0.049937
  0.169417     0.049961
  0.169517     0.049985
  0.169617     0.050009
  0.169717     0.050032
  0.169817     0.050056
  0.169917     0.050080
  0.170017     0.050104
  0.170117     0.050128
  0.170217     0.050152
  0.170317     0.050176
  0.170417     0.050201
  0.170517     0.050225
  0.170617     0.050249
  0.170717     0.050274
  0.170817     0.050298
  0.170917     0.050323
  0.171017     0.050347
  0.171117     0.050372
  0.171217     0.050397
  0.171317     0.050421
  0.171417     0.050446
  0.171517     0.050471
  0.171617     0.050496
  0.171717     0.050521
  0.171817     0.050546
  0.171917     0.050571
  0.172017     0.050596
  0.172117     0.050622
  0.172217     0.050647
  0.172317     0.050672
  0.172417     0.050698
  0.172517     0.050723
  0.172617     0.050749
  0.172717     0.050774
  0.172817     0.050800
  0.172917     0.050826
  0.173017     0.050851
  0.173117     0.050877
  0.173217     0.050903
  0.173317     0.050929
  0.173417     0.050955
  0.173517     0.050981
  0.173617     0.051007
  0.173717     0.051034
  0.173817     0.051060
  0.173917     0.051086
  0.174017     0.051113
  0.174117     0.051139
  0.174217     0.051166
  0.174317     0.051192
  0.174417     0.051219
  0.174517     0.051245
  0.174617     0.051272
  0.174717     0.051299
  0.174817     0.051326
  0.174917     0.051353
  0.175018     0.051380
  0.175118     0.051407
  0.175218     0.051434
  0.175318     0.051461
  0.175418     0.051488
  0.175518     0.051516
  0.175618     0.051543
  0.175718     0.051570
  0.175818     0.051598
  0.175918     0.051625
  0.176018     0.051653
  0.176118     0.051681
  0.176218     0.051708
  0.176318     0.051736
  0.176418     0.051764
  0.176518     0.051792
  0.176618     0.051820
  0.176718     0.051848
  0.176818     0.051876
  0.176918     0.051904
  0.177018     0.051932
  0.177118     0.051960
  0.177218     0.051989
  0.177318     0.052017
  0.177418     0.052045
  0.177518     0.052074
  0.177618     0.052102
  0.177718     0.052131
  0.177818     0.052160
  0.177918     0.052188
  0.178018     0.052217
  0.178118     0.052246
  0.178218     0.052275
  0.178318     0.052304
  0.178418     0.052333
  0.178518     0.052362
  0.178618     0.052391
  0.178718     0.052420
  0.178818     0.052450
  0.178918     0.052479
  0.179018     0.052508
  0.179118     0.052538
  0.179218     0.052567
  0.179318     0.052597
  0.179418     0.052626
  0.179518     0.052656
  0.179618     0.052686
  0.179718     0.052716
  0.179818     0.052745
  0.179918     0.052775
  0.180018     0.052805
  0.180118     0.052835
  0.180218     0.052866
  0.180318     0.052896
  0.180418     0.052926
  0.180518     0.052956
  0.180618     0.052987
  0.180718     0.053017
  0.180818     0.053047
  0.180918     0.053078
  0.181018     0.053109
  0.181118     0.053139
  0.181218     0.053170
  0.181318     0.053201
  0.181418     0.053231
  0.181518     0.053262
  0.181618     0.053293
  0.181718     0.053324
  0.181818     0.053355
  0.181918     0.053386
  0.182018     0.053418
  0.182118     0.053449
  0.182218     0.053480
  0.182318     0.053512
  0.182418     0.053543
  0.182518     0.053574
  0.182618     0.053606
  0.182718     0.053638
  0.182818     0.053669
  0.182918     0.053701
  0.183018     0.053733
  0.183118     0.053765
  0.183218     0.053797
  0.183318     0.053829
  0.183418     0.053861
  0.183518     0.053893
  0.183618     0.053925
  0.183718     0.053957
  0.183818     0.053989
  0.183918     0.054022
  0.184018     0.054054
  0.184118     0.054086
  0.184218     0.054119
  0.184318     0.054151
  0.184418     0.054184
  0.184518     0.054217
  0.184618     0.054250
  0.184718     0.054282
  0.184818     0.054315
  0.184918     0.054348
  0.185019     0.054381
  0.185119     0.054414
  0.185219     0.054447
  0.185319     0.054480
  0.185419     0.054514
  0.185519     0.054547
  0.185619     0.054580
  0.185719     0.054614
  0.185819     0.054647
  0.185919     0.054681
  0.186019     0.054714
  0.186119     0.054748
  0.186219     0.054782
  0.186319     0.054815
  0.186419     0.054849
  0.186519     0.054883
  0.186619     0.054917
  0.186719     0.054951
  0.186819     0.054985
  0.186919     0.055019
  0.187019     0.055053
  0.187119     0.055088
  0.187219     0.055122
  0.187319     0.055156
  0.187419     0.055191
  0.187519     0.055225
  0.187619     0.055260
  0.187719     0.055294
  0.187819     0.055329
  0.187919     0.055364
  0.188019     0.055399
  0.188119     0.055433
  0.188219     0.055468
  0.188319     0.055503
  0.188419     0.055538
  0.188519     0.055573
  0.188619     0.055609
  0.188719     0.055644
  0.188819     0.055679
  0.188919     0.055714
  0.189019     0.055750
  0.189119     0.055785
  0.189219     0.055821
  0.189319     0.055856
  0.189419     0.055892
  0.189519     0.055928
  0.189619     0.055963
  0.189719     0.055999
  0.189819     0.056035
  0.189919     0.056071
  0.190019     0.056107
  0.190119     0.056143
  0.190219     0.056179
  0.190319     0.056215
  0.190419     0.056251
  0.190519     0.056288
  0.190619     0.056324
  0.190719     0.056360
  0.190819     0.056397
  0.190919     0.056433
  0.191019     0.056470
  0.191119     0.056507
  0.191219     0.056543
  0.191319     0.056580
  0.191419     0.056617
  0.191519     0.056654
  0.191619     0.056691
  0.191719     0.056728
  0.191819     0.056765
  0.191919     0.056802
  0.192019     0.056839
  0.192119     0.056876
  0.192219     0.056914
  0.192319     0.056951
  0.192419     0.056988
  0.192519     0.057026
  0.192619     0.057064
  0.192719     0.057101
  0.192819     0.057139
  0.192919     0.057177
  0.193019     0.057214
  0.193119     0.057252
  0.193219     0.057290
  0.193319     0.057328
  0.193419     0.057366
  0.193519     0.057404
  0.193619     0.057442
  0.193719     0.057480
  0.193819     0.057519
  0.193919     0.057557
  0.194019     0.057595
  0.194119     0.057634
  0.194219     0.057672
  0.194319     0.057711
  0.194419     0.057750
  0.194519     0.057788
  0.194619     0.057827
  0.194719     0.057866
  0.194819     0.057905
  0.194919     0.057944
  0.195020     0.057983
  0.195120     0.058022
  0.195220     0.058061
  0.195320     0.058100
  0.195420     0.058139
  0.195520     0.058178
  0.195620     0.058218
  0.195720     0.058257
  0.195820     0.058297
  0.195920     0.058336
  0.196020     0.058376
  0.196120     0.058415
  0.196220     0.058455
  0.196320     0.058495
  0.196420     0.058535
  0.196520     0.058575
  0.196620     0.058615
  0.196720     0.058655
  0.196820     0.058695
  0.196920     0.058735
  0.197020     0.058775
  0.197120     0.058815
  0.197220     0.058855
  0.197320     0.058896
  0.197420     0.058936
  0.197520     0.058977
  0.197620     0.059017
  0.197720     0.059058
  0.197820     0.059099
  0.197920     0.059139
  0.198020     0.059180
  0.198120     0.059221
  0.198220     0.059262
  0.198320     0.059303
  0.198420     0.059344
  0.198520     0.059385
  0.198620     0.059426
  0.198720     0.059467
  0.198820     0.059509
  0.198920     0.059550
  0.199020     0.059591
  0.199120     0.059633
  0.199220     0.059674
  0.199320     0.059716
  0.199420     0.059757
  0.199520     0.059799
  0.199620     0.059841
  0.199720     0.059883
  0.199820     0.059924
  0.199920     0.059966
  0.200020     0.060008
  0.200120     0.060050
  0.200220     0.060092
  0.200320     0.060134
  0.200420     0.060176
  0.200520     0.060217
  0.200620     0.060259
  0.200720     0.060300
  0.200820     0.060342
  0.200920     0.060383
  0.201020     0.060424
  0.201120     0.060465
  0.201220     0.060506
  0.201320     0.060547
  0.201420     0.060588
  0.201520     0.060629
  0.201620     0.060670
  0.201720     0.060711
  0.201820     0.060751
  0.201920     0.060792
  0.202020     0.060832
  0.202120     0.060873
  0.202220     0.060913
  0.202320     0.060953
  0.202420     0.060993
  0.202520     0.061033
  0.202620     0.061073
  0.202720     0.061113
  0.202820     0.061153
  0.202920     0.061192
  0.203020     0.061232
  0.203120     0.061272
  0.203220     0.061311
  0.203320     0.061350
  0.203420     0.061390
  0.203520     0.061429
  0.203620     0.061468
  0.203720     0.061507
  0.203820     0.061546
  0.203920     0.061585
  0.204020     0.061624
  0.204120     0.061663
  0.204220     0.061701
  0.204320     0.061740
  0.204420     0.061778
  0.204520     0.061817
  0.204620     0.061855
  0.204720     0.061893
  0.204820     0.061932
  0.204920     0.061970
  0.205021     0.062008
  0.205121     0.062046
  0.205221     0.062084
  0.205321     0.062121
  0.205421     0.062159
  0.205521     0.062197
  0.205621     0.062234
  0.205721     0.062272
  0.205821     0.062309
  0.205921     0.062346
  0.206021     0.062384
  0.206121     0.062421
  0.206221     0.062458
  0.206321     0.062495
  0.206421     0.062532
  0.206521     0.062569
  0.206621     0.062605
  0.206721     0.062642
  0.206821     0.062679
  0.206921     0.062715
  0.207021     0.062752
  0.207121     0.062788
  0.207221     0.062824
  0.207321     0.062860
  0.207421     0.062896
  0.207521     0.062932
  0.207621     0.062968
  0.207721     0.063004
  0.207821     0.063040
  0.207921     0.063076
  0.208021     0.063111
  0.208121     0.063147
  0.208221     0.063182
  0.208321     0.063218
  0.208421     0.063253
  0.208521     0.063288
  0.208621     0.063323
  0.208721     0.063359
  0.208821     0.063394
  0.208921     0.063428
  0.209021     0.063463
  0.209121     0.063498
  0.209221     0.063533
  0.209321     0.063567
  0.209421     0.063602
  0.209521     0.063636
  0.209621     0.063671
  0.209721     0.063705
  0.209821     0.063739
  0.209921     0.063773
  0.210021     0.063807
  0.210121     0.063841
  0.210221     0.063875
  0.210321     0.063909
  0.210421     0.063942
  0.210521     0.063976
  0.210621     0.064010
  0.210721     0.064043
  0.210821     0.064076
  0.210921     0.064110
  0.211021     0.064143
  0.211121     0.064176
  0.211221     0.064209
  0.211321     0.064242
  0.211421     0.064275
  0.211521     0.064308
  0.211621     0.064341
  0.211721     0.064373
  0.211821     0.064406
  0.211921     0.064438
  0.212021     0.064471
  0.212121     0.064503
  0.212221     0.064535
  0.212321     0.064568
  0.212421     0.064600
  0.212521     0.064632
  0.212621     0.064664
  0.212721     0.064696
  0.212821     0.064727
  0.212921     0.064759
  0.213021     0.064791
  0.213121     0.064822
  0.213221     0.064854
  0.213321     0.064885
  0.213421     0.064916
  0.213521     0.064948
  0.213621     0.064979
  0.213721     0.065010
  0.213821     0.065041
  0.213921     0.065072
  0.214021     0.065103
  0.214121     0.065133
  0.214221     0.065164
  0.214321     0.065195
  0.214421     0.065225
  0.214521     0.065256
  0.214621     0.065286
  0.214721     0.065316
  0.214821     0.065346
  0.214921     0.065376
  0.215022     0.065406
  0.215122     0.065436
  0.215222     0.065466
  0.215322     0.065496
  0.215422     0.065526
  0.215522     0.065555
  0.215622     0.065585
  0.215722     0.065614
  0.215822     0.065644
  0.215922     0.065673
  0.216022     0.065702
  0.216122     0.065731
  0.216222     0.065761
  0.216322     0.065790
  0.216422     0.065818
  0.216522     0.065847
  0.216622     0.065876
  0.216722     0.065905
  0.216822     0.065933
  0.216922     0.065962
  0.217022     0.065990
  0.217122     0.066019
  0.217222     0.066047
  0.217322     0.066075
  0.217422     0.066103
  0.217522     0.066131
  0.217622     0.066159
  0.217722     0.066187
  0.217822     0.066215
  0.217922     0.066242
  0.218022     0.066270
  0.218122     0.066298
  0.218222     0.066325
  0.218322     0.066352
  0.218422     0.066380
  0.218522     0.066407
  0.218622     0.066434
  0.218722     0.066461
  0.218822     0.066488
  0.218922     0.066515
  0.219022     0.066542
  0.219122     0.066569
  0.219222     0.066595
  0.219322     0.066622
  0.219422     0.066648
  0.219522     0.066675
  0.219622     0.066701
  0.219722     0.066727
  0.219822     0.066754
  0.219922     0.066780
  0.220022     0.066806
  0.220122     0.066832
  0.220222     0.066858
  0.220322     0.066883
  0.220422     0.066909
  0.220522     0.066935
  0.220622     0.066960
  0.220722     0.066986
  0.220822     0.067011
  0.220922     0.067036
  0.221022     0.067062
  0.221122     0.067087
  0.221222     0.067112
  0.221322     0.067137
  0.221422     0.067162
  0.221522     0.067186
  0.221622     0.067211
  0.221722     0.067236
  0.221822     0.067260
  0.221922     0.067285
  0.222022     0.067309
  0.222122     0.067334
  0.222222     0.067358
  0.222322     0.067382
  0.222422     0.067406
  0.222522     0.067430
  0.222622     0.067454
  0.222722     0.067478
  0.222822     0.067502
  0.222922     0.067526
  0.223022     0.067549
  0.223122     0.067573
  0.223222     0.067596
  0.223322     0.067620
  0.223422     0.067643
  0.223522     0.067666
  0.223622     0.067689
  0.223722     0.067712
  0.223822     0.067735
  0.223922     0.067758
  0.224022     0.067781
  0.224122     0.067804
  0.224222     0.067827
  0.224322     0.067849
  0.224422     0.067872
  0.224522     0.067894
  0.224622     0.067916
  0.224722     0.067939
  0.224822     0.067961
  0.224922     0.067983
  0.225023     0.068005
  0.225123     0.068027
  0.225223     0.068049
  0.225323     0.068071
  0.225423     0.068092
  0.225523     0.068114
  0.225623     0.068135
  0.225723     0.068157
  0.225823     0.068178
  0.225923     0.068200
  0.226023     0.068221
  0.226123     0.068242
  0.226223     0.068263
  0.226323     0.068284
  0.226423     0.068305
  0.226523     0.068326
  0.226623     0.068346
  0.226723     0.068367
  0.226823     0.068388
  0.226923     0.068408
  0.227023     0.068429
  0.227123     0.068449
  0.227223     0.068469
  0.227323     0.068489
  0.227423     0.068510
  0.227523     0.068530
  0.227623     0.068549
  0.227723     0.068569
  0.227823     0.068589
  0.227923     0.068609
  0.228023     0.068628
  0.228123     0.068648
  0.228223     0.068667
  0.228323     0.068687
  0.228423     0.068706
  0.228523     0.068725
  0.228623     0.068745
  0.228723     0.068764
  0.228823     0.068783
  0.228923     0.068801
  0.229023     0.068820
  0.229123     0.068839
  0.229223     0.068858
  0.229323     0.068876
  0.229423     0.068895
  0.229523     0.068913
  0.229623     0.068932
  0.229723     0.068950
  0.229823     0.068968
  0.229923     0.068986
  0.230023     0.069004
  0.230123     0.069022
  0.230223     0.069040
  0.230323     0.069058
  0.230423     0.069075
  0.230523     0.069093
  0.230623     0.069111
  0.230723     0.069128
  0.230823     0.069145
  0.230923     0.069163
  0.231023     0.069180
  0.231123     0.069197
  0.231223     0.069214
  0.231323     0.069231
  0.231423     0.069248
  0.231523     0.069265
  0.231623     0.069282
  0.231723     0.069298
  0.231823     0.069315
  0.231923     0.069331
  0.232023     0.069348
  0.232123     0.069364
  0.232223     0.069380
  0.232323     0.069397
  0.232423     0.069413
  0.232523     0.069429
  0.232623     0.069445
  0.232723     0.069461
  0.232823     0.069476
  0.232923     0.069492
  0.233023     0.069508
  0.233123     0.069523
  0.233223     0.069539
  0.233323     0.069554
  0.233423     0.069569
  0.233523     0.069585
  0.233623     0.069600
  0.233723     0.069615
  0.233823     0.069630
  0.233923     0.069645
  0.234023     0.069659
  0.234123     0.069674
  0.234223     0.069689
  0.234323     0.069703
  0.234423     0.069718
  0.234523     0.069732
  0.234623     0.069747
  0.234723     0.069761
  0.234823     0.069775
  0.234923     0.069789
  0.235024     0.069803
  0.235124     0.069817
  0.235224     0.069831
  0.235324     0.069845
  0.235424     0.069859
  0.235524     0.069872
  0.235624     0.069886
  0.235724     0.069899
  0.235824     0.069913
  0.235924     0.069926
  0.236024     0.069939
  0.236124     0.069952
  0.236224     0.069965
  0.236324     0.069978
  0.236424     0.069991
  0.236524     0.070004
  0.236624     0.070017
  0.236724     0.070029
  0.236824     0.070042
  0.236924     0.070055
  0.237024     0.070067
  0.237124     0.070079
  0.237224     0.070092
  0.237324     0.070104
  0.237424     0.070116
  0.237524     0.070128
  0.237624     0.070140
  0.237724     0.070152
  0.237824     0.070163
  0.237924     0.070175
  0.238024     0.070187
  0.238124     0.070198
  0.238224     0.070210
  0.238324     0.070221
  0.238424     0.070232
  0.238524     0.070244
  0.238624     0.070255
  0.238724     0.070266
  0.238824     0.070277
  0.238924     0.070288
  0.239024     0.070299
  0.239124     0.070309
  0.239224     0.070320
  0.239324     0.070331
  0.239424     0.070341
  0.239524     0.070351
  0.239624     0.070362
  0.239724     0.070372
  0.239824     0.070382
  0.239924     0.070392
  0.240024     0.070402
  0.240124     0.070412
  0.240224     0.070422
  0.240324     0.070432
  0.240424     0.070442
  0.240524     0.070451
  0.240624     0.070461
  0.240724     0.070470
  0.240824     0.070480
  0.240924     0.070489
  0.241024     0.070498
  0.241124     0.070507
  0.241224     0.070516
  0.241324     0.070525
  0.241424     0.070534
  0.241524     0.070543
  0.241624     0.070552
  0.241724     0.070561
  0.241824     0.070569
  0.241924     0.070578
  0.242024     0.070586
  0.242124     0.070594
  0.242224     0.070603
  0.242324     0.070611
  0.242424     0.070619
  0.242524     0.070627
  0.242624     0.070635
  0.242724     0.070643
  0.242824     0.070651
  0.242924     0.070658
  0.243024     0.070666
  0.243124     0.070673
  0.243224     0.070681
  0.243324     0.070688
  0.243424     0.070696
  0.243524     0.070703
  0.243624     0.070710
  0.243724     0.070717
  0.243824     0.070724
  0.243924     0.070731
  0.244024     0.070738
  0.244124     0.070744
  0.244224     0.070751
  0.244324     0.070758
  0.244424     0.070764
  0.244524     0.070771
  0.244624     0.070777
  0.244724     0.070783
  0.244824     0.070789
  0.244924     0.070795
  0.245025     0.070801
  0.245125     0.070807
  0.245225     0.070813
  0.245325     0.070819
  0.245425     0.070825
  0.245525     0.070830
  0.245625     0.070836
  0.245725     0.070841
  0.245825     0.070847
  0.245925     0.070852
  0.246025     0.070857
  0.246125     0.070862
  0.246225     0.070867
  0.246325     0.070872
  0.246425     0.070877
  0.246525     0.070882
  0.246625     0.070887
  0.246725     0.070892
  0.246825     0.070896
  0.246925     0.070901
  0.247025     0.070905
  0.247125     0.070909
  0.247225     0.070914
  0.247325     0.070918
  0.247425     0.070922
  0.247525     0.070926
  0.247625     0.070930
  0.247725     0.070934
  0.247825     0.070938
  0.247925     0.070941
  0.248025     0.070945
  0.248125     0.070948
  0.248225     0.070952
  0.248325     0.070955
  0.248425     0.070959
  0.248525     0.070962
  0.248625     0.070965
  0.248725     0.070968
  0.248825     0.070971
  0.248925     0.070974
  0.249025     0.070977
  0.249125     0.070979
  0.249225     0.070982
  0.249325     0.070985
  0.249425     0.070987
  0.249525     0.070990
  0.249625     0.070992
  0.249725     0.070994
  0.249825     0.070996
  0.249925     0.070998
  0.250025     0.071000
  0.250125     0.071002
  0.250225     0.071004
  0.250325     0.071006
  0.250425     0.071008
  0.250525     0.071009
  0.250625     0.071011
  0.250725     0.071012
  0.250825     0.071014
  0.250925     0.071015
  0.251025     0.071016
  0.251125     0.071017
  0.251225     0.071018
  0.251325     0.071019
  0.251425     0.071020
  0.251525     0.071021
  0.251625     0.071022
  0.251725     0.071023
  0.251825     0.071023
  0.251925     0.071024
  0.252025     0.071024
  0.252125     0.071024
  0.252225     0.071025
  0.252325     0.071025
  0.252425     0.071025
  0.252525     0.071025
  0.252625     0.071025
  0.252725     0.071025
  0.252825     0.071025
  0.252925     0.071024
  0.253025     0.071024
  0.253125     0.071023
  0.253225     0.071023
  0.253325     0.071022
  0.253425     0.071022
  0.253525     0.071021
  0.253625     0.071020
  0.253725     0.071019
  0.253825     0.071018
  0.253925     0.071017
  0.254025     0.071016
  0.254125     0.071014
  0.254225     0.071013
  0.254325     0.071012
  0.254425     0.071010
  0.254525     0.071009
  0.254625     0.071007
  0.254725     0.071005
  0.254825     0.071003
  0.254925     0.071001
  0.255026     0.070999
  0.255126     0.070997
  0.255226     0.070995
  0.255326     0.070993
  0.255426     0.070991
  0.255526     0.070988
  0.255626     0.070986
  0.255726     0.070983
  0.255826     0.070981
  0.255926     0.070978
  0.256026     0.070975
  0.256126     0.070972
  0.256226     0.070969
  0.256326     0.070966
  0.256426     0.070963
  0.256526     0.070960
  0.256626     0.070957
  0.256726     0.070954
  0.256826     0.070950
  0.256926     0.070947
  0.257026     0.070943
  0.257126     0.070939
  0.257226     0.070936
  0.257326     0.070932
  0.257426     0.070928
  0.257526     0.070924
  0.257626     0.070920
  0.257726     0.070916
  0.257826     0.070912
  0.257926     0.070907
  0.258026     0.070903
  0.258126     0.070898
  0.258226     0.070894
  0.258326     0.070889
  0.258426     0.070885
  0.258526     0.070880
  0.258626     0.070875
  0.258726     0.070870
  0.258826     0.070865
  0.258926     0.070860
  0.259026     0.070855
  0.259126     0.070849
  0.259226     0.070844
  0.259326     0.070839
  0.259426     0.070833
  0.259526     0.070828
  0.259626     0.070822
  0.259726     0.070816
  0.259826     0.070810
  0.259926     0.070804
  0.260026     0.070798
  0.260126     0.070792
  0.260226     0.070786
  0.260326     0.070780
  0.260426     0.070774
  0.260526     0.070767
  0.260626     0.070761
  0.260726     0.070754
  0.260826     0.070748
  0.260926     0.070741
  0.261026     0.070734
  0.261126     0.070727
  0.261226     0.070720
  0.261326     0.070713
  0.261426     0.070706
  0.261526     0.070699
  0.261626     0.070692
  0.261726     0.070685
  0.261826     0.070677
  0.261926     0.070670
  0.262026     0.070662
  0.262126     0.070654
  0.262226     0.070647
  0.262326     0.070639
  0.262426     0.070631
  0.262526     0.070623
  0.262626     0.070615
  0.262726     0.070607
  0.262826     0.070598
  0.262926     0.070590
  0.263026     0.070582
  0.263126     0.070573
  0.263226     0.070565
  0.263326     0.070556
  0.263426     0.070547
  0.263526     0.070539
  0.263626     0.070530
  0.263726     0.070521
  0.263826     0.070512
  0.263926     0.070503
  0.264026     0.070494
  0.264126     0.070484
  0.264226     0.070475
  0.264326     0.070466
  0.264426     0.070456
  0.264526     0.070446
  0.264626     0.070437
  0.264726     0.070427
  0.264826     0.070417
  0.264926     0.070407
  0.265027     0.070397
  0.265127     0.070387
  0.265227     0.070377
  0.265327     0.070367
  0.265427     0.070357
  0.265527     0.070346
  0.265627     0.070336
  0.265727     0.070325
  0.265827     0.070315
  0.265927     0.070304
  0.266027     0.070293
  0.266127     0.070282
  0.266227     0.070271
  0.266327     0.070260
  0.266427     0.070249
  0.266527     0.070238
  0.266627     0.070227
  0.266727     0.070215
  0.266827     0.070204
  0.266927     0.070192
  0.267027     0.070181
  0.267127     0.070169
  0.267227     0.070157
  0.267327     0.070146
  0.267427     0.070134
  0.267527     0.070122
  0.267627     0.070110
  0.267727     0.070098
  0.267827     0.070085
  0.267927     0.070073
  0.268027     0.070061
  0.268127     0.070048
  0.268227     0.070036
  0.268327     0.070023
  0.268427     0.070010
  0.268527     0.069998
  0.268627     0.069985
  0.268727     0.069972
  0.268827     0.069959
  0.268927     0.069946
  0.269027     0.069932
  0.269127     0.069919
  0.269227     0.069906
  0.269327     0.069892
  0.269427     0.069879
  0.269527     0.069865
  0.269627     0.069852
  0.269727     0.069838
  0.269827     0.069824
  0.269927     0.069810
  0.270027     0.069796
  0.270127     0.069782
  0.270227     0.069768
  0.270327     0.069754
  0.270427     0.069739
  0.270527     0.069725
  0.270627     0.069711
  0.270727     0.069696
  0.270827     0.069681
  0.270927     0.069667
  0.271027     0.069652
  0.271127     0.069637
  0.271227     0.069622
  0.271327     0.069607
  0.271427     0.069592
  0.271527     0.069577
  0.271627     0.069562
  0.271727     0.069546
  0.271827     0.069531
  0.271927     0.069515
  0.272027     0.069500
  0.272127     0.069484
  0.272227     0.069468
  0.272327     0.069453
  0.272427     0.069437
  0.272527     0.069421
  0.272627     0.069405
  0.272727     0.069388
  0.272827     0.069372
  0.272927     0.069356
  0.273027     0.069340
  0.273127     0.069323
  0.273227     0.069307
  0.273327     0.069290
  0.273427     0.069273
  0.273527     0.069256
  0.273627     0.069240
  0.273727     0.069223
  0.273827     0.069206
  0.273927     0.069188
  0.274027     0.069171
  0.274127     0.069154
  0.274227     0.069137
  0.274327     0.069119
  0.274427     0.069102
  0.274527     0.069084
  0.274627     0.069067
  0.274727     0.069049
  0.274827     0.069031
  0.274927     0.069013
  0.275028     0.068995
  0.275128     0.068977
  0.275228     0.068959
  0.275328     0.068941
  0.275428     0.068922
  0.275528     0.068904
  0.275628     0.068885
  0.275728     0.068867
  0.275828     0.068848
  0.275928     0.068830
  0.276028     0.068811
  0.276128     0.068792
  0.276228     0.068773
  0.276328     0.068754
  0.276428     0.068735
  0.276528     0.068716
  0.276628     0.068696
  0.276728     0.068677
  0.276828     0.068658
  0.276928     0.068638
  0.277028     0.068619
  0.277128     0.068599
  0.277228     0.068579
  0.277328     0.068559
  0.277428     0.068539
  0.277528     0.068519
  0.277628     0.068499
  0.277728     0.068479
  0.277828     0.068459
  0.277928     0.068439
  0.278028     0.068418
  0.278128     0.068398
  0.278228     0.068377
  0.278328     0.068357
  0.278428     0.068336
  0.278528     0.068315
  0.278628     0.068294
  0.278728     0.068273
  0.278828     0.068252
  0.278928     0.068231
  0.279028     0.068210
  0.279128     0.068189
  0.279228     0.068167
  0.279328     0.068146
  0.279428     0.068125
  0.279528     0.068103
  0.279628     0.068081
  0.279728     0.068060
  0.279828     0.068038
  0.279928     0.068016
  0.280028     0.067994
  0.280128     0.067972
  0.280228     0.067950
  0.280328     0.067927
  0.280428     0.067905
  0.280528     0.067883
  0.280628     0.067860
  0.280728     0.067838
  0.280828     0.067815
  0.280928     0.067792
  0.281028     0.067770
  0.281128     0.067747
  0.281228     0.067724
  0.281328     0.067701
  0.281428     0.067678
  0.281528     0.067654
  0.281628     0.067631
  0.281728     0.067608
  0.281828     0.067584
  0.281928     0.067561
  0.282028     0.067537
  0.282128     0.067514
  0.282228     0.067490
  0.282328     0.067466
  0.282428     0.067442
  0.282528     0.067418
  0.282628     0.067394
  0.282728     0.067370
  0.282828     0.067346
  0.282928     0.067321
  0.283028     0.067297
  0.283128     0.067273
  0.283228     0.067248
  0.283328     0.067223
  0.283428     0.067199
  0.283528     0.067174
  0.283628     0.067149
  0.283728     0.067124
  0.283828     0.067099
  0.283928     0.067074
  0.284028     0.067049
  0.284128     0.067024
  0.284228     0.066998
  0.284328     0.066973
  0.284428     0.066947
  0.284528     0.066922
  0.284628     0.066896
  0.284728     0.066870
  0.284828     0.066844
  0.284928     0.066819
  0.285029     0.066793
  0.285129     0.066767
  0.285229     0.066740
  0.285329     0.066714
  0.285429     0.066688
  0.285529     0.066661
  0.285629     0.066635
  0.285729     0.066608
  0.285829     0.066582
  0.285929     0.066555
  0.286029     0.066528
  0.286129     0.066501
  0.286229     0.066475
  0.286329     0.066447
  0.286429     0.066420
  0.286529     0.066393
  0.286629     0.066366
  0.286729     0.066339
  0.286829     0.066311
  0.286929     0.066284
  0.287029     0.066256
  0.287129     0.066228
  0.287229     0.066201
  0.287329     0.066173
  0.287429     0.066145
  0.287529     0.066117
  0.287629     0.066089
  0.287729     0.066061
  0.287829     0.066033
  0.287929     0.066004
  0.288029     0.065976
  0.288129     0.065947
  0.288229     0.065919
  0.288329     0.065890
  0.288429     0.065861
  0.288529     0.065833
  0.288629     0.065804
  0.288729     0.065775
  0.288829     0.065746
  0.288929     0.065717
  0.289029     0.065688
  0.289129     0.065658
  0.289229     0.065629
  0.289329     0.065600
  0.289429     0.065570
  0.289529     0.065540
  0.289629     0.065511
  0.289729     0.065481
  0.289829     0.065451
  0.289929     0.065421
  0.290029     0.065391
  0.290129     0.065361
  0.290229     0.065331
  0.290329     0.065301
  0.290429     0.065271
  0.290529     0.065240
  0.290629     0.065210
  0.290729     0.065179
  0.290829     0.065149
  0.290929     0.065118
  0.291029     0.065087
  0.291129     0.065056
  0.291229     0.065025
  0.291329     0.064994
  0.291429     0.064963
  0.291529     0.064932
  0.291629     0.064901
  0.291729     0.064869
  0.291829     0.064838
  0.291929     0.064806
  0.292029     0.064775
  0.292129     0.064743
  0.292229     0.064711
  0.292329     0.064680
  0.292429     0.064648
  0.292529     0.064616
  0.292629     0.064584
  0.292729     0.064551
  0.292829     0.064519
  0.292929     0.064487
  0.293029     0.064455
  0.293129     0.064422
  0.293229     0.064389
  0.293329     0.064357
  0.293429     0.064324
  0.293529     0.064291
  0.293629     0.064259
  0.293729     0.064226
  0.293829     0.064193
  0.293929     0.064159
  0.294029     0.064126
  0.294129     0.064093
  0.294229     0.064060
  0.294329     0.064026
  0.294429     0.063993
  0.294529     0.063959
  0.294629     0.063925
  0.294729     0.063892
  0.294829     0.063858
  0.294929     0.063824
  0.295030     0.063790
  0.295130     0.063756
  0.295230     0.063722
  0.295330     0.063688
  0.295430     0.063653
  0.295530     0.063619
  0.295630     0.063584
  0.295730     0.063550
  0.295830     0.063515
  0.295930     0.063480
  0.296030     0.063446
  0.296130     0.063411
  0.296230     0.063376
  0.296330     0.063341
  0.296430     0.063306
  0.296530     0.063271
  0.296630     0.063235
  0.296730     0.063200
  0.296830     0.063165
  0.296930     0.063129
  0.297030     0.063093
  0.297130     0.063058
  0.297230     0.063022
  0.297330     0.062986
  0.297430     0.062950
  0.297530     0.062914
  0.297630     0.062878
  0.297730     0.062842
  0.297830     0.062806
  0.297930     0.062770
  0.298030     0.062733
  0.298130     0.062697
  0.298230     0.062660
  0.298330     0.062624
  0.298430     0.062587
  0.298530     0.062550
  0.298630     0.062513
  0.298730     0.062476
  0.298830     0.062439
  0.298930     0.062402
  0.299030     0.062365
  0.299130     0.062328
  0.299230     0.062290
  0.299330     0.062253
  0.299430     0.062215
  0.299530     0.062178
  0.299630     0.062140
  0.299730     0.062102
  0.299830     0.062064
  0.299930     0.062027
  0.300030     0.061989
  0.300130     0.061951
  0.300230     0.061913
  0.300330     0.061875
  0.300430     0.061837
  0.300530     0.061800
  0.300630     0.061762
  0.300730     0.061724
  0.300830     0.061687
  0.300930     0.061650
  0.301030     0.061612
  0.301130     0.061575
  0.301230     0.061538
  0.301330     0.061501
  0.301430     0.061464
  0.301530     0.061427
  0.301630     0.061390
  0.301730     0.061353
  0.301830     0.061316
  0.301930     0.061279
  0.302030     0.061243
  0.302130     0.061206
  0.302230     0.061169
  0.302330     0.061133
  0.302430     0.061097
  0.302530     0.061060
  0.302630     0.061024
  0.302730     0.060988
  0.302830     0.060952
  0.302930     0.060916
  0.303030     0.060880
  0.303130     0.060844
  0.303230     0.060808
  0.303330     0.060772
  0.303430     0.060736
  0.303530     0.060701
  0.303630     0.060665
  0.303730     0.060630
  0.303830     0.060594
  0.303930     0.060559
  0.304030     0.060524
  0.304130     0.060488
  0.304230     0.060453
  0.304330     0.060418
  0.304430     0.060383
  0.304530     0.060348
  0.304630     0.060313
  0.304730     0.060279
  0.304830     0.060244
  0.304930     0.060209
  0.305031     0.060174
  0.305131     0.060140
  0.305231     0.060105
  0.305331     0.060071
  0.305431     0.060037
  0.305531     0.060002
  0.305631     0.059968
  0.305731     0.059934
  0.305831     0.059900
  0.305931     0.059866
  0.306031     0.059832
  0.306131     0.059798
  0.306231     0.059764
  0.306331     0.059731
  0.306431     0.059697
  0.306531     0.059663
  0.306631     0.059630
  0.306731     0.059596
  0.306831     0.059563
  0.306931     0.059530
  0.307031     0.059496
  0.307131     0.059463
  0.307231     0.059430
  0.307331     0.059397
  0.307431     0.059364
  0.307531     0.059331
  0.307631     0.059298
  0.307731     0.059266
  0.307831     0.059233
  0.307931     0.059200
  0.308031     0.059168
  0.308131     0.059135
  0.308231     0.059103
  0.308331     0.059070
  0.308431     0.059038
  0.308531     0.059006
  0.308631     0.058974
  0.308731     0.058941
  0.308831     0.058909
  0.308931     0.058877
  0.309031     0.058846
  0.309131     0.058814
  0.309231     0.058782
  0.309331     0.058750
  0.309431     0.058719
  0.309531     0.058687
  0.309631     0.058656
  0.309731     0.058624
  0.309831     0.058593
  0.309931     0.058562
  0.310031     0.058530
  0.310131     0.058499
  0.310231     0.058468
  0.310331     0.058437
  0.310431     0.058406
  0.310531     0.058375
  0.310631     0.058344
  0.310731     0.058314
  0.310831     0.058283
  0.310931     0.058252
  0.311031     0.058222
  0.311131     0.058191
  0.311231     0.058161
  0.311331     0.058131
  0.311431     0.058100
  0.311531     0.058070
  0.311631     0.058040
  0.311731     0.058010
  0.311831     0.057980
  0.311931     0.057950
  0.312031     0.057920
  0.312131     0.057891
  0.312231     0.057861
  0.312331     0.057831
  0.312431     0.057802
  0.312531     0.057772
  0.312631     0.057743
  0.312731     0.057713
  0.312831     0.057684
  0.312931     0.057655
  0.313031     0.057625
  0.313131     0.057596
  0.313231     0.057567
  0.313331     0.057538
  0.313431     0.057509
  0.313531     0.057481
  0.313631     0.057452
  0.313731     0.057423
  0.313831     0.057395
  0.313931     0.057366
  0.314031     0.057337
  0.314131     0.057309
  0.314231     0.057281
  0.314331     0.057252
  0.314431     0.057224
  0.314531     0.057196
  0.314631     0.057168
  0.314731     0.057140
  0.314831     0.057112
  0.314931     0.057084
  0.315032     0.057056
  0.315132     0.057029
  0.315232     0.057001
  0.315332     0.056973
  0.315432     0.056946
  0.315532     0.056918
  0.315632     0.056891
  0.315732     0.056863
  0.315832     0.056836
  0.315932     0.056809
  0.316032     0.056782
  0.316132     0.056755
  0.316232     0.056728
  0.316332     0.056701
  0.316432     0.056674
  0.316532     0.056647
  0.316632     0.056620
  0.316732     0.056594
  0.316832     0.056567
  0.316932     0.056541
  0.317032     0.056514
  0.317132     0.056488
  0.317232     0.056462
  0.317332     0.056435
  0.317432     0.056409
  0.317532     0.056383
  0.317632     0.056357
  0.317732     0.056331
  0.317832     0.056305
  0.317932     0.056279
  0.318032     0.056253
  0.318132     0.056228
  0.318232     0.056202
  0.318332     0.056176
  0.318432     0.056151
  0.318532     0.056126
  0.318632     0.056100
  0.318732     0.056075
  0.318832     0.056050
  0.318932     0.056024
  0.319032     0.055999
  0.319132     0.055974
  0.319232     0.055949
  0.319332     0.055925
  0.319432     0.055900
  0.319532     0.055875
  0.319632     0.055850
  0.319732     0.055826
  0.319832     0.055801
  0.319932     0.055777
  0.320032     0.055752
  0.320132     0.055728
  0.320232     0.055704
  0.320332     0.055679
  0.320432     0.055655
  0.320532     0.055631
  0.320632     0.055607
  0.320732     0.055583
  0.320832     0.055559
  0.320932     0.055536
  0.321032     0.055512
  0.321132     0.055488
  0.321232     0.055465
  0.321332     0.055441
  0.321432     0.055418
  0.321532     0.055394
  0.321632     0.055371
  0.321732     0.055348
  0.321832     0.055324
  0.321932     0.055301
  0.322032     0.055278
  0.322132     0.055255
  0.322232     0.055232
  0.322332     0.055209
  0.322432     0.055187
  0.322532     0.055164
  0.322632     0.055141
  0.322732     0.055119
  0.322832     0.055096
  0.322932     0.055074
  0.323032     0.055051
  0.323132     0.055029
  0.323232     0.055007
  0.323332     0.054985
  0.323432     0.054963
  0.323532     0.054941
  0.323632     0.054919
  0.323732     0.054897
  0.323832     0.054875
  0.323932     0.054853
  0.324032     0.054831
  0.324132     0.054810
  0.324232     0.054788
  0.324332     0.054767
  0.324432     0.054745
  0.324532     0.054724
  0.324632     0.054703
  0.324732     0.054681
  0.324832     0.054660
  0.324932     0.054639
  0.325033     0.054618
  0.325133     0.054597
  0.325233     0.054576
  0.325333     0.054556
  0.325433     0.054535
  0.325533     0.054514
  0.325633     0.054494
  0.325733     0.054473
  0.325833     0.054453
  0.325933     0.054432
  0.326033     0.054412
  0.326133     0.054392
  0.326233     0.054371
  0.326333     0.054351
  0.326433     0.054331
  0.326533     0.054311
  0.326633     0.054291
  0.326733     0.054271
  0.326833     0.054252
  0.326933     0.054232
  0.327033     0.054212
  0.327133     0.054193
  0.327233     0.054173
  0.327333     0.054154
  0.327433     0.054134
  0.327533     0.054115
  0.327633     0.054096
  0.327733     0.054077
  0.327833     0.054057
  0.327933     0.054038
  0.328033     0.054019
  0.328133     0.054000
  0.328233     0.053982
  0.328333     0.053963
  0.328433     0.053944
  0.328533     0.053926
  0.328633     0.053907
  0.328733     0.053888
  0.328833     0.053870
  0.328933     0.053852
  0.329033     0.053833
  0.329133     0.053815
  0.329233     0.053797
  0.329333     0.053779
  0.329433     0.053761
  0.329533     0.053743
  0.329633     0.053725
  0.329733     0.053707
  0.329833     0.053689
  0.329933     0.053672
  0.330033     0.053654
  0.330133     0.053637
  0.330233     0.053619
  0.330333     0.053602
  0.330433     0.053584
  0.330533     0.053567
  0.330633     0.053550
  0.330733     0.053533
  0.330833     0.053516
  0.330933     0.053499
  0.331033     0.053482
  0.331133     0.053465
  0.331233     0.053448
  0.331333     0.053431
  0.331433     0.053415
  0.331533     0.053398
  0.331633     0.053382
  0.331733     0.053365
  0.331833     0.053349
  0.331933     0.053332
  0.332033     0.053316
  0.332133     0.053300
  0.332233     0.053284
  0.332333     0.053268
  0.332433     0.053252
  0.332533     0.053236
  0.332633     0.053220
  0.332733     0.053204
  0.332833     0.053189
  0.332933     0.053173
  0.333033     0.053157
  0.333133     0.053142
  0.333233     0.053126
  0.333333     0.053111
  0.333433     0.053096
  0.333533     0.053081
  0.333633     0.053065
  0.333733     0.053050
  0.333833     0.053035
  0.333933     0.053020
  0.334033     0.053005
  0.334133     0.052991
  0.334233     0.052976
  0.334333     0.052961
  0.334433     0.052947
  0.334533     0.052932
  0.334633     0.052918
  0.334733     0.052903
  0.334833     0.052889
  0.334933     0.052874
  0.335034     0.052860
  0.335134     0.052846
  0.335234     0.052832
  0.335334     0.052818
  0.335434     0.052804
  0.335534     0.052790
  0.335634     0.052776
  0.335734     0.052763
  0.335834     0.052749
  0.335934     0.052735
  0.336034     0.052722
  0.336134     0.052708
  0.336234     0.052695
  0.336334     0.052682
  0.336434     0.052668
  0.336534     0.052655
  0.336634     0.052642
  0.336734     0.052629
  0.336834     0.052616
  0.336934     0.052603
  0.337034     0.052590
  0.337134     0.052577
  0.337234     0.052565
  0.337334     0.052552
  0.337434     0.052540
  0.337534     0.052527
  0.337634     0.052515
  0.337734     0.052502
  0.337834     0.052490
  0.337934     0.052478
  0.338034     0.052465
  0.338134     0.052453
  0.338234     0.052441
  0.338334     0.052429
  0.338434     0.052417
  0.338534     0.052406
  0.338634     0.052394
  0.338734     0.052382
  0.338834     0.052371
  0.338934     0.052359
  0.339034     0.052348
  0.339134     0.052336
  0.339234     0.052325
  0.339334     0.052313
  0.339434     0.052302
  0.339534     0.052291
  0.339634     0.052280
  0.339734     0.052269
  0.339834     0.052258
  0.339934     0.052247
  0.340034     0.052236
  0.340134     0.052226
  0.340234     0.052215
  0.340334     0.052204
  0.340434     0.052194
  0.340534     0.052183
  0.340634     0.052173
  0.340734     0.052163
  0.340834     0.052152
  0.340934     0.052142
  0.341034     0.052132
  0.341134     0.052122
  0.341234     0.052112
  0.341334     0.052102
  0.341434     0.052092
  0.341534     0.052082
  0.341634     0.052073
  0.341734     0.052063
  0.341834     0.052053
  0.341934     0.052044
  0.342034     0.052034
  0.342134     0.052025
  0.342234     0.052016
  0.342334     0.052006
  0.342434     0.051997
  0.342534     0.051988
  0.342634     0.051979
  0.342734     0.051970
  0.342834     0.051961
  0.342934     0.051952
  0.343034     0.051944
  0.343134     0.051935
  0.343234     0.051926
  0.343334     0.051918
  0.343434     0.051909
  0.343534     0.051901
  0.343634     0.051892
  0.343734     0.051884
  0.343834     0.051876
  0.343934     0.051868
  0.344034     0.051860
  0.344134     0.051852
  0.344234     0.051844
  0.344334     0.051836
  0.344434     0.051828
  0.344534     0.051820
  0.344634     0.051813
  0.344734     0.051805
  0.344834     0.051797
  0.344934     0.051790
  0.345035     0.051782
  0.345135     0.051775
  0.345235     0.051768
  0.345335     0.051761
  0.345435     0.051753
  0.345535     0.051746
  0.345635     0.051739
  0.345735     0.051732
  0.345835     0.051726
  0.345935     0.051719
  0.346035     0.051712
  0.346135     0.051705
  0.346235     0.051699
  0.346335     0.051692
  0.346435     0.051686
  0.346535     0.051679
  0.346635     0.051673
  0.346735     0.051667
  0.346835     0.051661
  0.346935     0.051655
  0.347035     0.051649
  0.347135     0.051643
  0.347235     0.051637
  0.347335     0.051631
  0.347435     0.051625
  0.347535     0.051619
  0.347635     0.051614
  0.347735     0.051608
  0.347835     0.051603
  0.347935     0.051597
  0.348035     0.051592
  0.348135     0.051586
  0.348235     0.051581
  0.348335     0.051576
  0.348435     0.051571
  0.348535     0.051566
  0.348635     0.051561
  0.348735     0.051556
  0.348835     0.051551
  0.348935     0.051546
  0.349035     0.051542
  0.349135     0.051537
  0.349235     0.051533
  0.349335     0.051528
  0.349435     0.051524
  0.349535     0.051519
  0.349635     0.051515
  0.349735     0.051511
  0.349835     0.051507
  0.349935     0.051503
  0.350035     0.051499
  0.350135     0.051495
  0.350235     0.051491
  0.350335     0.051487
  0.350435     0.051483
  0.350535     0.051480
  0.350635     0.051476
  0.350735     0.051472
  0.350835     0.051469
  0.350935     0.051466
  0.351035     0.051462
  0.351135     0.051459
  0.351235     0.051456
  0.351335     0.051453
  0.351435     0.051450
  0.351535     0.051447
  0.351635     0.051444
  0.351735     0.051441
  0.351835     0.051438
  0.351935     0.051435
  0.352035     0.051433
  0.352135     0.051430
  0.352235     0.051428
  0.352335     0.051425
  0.352435     0.051423
  0.352535     0.051420
  0.352635     0.051418
  0.352735     0.051416
  0.352835     0.051414
  0.352935     0.051412
  0.353035     0.051410
  0.353135     0.051408
  0.353235     0.051406
  0.353335     0.051404
  0.353435     0.051403
  0.353535     0.051401
  0.353635     0.051400
  0.353735     0.051398
  0.353835     0.051397
  0.353935     0.051395
  0.354035     0.051394
  0.354135     0.051393
  0.354235     0.051392
  0.354335     0.051390
  0.354435     0.051389
  0.354535     0.051389
  0.354635     0.051388
  0.354735     0.051387
  0.354835     0.051386
  0.354935     0.051385
  0.355036     0.051385
  0.355136     0.051384
  0.355236     0.051384
  0.355336     0.051383
  0.355436     0.051383
  0.355536     0.051383
  0.355636     0.051383
  0.355736     0.051382
  0.355836     0.051382
  0.355936     0.051382
  0.356036     0.051382
  0.356136     0.051383
  0.356236     0.051383
  0.356336     0.051383
  0.356436     0.051383
  0.356536     0.051384
  0.356636     0.051384
  0.356736     0.051385
  0.356836     0.051385
  0.356936     0.051386
  0.357036     0.051387
  0.357136     0.051388
  0.357236     0.051389
  0.357336     0.051390
  0.357436     0.051391
  0.357536     0.051392
  0.357636     0.051393
  0.357736     0.051394
  0.357836     0.051395
  0.357936     0.051397
  0.358036     0.051398
  0.358136     0.051400
  0.358236     0.051401
  0.358336     0.051403
  0.358436     0.051405
  0.358536     0.051406
  0.358636     0.051408
  0.358736     0.051410
  0.358836     0.051412
  0.358936     0.051414
  0.359036     0.051416
  0.359136     0.051418
  0.359236     0.051421
  0.359336     0.051423
  0.359436     0.051425
  0.359536     0.051428
  0.359636     0.051430
  0.359736     0.051433
  0.359836     0.051435
  0.359936     0.051438
  0.360036     0.051441
  0.360136     0.051444
  0.360236     0.051447
  0.360336     0.051450
  0.360436     0.051453
  0.360536     0.051456
  0.360636     0.051459
  0.360736     0.051462
  0.360836     0.051466
  0.360936     0.051469
  0.361036     0.051473
  0.361136     0.051476
  0.361236     0.051480
  0.361336     0.051483
  0.361436     0.051487
  0.361536     0.051491
  0.361636     0.051495
  0.361736     0.051499
  0.361836     0.051503
  0.361936     0.051507
  0.362036     0.051511
  0.362136     0.051515
  0.362236     0.051520
  0.362336     0.051524
  0.362436     0.051528
  0.362536     0.051533
  0.362636     0.051537
  0.362736     0.051542
  0.362836     0.051547
  0.362936     0.051552
  0.363036     0.051556
  0.363136     0.051561
  0.363236     0.051566
  0.363336     0.051571
  0.363436     0.051576
  0.363536     0.051582
  0.363636     0.051587
  0.363736     0.051592
  0.363836     0.051597
  0.363936     0.051603
  0.364036     0.051608
  0.364136     0.051614
  0.364236     0.051620
  0.364336     0.051625
  0.364436     0.051631
  0.364536     0.051637
  0.364636     0.051643
  0.364736     0.051649
  0.364836     0.051655
  0.364936     0.051661
  0.365037     0.051667
  0.365137     0.051674
  0.365237     0.051680
  0.365337     0.051686
  0.365437     0.051693
  0.365537     0.051699
  0.365637     0.051706
  0.365737     0.051713
  0.365837     0.051719
  0.365937     0.051726
  0.366037     0.051733
  0.366137     0.051740
  0.366237     0.051747
  0.366337     0.051754
  0.366437     0.051761
  0.366537     0.051768
  0.366637     0.051776
  0.366737     0.051783
  0.366837     0.051790
  0.366937     0.051798
  0.367037     0.051805
  0.367137     0.051813
  0.367237     0.051821
  0.367337     0.051828
  0.367437     0.051836
  0.367537     0.051844
  0.367637     0.051852
  0.367737     0.051860
  0.367837     0.051868
  0.367937     0.051876
  0.368037     0.051885
  0.368137     0.051893
  0.368237     0.051901
  0.368337     0.051910
  0.368437     0.051918
  0.368537     0.051927
  0.368637     0.051935
  0.368737     0.051944
  0.368837     0.051953
  0.368937     0.051962
  0.369037     0.051971
  0.369137     0.051980
  0.369237     0.051989
  0.369337     0.051998
  0.369437     0.052007
  0.369537     0.052016
  0.369637     0.052026
  0.369737     0.052035
  0.369837     0.052044
  0.369937     0.052054
  0.370037     0.052064
  0.370137     0.052073
  0.370237     0.052083
  0.370337     0.052093
  0.370437     0.052103
  0.370537     0.052113
  0.370637     0.052123
  0.370737     0.052133
  0.370837     0.052143
  0.370937     0.052153
  0.371037     0.052163
  0.371137     0.052174
  0.371237     0.052184
  0.371337     0.052194
  0.371437     0.052205
  0.371537     0.052216
  0.371637     0.052226
  0.371737     0.052237
  0.371837     0.052248
  0.371937     0.052259
  0.372037     0.052270
  0.372137     0.052281
  0.372237     0.052292
  0.372337     0.052303
  0.372437     0.052314
  0.372537     0.052325
  0.372637     0.052337
  0.372737     0.052348
  0.372837     0.052360
  0.372937     0.052371
  0.373037     0.052383
  0.373137     0.052395
  0.373237     0.052406
  0.373337     0.052418
  0.373437     0.052430
  0.373537     0.052442
  0.373637     0.052454
  0.373737     0.052466
  0.373837     0.052478
  0.373937     0.052491
  0.374037     0.052503
  0.374137     0.052515
  0.374237     0.052528
  0.374337     0.052540
  0.374437     0.052553
  0.374537     0.052566
  0.374637     0.052578
  0.374737     0.052591
  0.374837     0.052604
  0.374937     0.052617
  0.375038     0.052630
  0.375138     0.052643
  0.375238     0.052656
  0.375338     0.052669
  0.375438     0.052683
  0.375538     0.052696
  0.375638     0.052709
  0.375738     0.052723
  0.375838     0.052736
  0.375938     0.052750
  0.376038     0.052764
  0.376138     0.052777
  0.376238     0.052791
  0.376338     0.052805
  0.376438     0.052819
  0.376538     0.052833
  0.376638     0.052847
  0.376738     0.052861
  0.376838     0.052875
  0.376938     0.052890
  0.377038     0.052904
  0.377138     0.052918
  0.377238     0.052933
  0.377338     0.052947
  0.377438     0.052962
  0.377538     0.052977
  0.377638     0.052992
  0.377738     0.053006
  0.377838     0.053021
  0.377938     0.053036
  0.378038     0.053051
  0.378138     0.053066
  0.378238     0.053082
  0.378338     0.053097
  0.378438     0.053112
  0.378538     0.053127
  0.378638     0.053143
  0.378738     0.053158
  0.378838     0.053174
  0.378938     0.053190
  0.379038     0.053205
  0.379138     0.053221
  0.379238     0.053237
  0.379338     0.053253
  0.379438     0.053269
  0.379538     0.053285
  0.379638     0.053301
  0.379738     0.053317
  0.379838     0.053334
  0.379938     0.053350
  0.380038     0.053366
  0.380138     0.053383
  0.380238     0.053399
  0.380338     0.053416
  0.380438     0.053432
  0.380538     0.053449
  0.380638     0.053466
  0.380738     0.053483
  0.380838     0.053500
  0.380938     0.053517
  0.381038     0.053534
  0.381138     0.053551
  0.381238     0.053568
  0.381338     0.053586
  0.381438     0.053603
  0.381538     0.053620
  0.381638     0.053638
  0.381738     0.053655
  0.381838     0.053673
  0.381938     0.053691
  0.382038     0.053708
  0.382138     0.053726
  0.382238     0.053744
  0.382338     0.053762
  0.382438     0.053780
  0.382538     0.053798
  0.382638     0.053816
  0.382738     0.053835
  0.382838     0.053853
  0.382938     0.053871
  0.383038     0.053890
  0.383138     0.053908
  0.383238     0.053927
  0.383338     0.053945
  0.383438     0.053964
  0.383538     0.053983
  0.383638     0.054002
  0.383738     0.054021
  0.383838     0.054040
  0.383938     0.054059
  0.384038     0.054078
  0.384138     0.054097
  0.384238     0.054116
  0.384338     0.054135
  0.384438     0.054155
  0.384538     0.054174
  0.384638     0.054194
  0.384738     0.054213
  0.384838     0.054233
  0.384938     0.054253
  0.385039     0.054273
  0.385139     0.054292
  0.385239     0.054312
  0.385339     0.054332
  0.385439     0.054352
  0.385539     0.054373
  0.385639     0.054393
  0.385739     0.054413
  0.385839     0.054433
  0.385939     0.054454
  0.386039     0.054474
  0.386139     0.054495
  0.386239     0.054515
  0.386339     0.054536
  0.386439     0.054557
  0.386539     0.054578
  0.386639     0.054599
  0.386739     0.054620
  0.386839     0.054641
  0.386939     0.054662
  0.387039     0.054683
  0.387139     0.054704
  0.387239     0.054725
  0.387339     0.054747
  0.387439     0.054768
  0.387539     0.054790
  0.387639     0.054811
  0.387739     0.054833
  0.387839     0.054854
  0.387939     0.054876
  0.388039     0.054898
  0.388139     0.054920
  0.388239     0.054942
  0.388339     0.054964
  0.388439     0.054986
  0.388539     0.055008
  0.388639     0.055031
  0.388739     0.055053
  0.388839     0.055075
  0.388939     0.055098
  0.389039     0.055120
  0.389139     0.055143
  0.389239     0.055165
  0.389339     0.055188
  0.389439     0.055211
  0.389539     0.055234
  0.389639     0.055257
  0.389739     0.055280
  0.389839     0.055303
  0.389939     0.055326
  0.390039     0.055349
  0.390139     0.055372
  0.390239     0.055396
  0.390339     0.055419
  0.390439     0.055443
  0.390539     0.055466
  0.390639     0.055490
  0.390739     0.055513
  0.390839     0.055537
  0.390939     0.055561
  0.391039     0.055585
  0.391139     0.055609
  0.391239     0.055633
  0.391339     0.055657
  0.391439     0.055681
  0.391539     0.055705
  0.391639     0.055729
  0.391739     0.055754
  0.391839     0.055778
  0.391939     0.055803
  0.392039     0.055827
  0.392139     0.055852
  0.392239     0.055877
  0.392339     0.055901
  0.392439     0.055926
  0.392539     0.055951
  0.392639     0.055976
  0.392739     0.056001
  0.392839     0.056026
  0.392939     0.056051
  0.393039     0.056077
  0.393139     0.056102
  0.393239     0.056127
  0.393339     0.056153
  0.393439     0.056178
  0.393539     0.056204
  0.393639     0.056229
  0.393739     0.056255
  0.393839     0.056281
  0.393939     0.056307
  0.394039     0.056333
  0.394139     0.056359
  0.394239     0.056385
  0.394339     0.056411
  0.394439     0.056437
  0.394539     0.056463
  0.394639     0.056490
  0.394739     0.056516
  0.394839     0.056542
  0.394939     0.056569
  0.395040     0.056596
  0.395140     0.056622
  0.395240     0.056649
  0.395340     0.056676
  0.395440     0.056703
  0.395540     0.056730
  0.395640     0.056757
  0.395740     0.056784
  0.395840     0.056811
  0.395940     0.056838
  0.396040     0.056865
  0.396140     0.056893
  0.396240     0.056920
  0.396340     0.056947
  0.396440     0.056975
  0.396540     0.057003
  0.396640     0.057030
  0.396740     0.057058
  0.396840     0.057086
  0.396940     0.057114
  0.397040     0.057142
  0.397140     0.057170
  0.397240     0.057198
  0.397340     0.057226
  0.397440     0.057254
  0.397540     0.057283
  0.397640     0.057311
  0.397740     0.057339
  0.397840     0.057368
  0.397940     0.057396
  0.398040     0.057425
  0.398140     0.057454
  0.398240     0.057482
  0.398340     0.057511
  0.398440     0.057540
  0.398540     0.057569
  0.398640     0.057598
  0.398740     0.057627
  0.398840     0.057657
  0.398940     0.057686
  0.399040     0.057715
  0.399140     0.057744
  0.399240     0.057774
  0.399340     0.057803
  0.399440     0.057833
  0.399540     0.057863
  0.399640     0.057892
  0.399740     0.057922
  0.399840     0.057952
  0.399940     0.057982
  0.400040     0.058012
  0.400140     0.058042
  0.400240     0.058072
  0.400340     0.058102
  0.400440     0.058131
  0.400540     0.058161
  0.400640     0.058190
  0.400740     0.058220
  0.400840     0.058249
  0.400940     0.058279
  0.401040     0.058308
  0.401140     0.058337
  0.401240     0.058366
  0.401340     0.058395
  0.401440     0.058424
  0.401540     0.058453
  0.401640     0.058482
  0.401740     0.058511
  0.401840     0.058539
  0.401940     0.058568
  0.402040     0.058596
  0.402140     0.058625
  0.402240     0.058653
  0.402340     0.058681
  0.402440     0.058709
  0.402540     0.058738
  0.402640     0.058766
  0.402740     0.058794
  0.402840     0.058821
  0.402940     0.058849
  0.403040     0.058877
  0.403140     0.058905
  0.403240     0.058932
  0.403340     0.058960
  0.403440     0.058987
  0.403540     0.059014
  0.403640     0.059042
  0.403740     0.059069
  0.403840     0.059096
  0.403940     0.059123
  0.404040     0.059150
  0.404140     0.059177
  0.404240     0.059204
  0.404340     0.059231
  0.404440     0.059257
  0.404540     0.059284
  0.404640     0.059310
  0.404740     0.059337
  0.404840     0.059363
  0.404940     0.059389
  0.405041     0.059416
  0.405141     0.059442
  0.405241     0.059468
  0.405341     0.059494
  0.405441     0.059520
  0.405541     0.059546
  0.405641     0.059571
  0.405741     0.059597
  0.405841     0.059623
  0.405941     0.059648
  0.406041     0.059674
  0.406141     0.059699
  0.406241     0.059724
  0.406341     0.059749
  0.406441     0.059775
  0.406541     0.059800
  0.406641     0.059825
  0.406741     0.059850
  0.406841     0.059874
  0.406941     0.059899
  0.407041     0.059924
  0.407141     0.059948
  0.407241     0.059973
  0.407341     0.059997
  0.407441     0.060022
  0.407541     0.060046
  0.407641     0.060070
  0.407741     0.060095
  0.407841     0.060119
  0.407941     0.060143
  0.408041     0.060167
  0.408141     0.060190
  0.408241     0.060214
  0.408341     0.060238
  0.408441     0.060262
  0.408541     0.060285
  0.408641     0.060309
  0.408741     0.060332
  0.408841     0.060355
  0.408941     0.060378
  0.409041     0.060402
  0.409141     0.060425
  0.409241     0.060448
  0.409341     0.060471
  0.409441     0.060494
  0.409541     0.060516
  0.409641     0.060539
  0.409741     0.060562
  0.409841     0.060584
  0.409941     0.060607
  0.410041     0.060629
  0.410141     0.060652
  0.410241     0.060674
  0.410341     0.060696
  0.410441     0.060718
  0.410541     0.060740
  0.410641     0.060762
  0.410741     0.060784
  0.410841     0.060806
  0.410941     0.060827
  0.411041     0.060849
  0.411141     0.060871
  0.411241     0.060892
  0.411341     0.060914
  0.411441     0.060935
  0.411541     0.060956
  0.411641     0.060977
  0.411741     0.060998
  0.411841     0.061020
  0.411941     0.061041
  0.412041     0.061061
  0.412141     0.061082
  0.412241     0.061103
  0.412341     0.061124
  0.412441     0.061144
  0.412541     0.061165
  0.412641     0.061185
  0.412741     0.061205
  0.412841     0.061226
  0.412941     0.061246
  0.413041     0.061266
  0.413141     0.061286
  0.413241     0.061306
  0.413341     0.061326
  0.413441     0.061346
  0.413541     0.061366
  0.413641     0.061385
  0.413741     0.061405
  0.413841     0.061424
  0.413941     0.061444
  0.414041     0.061463
  0.414141     0.061482
  0.414241     0.061502
  0.414341     0.061521
  0.414441     0.061540
  0.414541     0.061559
  0.414641     0.061578
  0.414741     0.061597
  0.414841     0.061615
  0.414941     0.061634
  0.415042     0.061653
  0.415142     0.061671
  0.415242     0.061690
  0.415342     0.061708
  0.415442     0.061726
  0.415542     0.061745
  0.415642     0.061763
  0.415742     0.061781
  0.415842     0.061799
  0.415942     0.061817
  0.416042     0.061835
  0.416142     0.061852
  0.416242     0.061870
  0.416342     0.061888
  0.416442     0.061905
  0.416542     0.061923
  0.416642     0.061940
  0.416742     0.061957
  0.416842     0.061975
  0.416942     0.061992
  0.417042     0.062009
  0.417142     0.062026
  0.417242     0.062043
  0.417342     0.062060
  0.417442     0.062077
  0.417542     0.062093
  0.417642     0.062110
  0.417742     0.062126
  0.417842     0.062143
  0.417942     0.062159
  0.418042     0.062176
  0.418142     0.062192
  0.418242     0.062208
  0.418342     0.062224
  0.418442     0.062240
  0.418542     0.062256
  0.418642     0.062272
  0.418742     0.062288
  0.418842     0.062303
  0.418942     0.062319
  0.419042     0.062335
  0.419142     0.062350
  0.419242     0.062366
  0.419342     0.062381
  0.419442     0.062396
  0.419542     0.062411
  0.419642     0.062427
  0.419742     0.062442
  0.419842     0.062457
  0.419942     0.062471
  0.420042     0.062486
  0.420142     0.062501
  0.420242     0.062516
  0.420342     0.062530
  0.420442     0.062545
  0.420542     0.062559
  0.420642     0.062573
  0.420742     0.062588
  0.420842     0.062602
  0.420942     0.062616
  0.421042     0.062630
  0.421142     0.062644
  0.421242     0.062658
  0.421342     0.062672
  0.421442     0.062686
  0.421542     0.062699
  0.421642     0.062713
  0.421742     0.062726
  0.421842     0.062740
  0.421942     0.062753
  0.422042     0.062766
  0.422142     0.062780
  0.422242     0.062793
  0.422342     0.062806
  0.422442     0.062819
  0.422542     0.062832
  0.422642     0.062845
  0.422742     0.062857
  0.422842     0.062870
  0.422942     0.062883
  0.423042     0.062895
  0.423142     0.062908
  0.423242     0.062920
  0.423342     0.062932
  0.423442     0.062944
  0.423542     0.062957
  0.423642     0.062969
  0.423742     0.062981
  0.423842     0.062993
  0.423942     0.063004
  0.424042     0.063016
  0.424142     0.063028
  0.424242     0.063039
  0.424342     0.063051
  0.424442     0.063062
  0.424542     0.063074
  0.424642     0.063085
  0.424742     0.063096
  0.424842     0.063108
  0.424942     0.063119
  0.425043     0.063130
  0.425143     0.063141
  0.425243     0.063151
  0.425343     0.063162
  0.425443     0.063173
  0.425543     0.063184
  0.425643     0.063194
  0.425743     0.063205
  0.425843     0.063215
  0.425943     0.063225
  0.426043     0.063236
  0.426143     0.063246
  0.426243     0.063256
  0.426343     0.063266
  0.426443     0.063276
  0.426543     0.063286
  0.426643     0.063295
  0.426743     0.063305
  0.426843     0.063315
  0.426943     0.063324
  0.427043     0.063334
  0.427143     0.063343
  0.427243     0.063353
  0.427343     0.063362
  0.427443     0.063371
  0.427543     0.063380
  0.427643     0.063389
  0.427743     0.063398
  0.427843     0.063407
  0.427943     0.063416
  0.428043     0.063425
  0.428143     0.063433
  0.428243     0.063442
  0.428343     0.063450
  0.428443     0.063459
  0.428543     0.063467
  0.428643     0.063475
  0.428743     0.063483
  0.428843     0.063492
  0.428943     0.063500
  0.429043     0.063508
  0.429143     0.063515
  0.429243     0.063523
  0.429343     0.063531
  0.429443     0.063539
  0.429543     0.063546
  0.429643     0.063554
  0.429743     0.063561
  0.429843     0.063569
  0.429943     0.063576
  0.430043     0.063583
  0.430143     0.063590
  0.430243     0.063597
  0.430343     0.063604
  0.430443     0.063611
  0.430543     0.063618
  0.430643     0.063625
  0.430743     0.063631
  0.430843     0.063638
  0.430943     0.063645
  0.431043     0.063651
  0.431143     0.063657
  0.431243     0.063664
  0.431343     0.063670
  0.431443     0.063676
  0.431543     0.063682
  0.431643     0.063688
  0.431743     0.063694
  0.431843     0.063700
  0.431943     0.063706
  0.432043     0.063711
  0.432143     0.063717
  0.432243     0.063722
  0.432343     0.063728
  0.432443     0.063733
  0.432543     0.063739
  0.432643     0.063744
  0.432743     0.063749
  0.432843     0.063754
  0.432943     0.063759
  0.433043     0.063764
  0.433143     0.063769
  0.433243     0.063774
  0.433343     0.063778
  0.433443     0.063783
  0.433543     0.063787
  0.433643     0.063792
  0.433743     0.063796
  0.433843     0.063801
  0.433943     0.063805
  0.434043     0.063809
  0.434143     0.063813
  0.434243     0.063817
  0.434343     0.063821
  0.434443     0.063825
  0.434543     0.063829
  0.434643     0.063832
  0.434743     0.063836
  0.434843     0.063840
  0.434943     0.063843
  0.435044     0.063846
  0.435144     0.063850
  0.435244     0.063853
  0.435344     0.063856
  0.435444     0.063859
  0.435544     0.063862
  0.435644     0.063865
  0.435744     0.063868
  0.435844     0.063871
  0.435944     0.063874
  0.436044     0.063876
  0.436144     0.063879
  0.436244     0.063881
  0.436344     0.063884
  0.436444     0.063886
  0.436544     0.063888
  0.436644     0.063891
  0.436744     0.063893
  0.436844     0.063895
  0.436944     0.063897
  0.437044     0.063899
  0.437144     0.063900
  0.437244     0.063902
  0.437344     0.063904
  0.437444     0.063905
  0.437544     0.063907
  0.437644     0.063908
  0.437744     0.063910
  0.437844     0.063911
  0.437944     0.063912
  0.438044     0.063913
  0.438144     0.063914
  0.438244     0.063915
  0.438344     0.063916
  0.438444     0.063917
  0.438544     0.063918
  0.438644     0.063918
  0.438744     0.063919
  0.438844     0.063920
  0.438944     0.063920
  0.439044     0.063920
  0.439144     0.063921
  0.439244     0.063921
  0.439344     0.063921
  0.439444     0.063921
  0.439544     0.063921
  0.439644     0.063921
  0.439744     0.063921
  0.439844     0.063921
  0.439944     0.063920
  0.440044     0.063920
  0.440144     0.063919
  0.440244     0.063919
  0.440344     0.063918
  0.440444     0.063917
  0.440544     0.063917
  0.440644     0.063916
  0.440744     0.063915
  0.440844     0.063914
  0.440944     0.063913
  0.441044     0.063912
  0.441144     0.063910
  0.441244     0.063909
  0.441344     0.063908
  0.441444     0.063906
  0.441544     0.063905
  0.441644     0.063903
  0.441744     0.063901
  0.441844     0.063900
  0.441944     0.063898
  0.442044     0.063896
  0.442144     0.063894
  0.442244     0.063892
  0.442344     0.063890
  0.442444     0.063888
  0.442544     0.063885
  0.442644     0.063883
  0.442744     0.063880
  0.442844     0.063878
  0.442944     0.063875
  0.443044     0.063873
  0.443144     0.063870
  0.443244     0.063867
  0.443344     0.063864
  0.443444     0.063861
  0.443544     0.063858
  0.443644     0.063855
  0.443744     0.063852
  0.443844     0.063848
  0.443944     0.063845
  0.444044     0.063842
  0.444144     0.063838
  0.444244     0.063835
  0.444344     0.063831
  0.444444     0.063827
  0.444544     0.063823
  0.444644     0.063819
  0.444744     0.063815
  0.444844     0.063811
  0.444944     0.063807
  0.445045     0.063803
  0.445145     0.063799
  0.445245     0.063795
  0.445345     0.063790
  0.445445     0.063786
  0.445545     0.063781
  0.445645     0.063776
  0.445745     0.063772
  0.445845     0.063767
  0.445945     0.063762
  0.446045     0.063757
  0.446145     0.063752
  0.446245     0.063747
  0.446345     0.063742
  0.446445     0.063736
  0.446545     0.063731
  0.446645     0.063726
  0.446745     0.063720
  0.446845     0.063715
  0.446945     0.063709
  0.447045     0.063703
  0.447145     0.063697
  0.447245     0.063692
  0.447345     0.063686
  0.447445     0.063680
  0.447545     0.063674
  0.447645     0.063667
  0.447745     0.063661
  0.447845     0.063655
  0.447945     0.063648
  0.448045     0.063642
  0.448145     0.063635
  0.448245     0.063629
  0.448345     0.063622
  0.448445     0.063615
  0.448545     0.063608
  0.448645     0.063601
  0.448745     0.063594
  0.448845     0.063587
  0.448945     0.063580
  0.449045     0.063573
  0.449145     0.063566
  0.449245     0.063558
  0.449345     0.063551
  0.449445     0.063543
  0.449545     0.063536
  0.449645     0.063528
  0.449745     0.063520
  0.449845     0.063512
  0.449945     0.063504
  0.450045     0.063496
  0.450145     0.063488
  0.450245     0.063480
  0.450345     0.063472
  0.450445     0.063464
  0.450545     0.063455
  0.450645     0.063447
  0.450745     0.063438
  0.450845     0.063430
  0.450945     0.063421
  0.451045     0.063412
  0.451145     0.063403
  0.451245     0.063394
  0.451345     0.063386
  0.451445     0.063376
  0.451545     0.063367
  0.451645     0.063358
  0.451745     0.063349
  0.451845     0.063339
  0.451945     0.063330
  0.452045     0.063320
  0.452145     0.063311
  0.452245     0.063301
  0.452345     0.063291
  0.452445     0.063282
  0.452545     0.063272
  0.452645     0.063262
  0.452745     0.063252
  0.452845     0.063242
  0.452945     0.063231
  0.453045     0.063221
  0.453145     0.063211
  0.453245     0.063200
  0.453345     0.063190
  0.453445     0.063179
  0.453545     0.063169
  0.453645     0.063158
  0.453745     0.063147
  0.453845     0.063136
  0.453945     0.063125
  0.454045     0.063114
  0.454145     0.063103
  0.454245     0.063092
  0.454345     0.063081
  0.454445     0.063069
  0.454545     0.063058
  0.454645     0.063046
  0.454745     0.063035
  0.454845     0.063023
  0.454945     0.063011
  0.455046     0.063000
  0.455146     0.062988
  0.455246     0.062976
  0.455346     0.062964
  0.455446     0.062952
  0.455546     0.062939
  0.455646     0.062927
  0.455746     0.062915
  0.455846     0.062903
  0.455946     0.062890
  0.456046     0.062877
  0.456146     0.062865
  0.456246     0.062852
  0.456346     0.062839
  0.456446     0.062826
  0.456546     0.062814
  0.456646     0.062801
  0.456746     0.062787
  0.456846     0.062774
  0.456946     0.062761
  0.457046     0.062748
  0.457146     0.062734
  0.457246     0.062721
  0.457346     0.062707
  0.457446     0.062694
  0.457546     0.062680
  0.457646     0.062666
  0.457746     0.062652
  0.457846     0.062638
  0.457946     0.062624
  0.458046     0.062610
  0.458146     0.062596
  0.458246     0.062582
  0.458346     0.062568
  0.458446     0.062553
  0.458546     0.062539
  0.458646     0.062524
  0.458746     0.062510
  0.458846     0.062495
  0.458946     0.062480
  0.459046     0.062465
  0.459146     0.062450
  0.459246     0.062435
  0.459346     0.062420
  0.459446     0.062405
  0.459546     0.062390
  0.459646     0.062375
  0.459746     0.062359
  0.459846     0.062344
  0.459946     0.062328
  0.460046     0.062313
  0.460146     0.062297
  0.460246     0.062281
  0.460346     0.062266
  0.460446     0.062250
  0.460546     0.062234
  0.460646     0.062218
  0.460746     0.062201
  0.460846     0.062185
  0.460946     0.062169
  0.461046     0.062153
  0.461146     0.062136
  0.461246     0.062120
  0.461346     0.062103
  0.461446     0.062086
  0.461546     0.062070
  0.461646     0.062053
  0.461746     0.062036
  0.461846     0.062019
  0.461946     0.062002
  0.462046     0.061985
  0.462146     0.061968
  0.462246     0.061950
  0.462346     0.061933
  0.462446     0.061916
  0.462546     0.061898
  0.462646     0.061881
  0.462746     0.061863
  0.462846     0.061845
  0.462946     0.061827
  0.463046     0.061810
  0.463146     0.061792
  0.463246     0.061774
  0.463346     0.061755
  0.463446     0.061737
  0.463546     0.061719
  0.463646     0.061701
  0.463746     0.061682
  0.463846     0.061664
  0.463946     0.061645
  0.464046     0.061627
  0.464146     0.061608
  0.464246     0.061589
  0.464346     0.061570
  0.464446     0.061551
  0.464546     0.061532
  0.464646     0.061513
  0.464746     0.061494
  0.464846     0.061475
  0.464946     0.061455
  0.465047     0.061436
  0.465147     0.061416
  0.465247     0.061397
  0.465347     0.061377
  0.465447     0.061358
  0.465547     0.061338
  0.465647     0.061318
  0.465747     0.061298
  0.465847     0.061278
  0.465947     0.061258
  0.466047     0.061238
  0.466147     0.061218
  0.466247     0.061197
  0.466347     0.061177
  0.466447     0.061156
  0.466547     0.061136
  0.466647     0.061115
  0.466747     0.061095
  0.466847     0.061074
  0.466947     0.061053
  0.467047     0.061032
  0.467147     0.061011
  0.467247     0.060990
  0.467347     0.060969
  0.467447     0.060948
  0.467547     0.060926
  0.467647     0.060905
  0.467747     0.060883
  0.467847     0.060862
  0.467947     0.060840
  0.468047     0.060819
  0.468147     0.060797
  0.468247     0.060775
  0.468347     0.060753
  0.468447     0.060731
  0.468547     0.060709
  0.468647     0.060687
  0.468747     0.060665
  0.468847     0.060642
  0.468947     0.060620
  0.469047     0.060598
  0.469147     0.060575
  0.469247     0.060553
  0.469347     0.060530
  0.469447     0.060507
  0.469547     0.060484
  0.469647     0.060461
  0.469747     0.060438
  0.469847     0.060415
  0.469947     0.060392
  0.470047     0.060369
  0.470147     0.060346
  0.470247     0.060322
  0.470347     0.060299
  0.470447     0.060276
  0.470547     0.060252
  0.470647     0.060228
  0.470747     0.060205
  0.470847     0.060181
  0.470947     0.060157
  0.471047     0.060133
  0.471147     0.060109
  0.471247     0.060085
  0.471347     0.060061
  0.471447     0.060036
  0.471547     0.060012
  0.471647     0.059988
  0.471747     0.059963
  0.471847     0.059938
  0.471947     0.059914
  0.472047     0.059889
  0.472147     0.059864
  0.472247     0.059839
  0.472347     0.059815
  0.472447     0.059789
  0.472547     0.059764
  0.472647     0.059739
  0.472747     0.059714
  0.472847     0.059689
  0.472947     0.059663
  0.473047     0.059638
  0.473147     0.059612
  0.473247     0.059587
  0.473347     0.059561
  0.473447     0.059535
  0.473547     0.059509
  0.473647     0.059483
  0.473747     0.059457
  0.473847     0.059431
  0.473947     0.059405
  0.474047     0.059379
  0.474147     0.059352
  0.474247     0.059326
  0.474347     0.059300
  0.474447     0.059273
  0.474547     0.059246
  0.474647     0.059220
  0.474747     0.059193
  0.474847     0.059166
  0.474947     0.059139
  0.475048     0.059112
  0.475148     0.059085
  0.475248     0.059058
  0.475348     0.059031
  0.475448     0.059003
  0.475548     0.058976
  0.475648     0.058949
  0.475748     0.058921
  0.475848     0.058893
  0.475948     0.058866
  0.476048     0.058838
  0.476148     0.058810
  0.476248     0.058782
  0.476348     0.058754
  0.476448     0.058726
  0.476548     0.058698
  0.476648     0.058670
  0.476748     0.058642
  0.476848     0.058613
  0.476948     0.058585
  0.477048     0.058556
  0.477148     0.058528
  0.477248     0.058499
  0.477348     0.058470
  0.477448     0.058441
  0.477548     0.058412
  0.477648     0.058383
  0.477748     0.058354
  0.477848     0.058325
  0.477948     0.058296
  0.478048     0.058267
  0.478148     0.058237
  0.478248     0.058208
  0.478348     0.058178
  0.478448     0.058149
  0.478548     0.058119
  0.478648     0.058090
  0.478748     0.058060
  0.478848     0.058030
  0.478948     0.058000
  0.479048     0.057970
  0.479148     0.057940
  0.479248     0.057909
  0.479348     0.057879
  0.479448     0.057849
  0.479548     0.057818
  0.479648     0.057788
  0.479748     0.057757
  0.479848     0.057727
  0.479948     0.057696
  0.480048     0.057665
  0.480148     0.057634
  0.480248     0.057603
  0.480348     0.057572
  0.480448     0.057541
  0.480548     0.057510
  0.480648     0.057479
  0.480748     0.057447
  0.480848     0.057416
  0.480948     0.057385
  0.481048     0.057353
  0.481148     0.057321
  0.481248     0.057290
  0.481348     0.057258
  0.481448     0.057226
  0.481548     0.057194
  0.481648     0.057162
  0.481748     0.057130
  0.481848     0.057098
  0.481948     0.057066
  0.482048     0.057033
  0.482148     0.057001
  0.482248     0.056968
  0.482348     0.056936
  0.482448     0.056903
  0.482548     0.056870
  0.482648     0.056838
  0.482748     0.056805
  0.482848     0.056772
  0.482948     0.056739
  0.483048     0.056706
  0.483148     0.056673
  0.483248     0.056639
  0.483348     0.056606
  0.483448     0.056573
  0.483548     0.056539
  0.483648     0.056506
  0.483748     0.056472
  0.483848     0.056438
  0.483948     0.056405
  0.484048     0.056371
  0.484148     0.056337
  0.484248     0.056303
  0.484348     0.056269
  0.484448     0.056235
  0.484548     0.056200
  0.484648     0.056166
  0.484748     0.056132
  0.484848     0.056097
  0.484948     0.056063
  0.485049     0.056028
  0.485149     0.055994
  0.485249     0.055959
  0.485349     0.055924
  0.485449     0.055889
  0.485549     0.055854
  0.485649     0.055819
  0.485749     0.055784
  0.485849     0.055749
  0.485949     0.055713
  0.486049     0.055678
  0.486149     0.055643
  0.486249     0.055607
  0.486349     0.055571
  0.486449     0.055536
  0.486549     0.055500
  0.486649     0.055464
  0.486749     0.055428
  0.486849     0.055392
  0.486949     0.055356
  0.487049     0.055320
  0.487149     0.055284
  0.487249     0.055248
  0.487349     0.055211
  0.487449     0.055175
  0.487549     0.055138
  0.487649     0.055102
  0.487749     0.055065
  0.487849     0.055028
  0.487949     0.054992
  0.488049     0.054955
  0.488149     0.054918
  0.488249     0.054881
  0.488349     0.054844
  0.488449     0.054807
  0.488549     0.054769
  0.488649     0.054732
  0.488749     0.054694
  0.488849     0.054657
  0.488949     0.054619
  0.489049     0.054582
  0.489149     0.054544
  0.489249     0.054506
  0.489349     0.054468
  0.489449     0.054430
  0.489549     0.054392
  0.489649     0.054354
  0.489749     0.054316
  0.489849     0.054278
  0.489949     0.054240
  0.490049     0.054201
  0.490149     0.054163
  0.490249     0.054124
  0.490349     0.054086
  0.490449     0.054047
  0.490549     0.054008
  0.490649     0.053969
  0.490749     0.053930
  0.490849     0.053891
  0.490949     0.053852
  0.491049     0.053813
  0.491149     0.053774
  0.491249     0.053734
  0.491349     0.053695
  0.491449     0.053656
  0.491549     0.053616
  0.491649     0.053576
  0.491749     0.053537
  0.491849     0.053497
  0.491949     0.053457
  0.492049     0.053417
  0.492149     0.053377
  0.492249     0.053337
  0.492349     0.053297
  0.492449     0.053257
  0.492549     0.053216
  0.492649     0.053176
  0.492749     0.053136
  0.492849     0.053095
  0.492949     0.053054
  0.493049     0.053014
  0.493149     0.052973
  0.493249     0.052932
  0.493349     0.052891
  0.493449     0.052850
  0.493549     0.052809
  0.493649     0.052768
  0.493749     0.052727
  0.493849     0.052686
  0.493949     0.052644
  0.494049     0.052603
  0.494149     0.052561
  0.494249     0.052520
  0.494349     0.052478
  0.494449     0.052436
  0.494549     0.052394
  0.494649     0.052352
  0.494749     0.052310
  0.494849     0.052268
  0.494949     0.052226
  0.495050     0.052184
  0.495150     0.052142
  0.495250     0.052099
  0.495350     0.052057
  0.495450     0.052015
  0.495550     0.051972
  0.495650     0.051929
  0.495750     0.051887
  0.495850     0.051844
  0.495950     0.051801
  0.496050     0.051758
  0.496150     0.051715
  0.496250     0.051672
  0.496350     0.051629
  0.496450     0.051585
  0.496550     0.051542
  0.496650     0.051499
  0.496750     0.051455
  0.496850     0.051411
  0.496950     0.051368
  0.497050     0.051324
  0.497150     0.051280
  0.497250     0.051236
  0.497350     0.051192
  0.497450     0.051148
  0.497550     0.051104
  0.497650     0.051060
  0.497750     0.051016
  0.497850     0.050972
  0.497950     0.050927
  0.498050     0.050883
  0.498150     0.050838
  0.498250     0.050793
  0.498350     0.050749
  0.498450     0.050704
  0.498550     0.050659
  0.498650     0.050614
  0.498750     0.050569
  0.498850     0.050524
  0.498950     0.050479
  0.499050     0.050434
  0.499150     0.050388
  0.499250     0.050343
  0.499350     0.050297
  0.499450     0.050252
  0.499550     0.050206
  0.499650     0.050161
  0.499750     0.050115
  0.499850     0.050069
  0.499950     0.050023
  0.500050     0.049977
  0.500150     0.049931
  0.500250     0.049885
  0.500350     0.049839
  0.500450     0.049794
  0.500550     0.049748
  0.500650     0.049702
  0.500750     0.049657
  0.500850     0.049612
  0.500950     0.049566
  0.501050     0.049521
  0.501150     0.049476
  0.501250     0.049431
  0.501350     0.049386
  0.501450     0.049341
  0.501550     0.049296
  0.501650     0.049251
  0.501750     0.049206
  0.501850     0.049161
  0.501950     0.049117
  0.502050     0.049072
  0.502150     0.049028
  0.502250     0.048983
  0.502350     0.048939
  0.502450     0.048895
  0.502550     0.048850
  0.502650     0.048806
  0.502750     0.048762
  0.502850     0.048718
  0.502950     0.048674
  0.503050     0.048630
  0.503150     0.048587
  0.503250     0.048543
  0.503350     0.048499
  0.503450     0.048456
  0.503550     0.048412
  0.503650     0.048369
  0.503750     0.048325
  0.503850     0.048282
  0.503950     0.048239
  0.504050     0.048196
  0.504150     0.048153
  0.504250     0.048110
  0.504350     0.048067
  0.504450     0.048024
  0.504550     0.047981
  0.504650     0.047939
  0.504750     0.047896
  0.504850     0.047853
  0.504950     0.047811
  0.505051     0.047769
  0.505151     0.047726
  0.505251     0.047684
  0.505351     0.047642
  0.505451     0.047600
  0.505551     0.047558
  0.505651     0.047516
  0.505751     0.047474
  0.505851     0.047432
  0.505951     0.047390
  0.506051     0.047349
  0.506151     0.047307
  0.506251     0.047265
  0.506351     0.047224
  0.506451     0.047183
  0.506551     0.047141
  0.506651     0.047100
  0.506751     0.047059
  0.506851     0.047018
  0.506951     0.046977
  0.507051     0.046936
  0.507151     0.046895
  0.507251     0.046854
  0.507351     0.046813
  0.507451     0.046773
  0.507551     0.046732
  0.507651     0.046691
  0.507751     0.046651
  0.507851     0.046611
  0.507951     0.046570
  0.508051     0.046530
  0.508151     0.046490
  0.508251     0.046450
  0.508351     0.046410
  0.508451     0.046370
  0.508551     0.046330
  0.508651     0.046290
  0.508751     0.046250
  0.508851     0.046211
  0.508951     0.046171
  0.509051     0.046131
  0.509151     0.046092
  0.509251     0.046053
  0.509351     0.046013
  0.509451     0.045974
  0.509551     0.045935
  0.509651     0.045896
  0.509751     0.045857
  0.509851     0.045818
  0.509951     0.045779
  0.510051     0.045740
  0.510151     0.045701
  0.510251     0.045663
  0.510351     0.045624
  0.510451     0.045586
  0.510551     0.045547
  0.510651     0.045509
  0.510751     0.045471
  0.510851     0.045432
  0.510951     0.045394
  0.511051     0.045356
  0.511151     0.045318
  0.511251     0.045280
  0.511351     0.045242
  0.511451     0.045205
  0.511551     0.045167
  0.511651     0.045129
  0.511751     0.045092
  0.511851     0.045054
  0.511951     0.045017
  0.512051     0.044979
  0.512151     0.044942
  0.512251     0.044905
  0.512351     0.044868
  0.512451     0.044831
  0.512551     0.044794
  0.512651     0.044757
  0.512751     0.044720
  0.512851     0.044683
  0.512951     0.044646
  0.513051     0.044610
  0.513151     0.044573
  0.513251     0.044537
  0.513351     0.044500
  0.513451     0.044464
  0.513551     0.044427
  0.513651     0.044391
  0.513751     0.044355
  0.513851     0.044319
  0.513951     0.044283
  0.514051     0.044247
  0.514151     0.044211
  0.514251     0.044176
  0.514351     0.044140
  0.514451     0.044104
  0.514551     0.044069
  0.514651     0.044033
  0.514751     0.043998
  0.514851     0.043962
  0.514951     0.043927
  0.515052     0.043892
  0.515152     0.043857
  0.515252     0.043822
  0.515352     0.043787
  0.515452     0.043752
  0.515552     0.043717
  0.515652     0.043682
  0.515752     0.043647
  0.515852     0.043613
  0.515952     0.043578
  0.516052     0.043544
  0.516152     0.043509
  0.516252     0.043475
  0.516352     0.043441
  0.516452     0.043407
  0.516552     0.043372
  0.516652     0.043338
  0.516752     0.043304
  0.516852     0.043271
  0.516952     0.043237
  0.517052     0.043203
  0.517152     0.043169
  0.517252     0.043136
  0.517352     0.043102
  0.517452     0.043069
  0.517552     0.043035
  0.517652     0.043002
  0.517752     0.042969
  0.517852     0.042935
  0.517952     0.042902
  0.518052     0.042869
  0.518152     0.042836
  0.518252     0.042803
  0.518352     0.042771
  0.518452     0.042738
  0.518552     0.042705
  0.518652     0.042673
  0.518752     0.042640
  0.518852     0.042608
  0.518952     0.042575
  0.519052     0.042543
  0.519152     0.042511
  0.519252     0.042478
  0.519352     0.042446
  0.519452     0.042414
  0.519552     0.042382
  0.519652     0.042350
  0.519752     0.042319
  0.519852     0.042287
  0.519952     0.042255
  0.520052     0.042224
  0.520152     0.042192
  0.520252     0.042161
  0.520352     0.042129
  0.520452     0.042098
  0.520552     0.042067
  0.520652     0.042035
  0.520752     0.042004
  0.520852     0.041973
  0.520952     0.041942
  0.521052     0.041912
  0.521152     0.041881
  0.521252     0.041850
  0.521352     0.041819
  0.521452     0.041789
  0.521552     0.041758
  0.521652     0.041728
  0.521752     0.041697
  0.521852     0.041667
  0.521952     0.041637
  0.522052     0.041607
  0.522152     0.041577
  0.522252     0.041547
  0.522352     0.041517
  0.522452     0.041487
  0.522552     0.041457
  0.522652     0.041427
  0.522752     0.041398
  0.522852     0.041368
  0.522952     0.041338
  0.523052     0.041309
  0.523152     0.041280
  0.523252     0.041250
  0.523352     0.041221
  0.523452     0.041192
  0.523552     0.041163
  0.523652     0.041134
  0.523752     0.041105
  0.523852     0.041076
  0.523952     0.041047
  0.524052     0.041019
  0.524152     0.040990
  0.524252     0.040961
  0.524352     0.040933
  0.524452     0.040904
  0.524552     0.040876
  0.524652     0.040848
  0.524752     0.040820
  0.524852     0.040791
  0.524952     0.040763
  0.525053     0.040735
  0.525153     0.040707
  0.525253     0.040680
  0.525353     0.040652
  0.525453     0.040624
  0.525553     0.040596
  0.525653     0.040569
  0.525753     0.040541
  0.525853     0.040514
  0.525953     0.040487
  0.526053     0.040459
  0.526153     0.040432
  0.526253     0.040405
  0.526353     0.040378
  0.526453     0.040351
  0.526553     0.040324
  0.526653     0.040297
  0.526753     0.040270
  0.526853     0.040244
  0.526953     0.040217
  0.527053     0.040190
  0.527153     0.040164
  0.527253     0.040138
  0.527353     0.040111
  0.527453     0.040085
  0.527553     0.040059
  0.527653     0.040033
  0.527753     0.040007
  0.527853     0.039981
  0.527953     0.039955
  0.528053     0.039929
  0.528153     0.039903
  0.528253     0.039877
  0.528353     0.039852
  0.528453     0.039826
  0.528553     0.039801
  0.528653     0.039775
  0.528753     0.039750
  0.528853     0.039725
  0.528953     0.039699
  0.529053     0.039674
  0.529153     0.039649
  0.529253     0.039624
  0.529353     0.039599
  0.529453     0.039575
  0.529553     0.039550
  0.529653     0.039525
  0.529753     0.039500
  0.529853     0.039476
  0.529953     0.039451
  0.530053     0.039427
  0.530153     0.039403
  0.530253     0.039378
  0.530353     0.039354
  0.530453     0.039330
  0.530553     0.039306
  0.530653     0.039282
  0.530753     0.039258
  0.530853     0.039234
  0.530953     0.039211
  0.531053     0.039187
  0.531153     0.039163
  0.531253     0.039140
  0.531353     0.039116
  0.531453     0.039093
  0.531553     0.039070
  0.531653     0.039046
  0.531753     0.039023
  0.531853     0.039000
  0.531953     0.038977
  0.532053     0.038954
  0.532153     0.038931
  0.532253     0.038908
  0.532353     0.038886
  0.532453     0.038863
  0.532553     0.038840
  0.532653     0.038818
  0.532753     0.038795
  0.532853     0.038773
  0.532953     0.038751
  0.533053     0.038729
  0.533153     0.038706
  0.533253     0.038684
  0.533353     0.038662
  0.533453     0.038640
  0.533553     0.038618
  0.533653     0.038597
  0.533753     0.038575
  0.533853     0.038553
  0.533953     0.038532
  0.534053     0.038510
  0.534153     0.038489
  0.534253     0.038467
  0.534353     0.038446
  0.534453     0.038425
  0.534553     0.038404
  0.534653     0.038383
  0.534753     0.038361
  0.534853     0.038341
  0.534953     0.038320
  0.535054     0.038299
  0.535154     0.038278
  0.535254     0.038257
  0.535354     0.038237
  0.535454     0.038216
  0.535554     0.038196
  0.535654     0.038176
  0.535754     0.038155
  0.535854     0.038135
  0.535954     0.038115
  0.536054     0.038095
  0.536154     0.038075
  0.536254     0.038055
  0.536354     0.038035
  0.536454     0.038015
  0.536554     0.037996
  0.536654     0.037976
  0.536754     0.037956
  0.536854     0.037937
  0.536954     0.037917
  0.537054     0.037898
  0.537154     0.037879
  0.537254     0.037860
  0.537354     0.037840
  0.537454     0.037821
  0.537554     0.037802
  0.537654     0.037783
  0.537754     0.037765
  0.537854     0.037746
  0.537954     0.037727
  0.538054     0.037708
  0.538154     0.037690
  0.538254     0.037671
  0.538354     0.037653
  0.538454     0.037635
  0.538554     0.037616
  0.538654     0.037598
  0.538754     0.037580
  0.538854     0.037562
  0.538954     0.037544
  0.539054     0.037526
  0.539154     0.037508
  0.539254     0.037490
  0.539354     0.037473
  0.539454     0.037455
  0.539554     0.037437
  0.539654     0.037420
  0.539754     0.037403
  0.539854     0.037385
  0.539954     0.037368
  0.540054     0.037351
  0.540154     0.037334
  0.540254     0.037317
  0.540354     0.037300
  0.540454     0.037283
  0.540554     0.037266
  0.540654     0.037249
  0.540754     0.037232
  0.540854     0.037216
  0.540954     0.037199
  0.541054     0.037183
  0.541154     0.037166
  0.541254     0.037150
  0.541354     0.037134
  0.541454     0.037118
  0.541554     0.037101
  0.541654     0.037085
  0.541754     0.037069
  0.541854     0.037053
  0.541954     0.037038
  0.542054     0.037022
  0.542154     0.037006
  0.542254     0.036991
  0.542354     0.036975
  0.542454     0.036960
  0.542554     0.036944
  0.542654     0.036929
  0.542754     0.036914
  0.542854     0.036898
  0.542954     0.036883
  0.543054     0.036868
  0.543154     0.036853
  0.543254     0.036838
  0.543354     0.036824
  0.543454     0.036809
  0.543554     0.036794
  0.543654     0.036780
  0.543754     0.036765
  0.543854     0.036751
  0.543954     0.036736
  0.544054     0.036722
  0.544154     0.036708
  0.544254     0.036693
  0.544354     0.036679
  0.544454     0.036665
  0.544554     0.036651
  0.544654     0.036637
  0.544754     0.036624
  0.544854     0.036610
  0.544954     0.036596
  0.545055     0.036583
  0.545155     0.036569
  0.545255     0.036556
  0.545355     0.036542
  0.545455     0.036529
  0.545555     0.036516
  0.545655     0.036503
  0.545755     0.036489
  0.545855     0.036476
  0.545955     0.036463
  0.546055     0.036451
  0.546155     0.036438
  0.546255     0.036425
  0.546355     0.036412
  0.546455     0.036400
  0.546555     0.036387
  0.546655     0.036375
  0.546755     0.036362
  0.546855     0.036350
  0.546955     0.036338
  0.547055     0.036326
  0.547155     0.036314
  0.547255     0.036302
  0.547355     0.036290
  0.547455     0.036278
  0.547555     0.036266
  0.547655     0.036254
  0.547755     0.036243
  0.547855     0.036231
  0.547955     0.036220
  0.548055     0.036208
  0.548155     0.036197
  0.548255     0.036185
  0.548355     0.036174
  0.548455     0.036163
  0.548555     0.036152
  0.548655     0.036141
  0.548755     0.036130
  0.548855     0.036119
  0.548955     0.036108
  0.549055     0.036098
  0.549155     0.036087
  0.549255     0.036077
  0.549355     0.036066
  0.549455     0.036056
  0.549555     0.036045
  0.549655     0.036035
  0.549755     0.036025
  0.549855     0.036015
  0.549955     0.036005
  0.550055     0.035995
  0.550155     0.035985
  0.550255     0.035975
  0.550355     0.035965
  0.550455     0.035955
  0.550555     0.035946
  0.550655     0.035936
  0.550755     0.035927
  0.550855     0.035917
  0.550955     0.035908
  0.551055     0.035898
  0.551155     0.035889
  0.551255     0.035880
  0.551355     0.035871
  0.551455     0.035862
  0.551555     0.035853
  0.551655     0.035844
  0.551755     0.035836
  0.551855     0.035827
  0.551955     0.035818
  0.552055     0.035810
  0.552155     0.035801
  0.552255     0.035793
  0.552355     0.035784
  0.552455     0.035776
  0.552555     0.035768
  0.552655     0.035760
  0.552755     0.035752
  0.552855     0.035744
  0.552955     0.035736
  0.553055     0.035728
  0.553155     0.035720
  0.553255     0.035713
  0.553355     0.035705
  0.553455     0.035697
  0.553555     0.035690
  0.553655     0.035683
  0.553755     0.035675
  0.553855     0.035668
  0.553955     0.035661
  0.554055     0.035654
  0.554155     0.035647
  0.554255     0.035640
  0.554355     0.035633
  0.554455     0.035626
  0.554555     0.035619
  0.554655     0.035612
  0.554755     0.035606
  0.554855     0.035599
  0.554955     0.035593
  0.555056     0.035586
  0.555156     0.035580
  0.555256     0.035574
  0.555356     0.035568
  0.555456     0.035562
  0.555556     0.035556
  0.555656     0.035550
  0.555756     0.035544
  0.555856     0.035538
  0.555956     0.035532
  0.556056     0.035526
  0.556156     0.035521
  0.556256     0.035515
  0.556356     0.035510
  0.556456     0.035504
  0.556556     0.035499
  0.556656     0.035494
  0.556756     0.035489
  0.556856     0.035484
  0.556956     0.035479
  0.557056     0.035474
  0.557156     0.035469
  0.557256     0.035464
  0.557356     0.035459
  0.557456     0.035455
  0.557556     0.035450
  0.557656     0.035445
  0.557756     0.035441
  0.557856     0.035437
  0.557956     0.035432
  0.558056     0.035428
  0.558156     0.035424
  0.558256     0.035420
  0.558356     0.035416
  0.558456     0.035412
  0.558556     0.035408
  0.558656     0.035404
  0.558756     0.035400
  0.558856     0.035397
  0.558956     0.035393
  0.559056     0.035390
  0.559156     0.035386
  0.559256     0.035383
  0.559356     0.035380
  0.559456     0.035376
  0.559556     0.035373
  0.559656     0.035370
  0.559756     0.035367
  0.559856     0.035364
  0.559956     0.035361
  0.560056     0.035358
  0.560156     0.035356
  0.560256     0.035353
  0.560356     0.035350
  0.560456     0.035348
  0.560556     0.035346
  0.560656     0.035343
  0.560756     0.035341
  0.560856     0.035339
  0.560956     0.035337
  0.561056     0.035334
  0.561156     0.035332
  0.561256     0.035331
  0.561356     0.035329
  0.561456     0.035327
  0.561556     0.035325
  0.561656     0.035324
  0.561756     0.035322
  0.561856     0.035320
  0.561956     0.035319
  0.562056     0.035318
  0.562156     0.035316
  0.562256     0.035315
  0.562356     0.035314
  0.562456     0.035313
  0.562556     0.035312
  0.562656     0.035311
  0.562756     0.035310
  0.562856     0.035309
  0.562956     0.035309
  0.563056     0.035308
  0.563156     0.035307
  0.563256     0.035307
  0.563356     0.035307
  0.563456     0.035306
  0.563556     0.035306
  0.563656     0.035306
  0.563756     0.035306
  0.563856     0.035306
  0.563956     0.035306
  0.564056     0.035306
  0.564156     0.035306
  0.564256     0.035306
  0.564356     0.035306
  0.564456     0.035307
  0.564556     0.035307
  0.564656     0.035308
  0.564756     0.035308
  0.564856     0.035309
  0.564956     0.035310
  0.565057     0.035310
  0.565157     0.035311
  0.565257     0.035312
  0.565357     0.035313
  0.565457     0.035314
  0.565557     0.035316
  0.565657     0.035317
  0.565757     0.035318
  0.565857     0.035319
  0.565957     0.035321
  0.566057     0.035322
  0.566157     0.035324
  0.566257     0.035326
  0.566357     0.035327
  0.566457     0.035329
  0.566557     0.035331
  0.566657     0.035333
  0.566757     0.035335
  0.566857     0.035337
  0.566957     0.035339
  0.567057     0.035342
  0.567157     0.035344
  0.567257     0.035346
  0.567357     0.035349
  0.567457     0.035351
  0.567557     0.035354
  0.567657     0.035357
  0.567757     0.035359
  0.567857     0.035362
  0.567957     0.035365
  0.568057     0.035368
  0.568157     0.035371
  0.568257     0.035374
  0.568357     0.035377
  0.568457     0.035381
  0.568557     0.035384
  0.568657     0.035387
  0.568757     0.035391
  0.568857     0.035394
  0.568957     0.035398
  0.569057     0.035402
  0.569157     0.035405
  0.569257     0.035409
  0.569357     0.035413
  0.569457     0.035417
  0.569557     0.035421
  0.569657     0.035425
  0.569757     0.035430
  0.569857     0.035434
  0.569957     0.035438
  0.570057     0.035443
  0.570157     0.035447
  0.570257     0.035452
  0.570357     0.035456
  0.570457     0.035461
  0.570557     0.035466
  0.570657     0.035470
  0.570757     0.035475
  0.570857     0.035480
  0.570957     0.035485
  0.571057     0.035491
  0.571157     0.035496
  0.571257     0.035501
  0.571357     0.035506
  0.571457     0.035512
  0.571557     0.035517
  0.571657     0.035523
  0.571757     0.035528
  0.571857     0.035534
  0.571957     0.035540
  0.572057     0.035546
  0.572157     0.035552
  0.572257     0.035558
  0.572357     0.035564
  0.572457     0.035570
  0.572557     0.035576
  0.572657     0.035582
  0.572757     0.035589
  0.572857     0.035595
  0.572957     0.035602
  0.573057     0.035608
  0.573157     0.035615
  0.573257     0.035622
  0.573357     0.035628
  0.573457     0.035635
  0.573557     0.035642
  0.573657     0.035649
  0.573757     0.035656
  0.573857     0.035663
  0.573957     0.035671
  0.574057     0.035678
  0.574157     0.035685
  0.574257     0.035693
  0.574357     0.035700
  0.574457     0.035708
  0.574557     0.035715
  0.574657     0.035723
  0.574757     0.035731
  0.574857     0.035739
  0.574957     0.035747
  0.575058     0.035755
  0.575158     0.035763
  0.575258     0.035771
  0.575358     0.035779
  0.575458     0.035787
  0.575558     0.035796
  0.575658     0.035804
  0.575758     0.035813
  0.575858     0.035821
  0.575958     0.035830
  0.576058     0.035839
  0.576158     0.035847
  0.576258     0.035856
  0.576358     0.035865
  0.576458     0.035874
  0.576558     0.035883
  0.576658     0.035893
  0.576758     0.035902
  0.576858     0.035911
  0.576958     0.035920
  0.577058     0.035930
  0.577158     0.035939
  0.577258     0.035949
  0.577358     0.035959
  0.577458     0.035968
  0.577558     0.035978
  0.577658     0.035988
  0.577758     0.035998
  0.577858     0.036008
  0.577958     0.036018
  0.578058     0.036028
  0.578158     0.036039
  0.578258     0.036049
  0.578358     0.036059
  0.578458     0.036070
  0.578558     0.036080
  0.578658     0.036091
  0.578758     0.036101
  0.578858     0.036112
  0.578958     0.036123
  0.579058     0.036134
  0.579158     0.036145
  0.579258     0.036156
  0.579358     0.036167
  0.579458     0.036178
  0.579558     0.036189
  0.579658     0.036201
  0.579758     0.036212
  0.579858     0.036224
  0.579958     0.036235
  0.580058     0.036247
  0.580158     0.036258
  0.580258     0.036270
  0.580358     0.036282
  0.580458     0.036294
  0.580558     0.036306
  0.580658     0.036318
  0.580758     0.036330
  0.580858     0.036342
  0.580958     0.036354
  0.581058     0.036367
  0.581158     0.036379
  0.581258     0.036392
  0.581358     0.036404
  0.581458     0.036417
  0.581558     0.036429
  0.581658     0.036442
  0.581758     0.036455
  0.581858     0.036468
  0.581958     0.036481
  0.582058     0.036494
  0.582158     0.036507
  0.582258     0.036520
  0.582358     0.036534
  0.582458     0.036547
  0.582558     0.036560
  0.582658     0.036574
  0.582758     0.036587
  0.582858     0.036601
  0.582958     0.036615
  0.583058     0.036628
  0.583158     0.036642
  0.583258     0.036656
  0.583358     0.036670
  0.583458     0.036684
  0.583558     0.036698
  0.583658     0.036713
  0.583758     0.036727
  0.583858     0.036741
  0.583958     0.036756
  0.584058     0.036770
  0.584158     0.036785
  0.584258     0.036799
  0.584358     0.036814
  0.584458     0.036829
  0.584558     0.036844
  0.584658     0.036859
  0.584758     0.036873
  0.584858     0.036889
  0.584958     0.036904
  0.585059     0.036919
  0.585159     0.036934
  0.585259     0.036950
  0.585359     0.036965
  0.585459     0.036980
  0.585559     0.036996
  0.585659     0.037012
  0.585759     0.037027
  0.585859     0.037043
  0.585959     0.037059
  0.586059     0.037075
  0.586159     0.037091
  0.586259     0.037107
  0.586359     0.037123
  0.586459     0.037139
  0.586559     0.037156
  0.586659     0.037172
  0.586759     0.037188
  0.586859     0.037205
  0.586959     0.037222
  0.587059     0.037238
  0.587159     0.037255
  0.587259     0.037272
  0.587359     0.037289
  0.587459     0.037305
  0.587559     0.037322
  0.587659     0.037340
  0.587759     0.037357
  0.587859     0.037374
  0.587959     0.037391
  0.588059     0.037409
  0.588159     0.037426
  0.588259     0.037444
  0.588359     0.037461
  0.588459     0.037479
  0.588559     0.037497
  0.588659     0.037514
  0.588759     0.037532
  0.588859     0.037550
  0.588959     0.037568
  0.589059     0.037586
  0.589159     0.037604
  0.589259     0.037623
  0.589359     0.037641
  0.589459     0.037659
  0.589559     0.037678
  0.589659     0.037696
  0.589759     0.037715
  0.589859     0.037734
  0.589959     0.037752
  0.590059     0.037771
  0.590159     0.037790
  0.590259     0.037809
  0.590359     0.037828
  0.590459     0.037847
  0.590559     0.037866
  0.590659     0.037885
  0.590759     0.037905
  0.590859     0.037924
  0.590959     0.037944
  0.591059     0.037963
  0.591159     0.037983
  0.591259     0.038002
  0.591359     0.038022
  0.591459     0.038042
  0.591559     0.038062
  0.591659     0.038082
  0.591759     0.038102
  0.591859     0.038122
  0.591959     0.038142
  0.592059     0.038162
  0.592159     0.038183
  0.592259     0.038203
  0.592359     0.038224
  0.592459     0.038244
  0.592559     0.038265
  0.592659     0.038285
  0.592759     0.038306
  0.592859     0.038327
  0.592959     0.038348
  0.593059     0.038369
  0.593159     0.038390
  0.593259     0.038411
  0.593359     0.038432
  0.593459     0.038453
  0.593559     0.038475
  0.593659     0.038496
  0.593759     0.038518
  0.593859     0.038539
  0.593959     0.038561
  0.594059     0.038582
  0.594159     0.038604
  0.594259     0.038626
  0.594359     0.038648
  0.594459     0.038670
  0.594559     0.038692
  0.594659     0.038714
  0.594759     0.038736
  0.594859     0.038759
  0.594959     0.038781
  0.595060     0.038803
  0.595160     0.038826
  0.595260     0.038848
  0.595360     0.038871
  0.595460     0.038894
  0.595560     0.038916
  0.595660     0.038939
  0.595760     0.038962
  0.595860     0.038985
  0.595960     0.039008
  0.596060     0.039031
  0.596160     0.039055
  0.596260     0.039078
  0.596360     0.039101
  0.596460     0.039125
  0.596560     0.039148
  0.596660     0.039172
  0.596760     0.039195
  0.596860     0.039219
  0.596960     0.039243
  0.597060     0.039267
  0.597160     0.039291
  0.597260     0.039315
  0.597360     0.039339
  0.597460     0.039363
  0.597560     0.039387
  0.597660     0.039411
  0.597760     0.039436
  0.597860     0.039460
  0.597960     0.039485
  0.598060     0.039509
  0.598160     0.039534
  0.598260     0.039558
  0.598360     0.039583
  0.598460     0.039608
  0.598560     0.039633
  0.598660     0.039658
  0.598760     0.039683
  0.598860     0.039708
  0.598960     0.039733
  0.599060     0.039759
  0.599160     0.039784
  0.599260     0.039810
  0.599360     0.039835
  0.599460     0.039861
  0.599560     0.039886
  0.599660     0.039912
  0.599760     0.039938
  0.599860     0.039964
  0.599960     0.039990
  0.600060     0.040016
  0.600160     0.040041
  0.600260     0.040067
  0.600360     0.040093
  0.600460     0.040119
  0.600560     0.040144
  0.600660     0.040170
  0.600760     0.040195
  0.600860     0.040221
  0.600960     0.040246
  0.601060     0.040271
  0.601160     0.040297
  0.601260     0.040322
  0.601360     0.040347
  0.601460     0.040372
  0.601560     0.040396
  0.601660     0.040421
  0.601760     0.040446
  0.601860     0.040470
  0.601960     0.040495
  0.602060     0.040520
  0.602160     0.040544
  0.602260     0.040568
  0.602360     0.040592
  0.602460     0.040617
  0.602560     0.040641
  0.602660     0.040665
  0.602760     0.040689
  0.602860     0.040713
  0.602960     0.040736
  0.603060     0.040760
  0.603160     0.040784
  0.603260     0.040807
  0.603360     0.040831
  0.603460     0.040854
  0.603560     0.040878
  0.603660     0.040901
  0.603760     0.040924
  0.603860     0.040947
  0.603960     0.040970
  0.604060     0.040993
  0.604160     0.041016
  0.604260     0.041039
  0.604360     0.041061
  0.604460     0.041084
  0.604560     0.041107
  0.604660     0.041129
  0.604760     0.041152
  0.604860     0.041174
  0.604960     0.041196
  0.605061     0.041218
  0.605161     0.041241
  0.605261     0.041263
  0.605361     0.041285
  0.605461     0.041306
  0.605561     0.041328
  0.605661     0.041350
  0.605761     0.041372
  0.605861     0.041393
  0.605961     0.041415
  0.606061     0.041436
  0.606161     0.041458
  0.606261     0.041479
  0.606361     0.041500
  0.606461     0.041521
  0.606561     0.041542
  0.606661     0.041563
  0.606761     0.041584
  0.606861     0.041605
  0.606961     0.041626
  0.607061     0.041646
  0.607161     0.041667
  0.607261     0.041687
  0.607361     0.041708
  0.607461     0.041728
  0.607561     0.041749
  0.607661     0.041769
  0.607761     0.041789
  0.607861     0.041809
  0.607961     0.041829
  0.608061     0.041849
  0.608161     0.041869
  0.608261     0.041888
  0.608361     0.041908
  0.608461     0.041928
  0.608561     0.041947
  0.608661     0.041967
  0.608761     0.041986
  0.608861     0.042005
  0.608961     0.042025
  0.609061     0.042044
  0.609161     0.042063
  0.609261     0.042082
  0.609361     0.042101
  0.609461     0.042120
  0.609561     0.042138
  0.609661     0.042157
  0.609761     0.042176
  0.609861     0.042194
  0.609961     0.042213
  0.610061     0.042231
  0.610161     0.042250
  0.610261     0.042268
  0.610361     0.042286
  0.610461     0.042304
  0.610561     0.042322
  0.610661     0.042340
  0.610761     0.042358
  0.610861     0.042376
  0.610961     0.042393
  0.611061     0.042411
  0.611161     0.042429
  0.611261     0.042446
  0.611361     0.042463
  0.611461     0.042481
  0.611561     0.042498
  0.611661     0.042515
  0.611761     0.042532
  0.611861     0.042549
  0.611961     0.042566
  0.612061     0.042583
  0.612161     0.042600
  0.612261     0.042617
  0.612361     0.042633
  0.612461     0.042650
  0.612561     0.042666
  0.612661     0.042683
  0.612761     0.042699
  0.612861     0.042715
  0.612961     0.042732
  0.613061     0.042748
  0.613161     0.042764
  0.613261     0.042780
  0.613361     0.042796
  0.613461     0.042811
  0.613561     0.042827
  0.613661     0.042843
  0.613761     0.042858
  0.613861     0.042874
  0.613961     0.042889
  0.614061     0.042905
  0.614161     0.042920
  0.614261     0.042935
  0.614361     0.042950
  0.614461     0.042965
  0.614561     0.042980
  0.614661     0.042995
  0.614761     0.043010
  0.614861     0.043025
  0.614961     0.043039
  0.615062     0.043054
  0.615162     0.043068
  0.615262     0.043083
  0.615362     0.043097
  0.615462     0.043112
  0.615562     0.043126
  0.615662     0.043140
  0.615762     0.043154
  0.615862     0.043168
  0.615962     0.043182
  0.616062     0.043196
  0.616162     0.043209
  0.616262     0.043223
  0.616362     0.043237
  0.616462     0.043250
  0.616562     0.043264
  0.616662     0.043277
  0.616762     0.043290
  0.616862     0.043304
  0.616962     0.043317
  0.617062     0.043330
  0.617162     0.043343
  0.617262     0.043356
  0.617362     0.043369
  0.617462     0.043381
  0.617562     0.043394
  0.617662     0.043407
  0.617762     0.043419
  0.617862     0.043432
  0.617962     0.043444
  0.618062     0.043456
  0.618162     0.043469
  0.618262     0.043481
  0.618362     0.043493
  0.618462     0.043505
  0.618562     0.043517
  0.618662     0.043529
  0.618762     0.043540
  0.618862     0.043552
  0.618962     0.043564
  0.619062     0.043575
  0.619162     0.043587
  0.619262     0.043598
  0.619362     0.043610
  0.619462     0.043621
  0.619562     0.043632
  0.619662     0.043643
  0.619762     0.043654
  0.619862     0.043665
  0.619962     0.043676
  0.620062     0.043687
  0.620162     0.043697
  0.620262     0.043708
  0.620362     0.043719
  0.620462     0.043729
  0.620562     0.043739
  0.620662     0.043750
  0.620762     0.043760
  0.620862     0.043770
  0.620962     0.043780
  0.621062     0.043790
  0.621162     0.043800
  0.621262     0.043810
  0.621362     0.043820
  0.621462     0.043830
  0.621562     0.043839
  0.621662     0.043849
  0.621762     0.043859
  0.621862     0.043868
  0.621962     0.043877
  0.622062     0.043887
  0.622162     0.043896
  0.622262     0.043905
  0.622362     0.043914
  0.622462     0.043923
  0.622562     0.043932
  0.622662     0.043941
  0.622762     0.043949
  0.622862     0.043958
  0.622962     0.043967
  0.623062     0.043975
  0.623162     0.043984
  0.623262     0.043992
  0.623362     0.044000
  0.623462     0.044008
  0.623562     0.044017
  0.623662     0.044025
  0.623762     0.044033
  0.623862     0.044040
  0.623962     0.044048
  0.624062     0.044056
  0.624162     0.044064
  0.624262     0.044071
  0.624362     0.044079
  0.624462     0.044086
  0.624562     0.044094
  0.624662     0.044101
  0.624762     0.044108
  0.624862     0.044115
  0.624962     0.044122
  0.625063     0.044129
  0.625163     0.044136
  0.625263     0.044143
  0.625363     0.044150
  0.625463     0.044157
  0.625563     0.044163
  0.625663     0.044170
  0.625763     0.044176
  0.625863     0.044183
  0.625963     0.044189
  0.626063     0.044195
  0.626163     0.044201
  0.626263     0.044207
  0.626363     0.044213
  0.626463     0.044219
  0.626563     0.044225
  0.626663     0.044231
  0.626763     0.044237
  0.626863     0.044242
  0.626963     0.044248
  0.627063     0.044253
  0.627163     0.044259
  0.627263     0.044264
  0.627363     0.044269
  0.627463     0.044274
  0.627563     0.044279
  0.627663     0.044284
  0.627763     0.044289
  0.627863     0.044294
  0.627963     0.044299
  0.628063     0.044304
  0.628163     0.044308
  0.628263     0.044313
  0.628363     0.044317
  0.628463     0.044322
  0.628563     0.044326
  0.628663     0.044330
  0.628763     0.044335
  0.628863     0.044339
  0.628963     0.044343
  0.629063     0.044347
  0.629163     0.044351
  0.629263     0.044354
  0.629363     0.044358
  0.629463     0.044362
  0.629563     0.044365
  0.629663     0.044369
  0.629763     0.044372
  0.629863     0.044376
  0.629963     0.044379
  0.630063     0.044382
  0.630163     0.044385
  0.630263     0.044388
  0.630363     0.044391
  0.630463     0.044394
  0.630563     0.044397
  0.630663     0.044400
  0.630763     0.044402
  0.630863     0.044405
  0.630963     0.044407
  0.631063     0.044410
  0.631163     0.044412
  0.631263     0.044414
  0.631363     0.044417
  0.631463     0.044419
  0.631563     0.044421
  0.631663     0.044423
  0.631763     0.044425
  0.631863     0.044426
  0.631963     0.044428
  0.632063     0.044430
  0.632163     0.044431
  0.632263     0.044433
  0.632363     0.044434
  0.632463     0.044436
  0.632563     0.044437
  0.632663     0.044438
  0.632763     0.044439
  0.632863     0.044440
  0.632963     0.044441
  0.633063     0.044442
  0.633163     0.044443
  0.633263     0.044444
  0.633363     0.044445
  0.633463     0.044445
  0.633563     0.044446
  0.633663     0.044446
  0.633763     0.044447
  0.633863     0.044447
  0.633963     0.044447
  0.634063     0.044447
  0.634163     0.044447
  0.634263     0.044447
  0.634363     0.044447
  0.634463     0.044447
  0.634563     0.044447
  0.634663     0.044447
  0.634763     0.044446
  0.634863     0.044446
  0.634963     0.044445
  0.635064     0.044445
  0.635164     0.044444
  0.635264     0.044443
  0.635364     0.044442
  0.635464     0.044441
  0.635564     0.044440
  0.635664     0.044439
  0.635764     0.044438
  0.635864     0.044437
  0.635964     0.044436
  0.636064     0.044434
  0.636164     0.044433
  0.636264     0.044431
  0.636364     0.044430
  0.636464     0.044428
  0.636564     0.044426
  0.636664     0.044424
  0.636764     0.044423
  0.636864     0.044421
  0.636964     0.044419
  0.637064     0.044416
  0.637164     0.044414
  0.637264     0.044412
  0.637364     0.044410
  0.637464     0.044407
  0.637564     0.044405
  0.637664     0.044402
  0.637764     0.044399
  0.637864     0.044397
  0.637964     0.044394
  0.638064     0.044391
  0.638164     0.044388
  0.638264     0.044385
  0.638364     0.044382
  0.638464     0.044379
  0.638564     0.044375
  0.638664     0.044372
  0.638764     0.044369
  0.638864     0.044365
  0.638964     0.044362
  0.639064     0.044358
  0.639164     0.044354
  0.639264     0.044350
  0.639364     0.044346
  0.639464     0.044342
  0.639564     0.044338
  0.639664     0.044334
  0.639764     0.044330
  0.639864     0.044326
  0.639964     0.044322
  0.640064     0.044317
  0.640164     0.044313
  0.640264     0.044308
  0.640364     0.044303
  0.640464     0.044299
  0.640564     0.044294
  0.640664     0.044289
  0.640764     0.044284
  0.640864     0.044279
  0.640964     0.044274
  0.641064     0.044269
  0.641164     0.044264
  0.641264     0.044258
  0.641364     0.044253
  0.641464     0.044247
  0.641564     0.044242
  0.641664     0.044236
  0.641764     0.044231
  0.641864     0.044225
  0.641964     0.044219
  0.642064     0.044213
  0.642164     0.044207
  0.642264     0.044201
  0.642364     0.044195
  0.642464     0.044188
  0.642564     0.044182
  0.642664     0.044176
  0.642764     0.044169
  0.642864     0.044163
  0.642964     0.044156
  0.643064     0.044149
  0.643164     0.044143
  0.643264     0.044136
  0.643364     0.044129
  0.643464     0.044122
  0.643564     0.044115
  0.643664     0.044108
  0.643764     0.044101
  0.643864     0.044093
  0.643964     0.044086
  0.644064     0.044078
  0.644164     0.044071
  0.644264     0.044063
  0.644364     0.044056
  0.644464     0.044048
  0.644564     0.044040
  0.644664     0.044032
  0.644764     0.044024
  0.644864     0.044016
  0.644964     0.044008
  0.645065     0.044000
  0.645165     0.043991
  0.645265     0.043983
  0.645365     0.043975
  0.645465     0.043966
  0.645565     0.043957
  0.645665     0.043949
  0.645765     0.043940
  0.645865     0.043931
  0.645965     0.043922
  0.646065     0.043913
  0.646165     0.043904
  0.646265     0.043895
  0.646365     0.043886
  0.646465     0.043877
  0.646565     0.043867
  0.646665     0.043858
  0.646765     0.043848
  0.646865     0.043839
  0.646965     0.043829
  0.647065     0.043819
  0.647165     0.043810
  0.647265     0.043800
  0.647365     0.043790
  0.647465     0.043780
  0.647565     0.043770
  0.647665     0.043760
  0.647765     0.043749
  0.647865     0.043739
  0.647965     0.043728
  0.648065     0.043718
  0.648165     0.043707
  0.648265     0.043697
  0.648365     0.043686
  0.648465     0.043675
  0.648565     0.043664
  0.648665     0.043653
  0.648765     0.043642
  0.648865     0.043631
  0.648965     0.043620
  0.649065     0.043609
  0.649165     0.043598
  0.649265     0.043586
  0.649365     0.043575
  0.649465     0.043563
  0.649565     0.043551
  0.649665     0.043540
  0.649765     0.043528
  0.649865     0.043516
  0.649965     0.043504
  0.650065     0.043492
  0.650165     0.043480
  0.650265     0.043468
  0.650365     0.043456
  0.650465     0.043443
  0.650565     0.043431
  0.650665     0.043419
  0.650765     0.043406
  0.650865     0.043393
  0.650965     0.043381
  0.651065     0.043368
  0.651165     0.043355
  0.651265     0.043342
  0.651365     0.043329
  0.651465     0.043316
  0.651565     0.043303
  0.651665     0.043290
  0.651765     0.043276
  0.651865     0.043263
  0.651965     0.043249
  0.652065     0.043236
  0.652165     0.043222
  0.652265     0.043209
  0.652365     0.043195
  0.652465     0.043181
  0.652565     0.043167
  0.652665     0.043153
  0.652765     0.043139
  0.652865     0.043125
  0.652965     0.043111
  0.653065     0.043096
  0.653165     0.043082
  0.653265     0.043068
  0.653365     0.043053
  0.653465     0.043039
  0.653565     0.043024
  0.653665     0.043009
  0.653765     0.042994
  0.653865     0.042979
  0.653965     0.042964
  0.654065     0.042949
  0.654165     0.042934
  0.654265     0.042919
  0.654365     0.042904
  0.654465     0.042888
  0.654565     0.042873
  0.654665     0.042857
  0.654765     0.042842
  0.654865     0.042826
  0.654965     0.042810
  0.655066     0.042795
  0.655166     0.042779
  0.655266     0.042763
  0.655366     0.042747
  0.655466     0.042731
  0.655566     0.042714
  0.655666     0.042698
  0.655766     0.042682
  0.655866     0.042665
  0.655966     0.042649
  0.656066     0.042632
  0.656166     0.042616
  0.656266     0.042599
  0.656366     0.042582
  0.656466     0.042565
  0.656566     0.042548
  0.656666     0.042531
  0.656766     0.042514
  0.656866     0.042497
  0.656966     0.042480
  0.657066     0.042462
  0.657166     0.042445
  0.657266     0.042428
  0.657366     0.042410
  0.657466     0.042392
  0.657566     0.042375
  0.657666     0.042357
  0.657766     0.042339
  0.657866     0.042321
  0.657966     0.042303
  0.658066     0.042285
  0.658166     0.042267
  0.658266     0.042248
  0.658366     0.042230
  0.658466     0.042212
  0.658566     0.042193
  0.658666     0.042175
  0.658766     0.042156
  0.658866     0.042137
  0.658966     0.042119
  0.659066     0.042100
  0.659166     0.042081
  0.659266     0.042062
  0.659366     0.042043
  0.659466     0.042024
  0.659566     0.042004
  0.659666     0.041985
  0.659766     0.041966
  0.659866     0.041946
  0.659966     0.041927
  0.660066     0.041907
  0.660166     0.041887
  0.660266     0.041868
  0.660366     0.041848
  0.660466     0.041828
  0.660566     0.041808
  0.660666     0.041788
  0.660766     0.041768
  0.660866     0.041747
  0.660966     0.041727
  0.661066     0.041707
  0.661166     0.041686
  0.661266     0.041666
  0.661366     0.041645
  0.661466     0.041624
  0.661566     0.041604
  0.661666     0.041583
  0.661766     0.041562
  0.661866     0.041541
  0.661966     0.041520
  0.662066     0.041499
  0.662166     0.041478
  0.662266     0.041456
  0.662366     0.041435
  0.662466     0.041413
  0.662566     0.041392
  0.662666     0.041370
  0.662766     0.041349
  0.662866     0.041327
  0.662966     0.041305
  0.663066     0.041283
  0.663166     0.041261
  0.663266     0.041239
  0.663366     0.041217
  0.663466     0.041195
  0.663566     0.041173
  0.663666     0.041150
  0.663766     0.041128
  0.663866     0.041105
  0.663966     0.041083
  0.664066     0.041060
  0.664166     0.041037
  0.664266     0.041015
  0.664366     0.040992
  0.664466     0.040969
  0.664566     0.040946
  0.664666     0.040923
  0.664766     0.040899
  0.664866     0.040876
  0.664966     0.040853
  0.665067     0.040829
  0.665167     0.040806
  0.665267     0.040782
  0.665367     0.040759
  0.665467     0.040735
  0.665567     0.040711
  0.665667     0.040687
  0.665767     0.040663
  0.665867     0.040639
  0.665967     0.040615
  0.666067     0.040591
  0.666167     0.040567
  0.666267     0.040543
  0.666367     0.040518
  0.666467     0.040494
  0.666567     0.040469
  0.666667     0.040444
  0.666767     0.040420
  0.666867     0.040395
  0.666967     0.040370
  0.667067     0.040345
  0.667167     0.040320
  0.667267     0.040295
  0.667367     0.040270
  0.667467     0.040245
  0.667567     0.040219
  0.667667     0.040194
  0.667767     0.040168
  0.667867     0.040143
  0.667967     0.040117
  0.668067     0.040092
  0.668167     0.040066
  0.668267     0.040040
  0.668367     0.040014
  0.668467     0.039988
  0.668567     0.039962
  0.668667     0.039936
  0.668767     0.039910
  0.668867     0.039883
  0.668967     0.039857
  0.669067     0.039830
  0.669167     0.039804
  0.669267     0.039777
  0.669367     0.039751
  0.669467     0.039724
  0.669567     0.039697
  0.669667     0.039670
  0.669767     0.039643
  0.669867     0.039616
  0.669967     0.039589
  0.670067     0.039562
  0.670167     0.039534
  0.670267     0.039507
  0.670367     0.039480
  0.670467     0.039452
  0.670567     0.039425
  0.670667     0.039397
  0.670767     0.039369
  0.670867     0.039341
  0.670967     0.039313
  0.671067     0.039285
  0.671167     0.039257
  0.671267     0.039229
  0.671367     0.039201
  0.671467     0.039173
  0.671567     0.039144
  0.671667     0.039116
  0.671767     0.039087
  0.671867     0.039059
  0.671967     0.039030
  0.672067     0.039001
  0.672167     0.038973
  0.672267     0.038944
  0.672367     0.038915
  0.672467     0.038886
  0.672567     0.038857
  0.672667     0.038827
  0.672767     0.038798
  0.672867     0.038769
  0.672967     0.038739
  0.673067     0.038710
  0.673167     0.038680
  0.673267     0.038651
  0.673367     0.038621
  0.673467     0.038591
  0.673567     0.038561
  0.673667     0.038531
  0.673767     0.038501
  0.673867     0.038471
  0.673967     0.038441
  0.674067     0.038411
  0.674167     0.038380
  0.674267     0.038350
  0.674367     0.038320
  0.674467     0.038289
  0.674567     0.038258
  0.674667     0.038228
  0.674767     0.038197
  0.674867     0.038166
  0.674967     0.038135
  0.675068     0.038104
  0.675168     0.038073
  0.675268     0.038042
  0.675368     0.038011
  0.675468     0.037979
  0.675568     0.037948
  0.675668     0.037916
  0.675768     0.037885
  0.675868     0.037853
  0.675968     0.037821
  0.676068     0.037790
  0.676168     0.037758
  0.676268     0.037726
  0.676368     0.037694
  0.676468     0.037662
  0.676568     0.037630
  0.676668     0.037597
  0.676768     0.037565
  0.676868     0.037533
  0.676968     0.037500
  0.677068     0.037468
  0.677168     0.037435
  0.677268     0.037402
  0.677368     0.037370
  0.677468     0.037337
  0.677568     0.037304
  0.677668     0.037271
  0.677768     0.037238
  0.677868     0.037205
  0.677968     0.037172
  0.678068     0.037138
  0.678168     0.037105
  0.678268     0.037071
  0.678368     0.037038
  0.678468     0.037004
  0.678568     0.036971
  0.678668     0.036937
  0.678768     0.036903
  0.678868     0.036869
  0.678968     0.036835
  0.679068     0.036801
  0.679168     0.036767
  0.679268     0.036733
  0.679368     0.036698
  0.679468     0.036664
  0.679568     0.036630
  0.679668     0.036595
  0.679768     0.036561
  0.679868     0.036526
  0.679968     0.036491
  0.680068     0.036456
  0.680168     0.036421
  0.680268     0.036386
  0.680368     0.036351
  0.680468     0.036316
  0.680568     0.036281
  0.680668     0.036246
  0.680768     0.036210
  0.680868     0.036175
  0.680968     0.036140
  0.681068     0.036104
  0.681168     0.036068
  0.681268     0.036033
  0.681368     0.035997
  0.681468     0.035961
  0.681568     0.035925
  0.681668     0.035889
  0.681768     0.035853
  0.681868     0.035817
  0.681968     0.035780
  0.682068     0.035744
  0.682168     0.035708
  0.682268     0.035671
  0.682368     0.035635
  0.682468     0.035598
  0.682568     0.035561
  0.682668     0.035524
  0.682768     0.035488
  0.682868     0.035451
  0.682968     0.035414
  0.683068     0.035376
  0.683168     0.035339
  0.683268     0.035302
  0.683368     0.035265
  0.683468     0.035227
  0.683568     0.035190
  0.683668     0.035152
  0.683768     0.035115
  0.683868     0.035077
  0.683968     0.035039
  0.684068     0.035001
  0.684168     0.034963
  0.684268     0.034925
  0.684368     0.034887
  0.684468     0.034849
  0.684568     0.034811
  0.684668     0.034773
  0.684768     0.034734
  0.684868     0.034696
  0.684968     0.034657
  0.685069     0.034619
  0.685169     0.034580
  0.685269     0.034541
  0.685369     0.034502
  0.685469     0.034463
  0.685569     0.034424
  0.685669     0.034385
  0.685769     0.034346
  0.685869     0.034307
  0.685969     0.034268
  0.686069     0.034228
  0.686169     0.034189
  0.686269     0.034149
  0.686369     0.034110
  0.686469     0.034070
  0.686569     0.034030
  0.686669     0.033990
  0.686769     0.033950
  0.686869     0.033910
  0.686969     0.033870
  0.687069     0.033830
  0.687169     0.033790
  0.687269     0.033750
  0.687369     0.033709
  0.687469     0.033669
  0.687569     0.033628
  0.687669     0.033588
  0.687769     0.033547
  0.687869     0.033506
  0.687969     0.033466
  0.688069     0.033425
  0.688169     0.033384
  0.688269     0.033343
  0.688369     0.033301
  0.688469     0.033260
  0.688569     0.033219
  0.688669     0.033178
  0.688769     0.033136
  0.688869     0.033095
  0.688969     0.033053
  0.689069     0.033011
  0.689169     0.032970
  0.689269     0.032928
  0.689369     0.032886
  0.689469     0.032844
  0.689569     0.032802
  0.689669     0.032760
  0.689769     0.032718
  0.689869     0.032675
  0.689969     0.032633
  0.690069     0.032591
  0.690169     0.032548
  0.690269     0.032506
  0.690369     0.032463
  0.690469     0.032420
  0.690569     0.032377
  0.690669     0.032335
  0.690769     0.032292
  0.690869     0.032249
  0.690969     0.032206
  0.691069     0.032162
  0.691169     0.032119
  0.691269     0.032076
  0.691369     0.032032
  0.691469     0.031989
  0.691569     0.031945
  0.691669     0.031902
  0.691769     0.031858
  0.691869     0.031814
  0.691969     0.031770
  0.692069     0.031726
  0.692169     0.031682
  0.692269     0.031638
  0.692369     0.031594
  0.692469     0.031550
  0.692569     0.031506
  0.692669     0.031461
  0.692769     0.031417
  0.692869     0.031372
  0.692969     0.031328
  0.693069     0.031283
  0.693169     0.031238
  0.693269     0.031193
  0.693369     0.031148
  0.693469     0.031103
  0.693569     0.031058
  0.693669     0.031013
  0.693769     0.030968
  0.693869     0.030922
  0.693969     0.030877
  0.694069     0.030832
  0.694169     0.030786
  0.694269     0.030740
  0.694369     0.030695
  0.694469     0.030649
  0.694569     0.030603
  0.694669     0.030557
  0.694769     0.030511
  0.694869     0.030465
  0.694969     0.030419
  0.695070     0.030373
  0.695170     0.030327
  0.695270     0.030280
  0.695370     0.030234
  0.695470     0.030187
  0.695570     0.030141
  0.695670     0.030094
  0.695770     0.030047
  0.695870     0.030000
  0.695970     0.029953
  0.696070     0.029906
  0.696170     0.029859
  0.696270     0.029812
  0.696370     0.029765
  0.696470     0.029718
  0.696570     0.029670
  0.696670     0.029623
  0.696770     0.029576
  0.696870     0.029528
  0.696970     0.029480
  0.697070     0.029433
  0.697170     0.029385
  0.697270     0.029337
  0.697370     0.029289
  0.697470     0.029241
  0.697570     0.029193
  0.697670     0.029144
  0.697770     0.029096
  0.697870     0.029048
  0.697970     0.028999
  0.698070     0.028951
  0.698170     0.028902
  0.698270     0.028854
  0.698370     0.028805
  0.698470     0.028756
  0.698570     0.028707
  0.698670     0.028658
  0.698770     0.028609
  0.698870     0.028560
  0.698970     0.028511
  0.699070     0.028462
  0.699170     0.028412
  0.699270     0.028363
  0.699370     0.028314
  0.699470     0.028264
  0.699570     0.028214
  0.699670     0.028165
  0.699770     0.028115
  0.699870     0.028065
  0.699970     0.028015
  0.700070     0.027965
  0.700170     0.027915
  0.700270     0.027865
  0.700370     0.027815
  0.700470     0.027766
  0.700570     0.027716
  0.700670     0.027666
  0.700770     0.027617
  0.700870     0.027567
  0.700970     0.027517
  0.701070     0.027468
  0.701170     0.027419
  0.701270     0.027369
  0.701370     0.027320
  0.701470     0.027271
  0.701570     0.027221
  0.701670     0.027172
  0.701770     0.027123
  0.701870     0.027074
  0.701970     0.027025
  0.702070     0.026976
  0.702170     0.026927
  0.702270     0.026878
  0.702370     0.026830
  0.702470     0.026781
  0.702570     0.026732
  0.702670     0.026684
  0.702770     0.026635
  0.702870     0.026586
  0.702970     0.026538
  0.703070     0.026490
  0.703170     0.026441
  0.703270     0.026393
  0.703370     0.026345
  0.703470     0.026296
  0.703570     0.026248
  0.703670     0.026200
  0.703770     0.026152
  0.703870     0.026104
  0.703970     0.026056
  0.704070     0.026008
  0.704170     0.025960
  0.704270     0.025913
  0.704370     0.025865
  0.704470     0.025817
  0.704570     0.025770
  0.704670     0.025722
  0.704770     0.025674
  0.704870     0.025627
  0.704970     0.025580
  0.705071     0.025532
  0.705171     0.025485
  0.705271     0.025438
  0.705371     0.025390
  0.705471     0.025343
  0.705571     0.025296
  0.705671     0.025249
  0.705771     0.025202
  0.705871     0.025155
  0.705971     0.025108
  0.706071     0.025061
  0.706171     0.025015
  0.706271     0.024968
  0.706371     0.024921
  0.706471     0.024874
  0.706571     0.024828
  0.706671     0.024781
  0.706771     0.024735
  0.706871     0.024688
  0.706971     0.024642
  0.707071     0.024596
  0.707171     0.024549
  0.707271     0.024503
  0.707371     0.024457
  0.707471     0.024411
  0.707571     0.024365
  0.707671     0.024319
  0.707771     0.024273
  0.707871     0.024227
  0.707971     0.024181
  0.708071     0.024135
  0.708171     0.024090
  0.708271     0.024044
  0.708371     0.023998
  0.708471     0.023953
  0.708571     0.023907
  0.708671     0.023862
  0.708771     0.023816
  0.708871     0.023771
  0.708971     0.023726
  0.709071     0.023680
  0.709171     0.023635
  0.709271     0.023590
  0.709371     0.023545
  0.709471     0.023500
  0.709571     0.023455
  0.709671     0.023410
  0.709771     0.023365
  0.709871     0.023320
  0.709971     0.023275
  0.710071     0.023230
  0.710171     0.023186
  0.710271     0.023141
  0.710371     0.023097
  0.710471     0.023052
  0.710571     0.023007
  0.710671     0.022963
  0.710771     0.022919
  0.710871     0.022874
  0.710971     0.022830
  0.711071     0.022786
  0.711171     0.022742
  0.711271     0.022698
  0.711371     0.022653
  0.711471     0.022609
  0.711571     0.022566
  0.711671     0.022522
  0.711771     0.022478
  0.711871     0.022434
  0.711971     0.022390
  0.712071     0.022346
  0.712171     0.022303
  0.712271     0.022259
  0.712371     0.022216
  0.712471     0.022172
  0.712571     0.022129
  0.712671     0.022085
  0.712771     0.022042
  0.712871     0.021999
  0.712971     0.021956
  0.713071     0.021912
  0.713171     0.021869
  0.713271     0.021826
  0.713371     0.021783
  0.713471     0.021740
  0.713571     0.021697
  0.713671     0.021654
  0.713771     0.021612
  0.713871     0.021569
  0.713971     0.021526
  0.714071     0.021484
  0.714171     0.021441
  0.714271     0.021398
  0.714371     0.021356
  0.714471     0.021313
  0.714571     0.021271
  0.714671     0.021229
  0.714771     0.021186
  0.714871     0.021144
  0.714971     0.021102
  0.715072     0.021060
  0.715172     0.021018
  0.715272     0.020976
  0.715372     0.020934
  0.715472     0.020892
  0.715572     0.020850
  0.715672     0.020808
  0.715772     0.020766
  0.715872     0.020725
  0.715972     0.020683
  0.716072     0.020642
  0.716172     0.020600
  0.716272     0.020558
  0.716372     0.020517
  0.716472     0.020476
  0.716572     0.020434
  0.716672     0.020393
  0.716772     0.020352
  0.716872     0.020311
  0.716972     0.020269
  0.717072     0.020228
  0.717172     0.020187
  0.717272     0.020146
  0.717372     0.020105
  0.717472     0.020065
  0.717572     0.020024
  0.717672     0.019983
  0.717772     0.019942
  0.717872     0.019902
  0.717972     0.019861
  0.718072     0.019820
  0.718172     0.019780
  0.718272     0.019740
  0.718372     0.019699
  0.718472     0.019659
  0.718572     0.019619
  0.718672     0.019578
  0.718772     0.019538
  0.718872     0.019498
  0.718972     0.019458
  0.719072     0.019418
  0.719172     0.019378
  0.719272     0.019338
  0.719372     0.019298
  0.719472     0.019258
  0.719572     0.019218
  0.719672     0.019179
  0.719772     0.019139
  0.719872     0.019100
  0.719972     0.019060
  0.720072     0.019020
  0.720172     0.018981
  0.720272     0.018942
  0.720372     0.018902
  0.720472     0.018863
  0.720572     0.018824
  0.720672     0.018785
  0.720772     0.018745
  0.720872     0.018706
  0.720972     0.018667
  0.721072     0.018628
  0.721172     0.018589
  0.721272     0.018550
  0.721372     0.018512
  0.721472     0.018473
  0.721572     0.018434
  0.721672     0.018396
  0.721772     0.018357
  0.721872     0.018318
  0.721972     0.018280
  0.722072     0.018241
  0.722172     0.018203
  0.722272     0.018165
  0.722372     0.018126
  0.722472     0.018088
  0.722572     0.018050
  0.722672     0.018012
  0.722772     0.017974
  0.722872     0.017936
  0.722972     0.017898
  0.723072     0.017860
  0.723172     0.017822
  0.723272     0.017784
  0.723372     0.017746
  0.723472     0.017709
  0.723572     0.017671
  0.723672     0.017633
  0.723772     0.017596
  0.723872     0.017558
  0.723972     0.017521
  0.724072     0.017483
  0.724172     0.017446
  0.724272     0.017409
  0.724372     0.017371
  0.724472     0.017334
  0.724572     0.017297
  0.724672     0.017260
  0.724772     0.017223
  0.724872     0.017186
  0.724972     0.017149
  0.725073     0.017112
  0.725173     0.017075
  0.725273     0.017039
  0.725373     0.017002
  0.725473     0.016965
  0.725573     0.016929
  0.725673     0.016892
  0.725773     0.016855
  0.725873     0.016819
  0.725973     0.016783
  0.726073     0.016746
  0.726173     0.016710
  0.726273     0.016674
  0.726373     0.016637
  0.726473     0.016601
  0.726573     0.016565
  0.726673     0.016529
  0.726773     0.016493
  0.726873     0.016457
  0.726973     0.016421
  0.727073     0.016386
  0.727173     0.016350
  0.727273     0.016314
  0.727373     0.016278
  0.727473     0.016243
  0.727573     0.016207
  0.727673     0.016172
  0.727773     0.016136
  0.727873     0.016101
  0.727973     0.016065
  0.728073     0.016030
  0.728173     0.015995
  0.728273     0.015960
  0.728373     0.015925
  0.728473     0.015889
  0.728573     0.015854
  0.728673     0.015819
  0.728773     0.015784
  0.728873     0.015750
  0.728973     0.015715
  0.729073     0.015680
  0.729173     0.015645
  0.729273     0.015611
  0.729373     0.015576
  0.729473     0.015541
  0.729573     0.015507
  0.729673     0.015472
  0.729773     0.015438
  0.729873     0.015404
  0.729973     0.015369
  0.730073     0.015335
  0.730173     0.015301
  0.730273     0.015267
  0.730373     0.015233
  0.730473     0.015198
  0.730573     0.015164
  0.730673     0.015131
  0.730773     0.015097
  0.730873     0.015063
  0.730973     0.015029
  0.731073     0.014995
  0.731173     0.014962
  0.731273     0.014928
  0.731373     0.014894
  0.731473     0.014861
  0.731573     0.014827
  0.731673     0.014794
  0.731773     0.014761
  0.731873     0.014727
  0.731973     0.014694
  0.732073     0.014661
  0.732173     0.014628
  0.732273     0.014595
  0.732373     0.014562
  0.732473     0.014529
  0.732573     0.014496
  0.732673     0.014463
  0.732773     0.014430
  0.732873     0.014397
  0.732973     0.014364
  0.733073     0.014332
  0.733173     0.014299
  0.733273     0.014266
  0.733373     0.014234
  0.733473     0.014201
  0.733573     0.014169
  0.733673     0.014137
  0.733773     0.014104
  0.733873     0.014072
  0.733973     0.014040
  0.734073     0.014008
  0.734173     0.013976
  0.734273     0.013944
  0.734373     0.013912
  0.734473     0.013880
  0.734573     0.013848
  0.734673     0.013816
  0.734773     0.013784
  0.734873     0.013752
  0.734973     0.013721
  0.735074     0.013689
  0.735174     0.013657
  0.735274     0.013626
  0.735374     0.013594
  0.735474     0.013563
  0.735574     0.013532
  0.735674     0.013500
  0.735774     0.013469
  0.735874     0.013438
  0.735974     0.013407
  0.736074     0.013376
  0.736174     0.013344
  0.736274     0.013313
  0.736374     0.013282
  0.736474     0.013252
  0.736574     0.013221
  0.736674     0.013190
  0.736774     0.013159
  0.736874     0.013129
  0.736974     0.013098
  0.737074     0.013067
  0.737174     0.013037
  0.737274     0.013006
  0.737374     0.012976
  0.737474     0.012945
  0.737574     0.012915
  0.737674     0.012885
  0.737774     0.012855
  0.737874     0.012824
  0.737974     0.012794
  0.738074     0.012764
  0.738174     0.012734
  0.738274     0.012704
  0.738374     0.012674
  0.738474     0.012645
  0.738574     0.012615
  0.738674     0.012585
  0.738774     0.012555
  0.738874     0.012526
  0.738974     0.012496
  0.739074     0.012467
  0.739174     0.012437
  0.739274     0.012408
  0.739374     0.012378
  0.739474     0.012349
  0.739574     0.012320
  0.739674     0.012290
  0.739774     0.012261
  0.739874     0.012232
  0.739974     0.012203
  0.740074     0.012174
  0.740174     0.012145
  0.740274     0.012116
  0.740374     0.012087
  0.740474     0.012059
  0.740574     0.012030
  0.740674     0.012001
  0.740774     0.011972
  0.740874     0.011944
  0.740974     0.011915
  0.741074     0.011887
  0.741174     0.011858
  0.741274     0.011830
  0.741374     0.011802
  0.741474     0.011773
  0.741574     0.011745
  0.741674     0.011717
  0.741774     0.011689
  0.741874     0.011661
  0.741974     0.011633
  0.742074     0.011605
  0.742174     0.011577
  0.742274     0.011549
  0.742374     0.011521
  0.742474     0.011494
  0.742574     0.011466
  0.742674     0.011438
  0.742774     0.011411
  0.742874     0.011383
  0.742974     0.011356
  0.743074     0.011328
  0.743174     0.011301
  0.743274     0.011273
  0.743374     0.011246
  0.743474     0.011219
  0.743574     0.011192
  0.743674     0.011165
  0.743774     0.011138
  0.743874     0.011110
  0.743974     0.011084
  0.744074     0.011057
  0.744174     0.011030
  0.744274     0.011003
  0.744374     0.010976
  0.744474     0.010949
  0.744574     0.010923
  0.744674     0.010896
  0.744774     0.010870
  0.744874     0.010843
  0.744974     0.010817
  0.745075     0.010790
  0.745175     0.010764
  0.745275     0.010738
  0.745375     0.010711
  0.745475     0.010685
  0.745575     0.010659
  0.745675     0.010633
  0.745775     0.010607
  0.745875     0.010581
  0.745975     0.010555
  0.746075     0.010529
  0.746175     0.010504
  0.746275     0.010478
  0.746375     0.010452
  0.746475     0.010426
  0.746575     0.010401
  0.746675     0.010375
  0.746775     0.010350
  0.746875     0.010324
  0.746975     0.010299
  0.747075     0.010274
  0.747175     0.010248
  0.747275     0.010223
  0.747375     0.010198
  0.747475     0.010173
  0.747575     0.010148
  0.747675     0.010123
  0.747775     0.010098
  0.747875     0.010073
  0.747975     0.010048
  0.748075     0.010023
  0.748175     0.009998
  0.748275     0.009974
  0.748375     0.009949
  0.748475     0.009924
  0.748575     0.009900
  0.748675     0.009875
  0.748775     0.009851
  0.748875     0.009826
  0.748975     0.009802
  0.749075     0.009778
  0.749175     0.009754
  0.749275     0.009729
  0.749375     0.009705
  0.749475     0.009681
  0.749575     0.009657
  0.749675     0.009633
  0.749775     0.009609
  0.749875     0.009585
  0.749975     0.009562
  0.750075     0.009538
  0.750175     0.009514
  0.750275     0.009490
  0.750375     0.009467
  0.750475     0.009443
  0.750575     0.009420
  0.750675     0.009396
  0.750775     0.009373
  0.750875     0.009349
  0.750975     0.009326
  0.751075     0.009303
  0.751175     0.009280
  0.751275     0.009257
  0.751375     0.009234
  0.751475     0.009211
  0.751575     0.009188
  0.751675     0.009165
  0.751775     0.009142
  0.751875     0.009119
  0.751975     0.009096
  0.752075     0.009073
  0.752175     0.009051
  0.752275     0.009028
  0.752375     0.009006
  0.752475     0.008983
  0.752575     0.008961
  0.752675     0.008938
  0.752775     0.008916
  0.752875     0.008894
  0.752975     0.008871
  0.753075     0.008849
  0.753175     0.008827
  0.753275     0.008805
  0.753375     0.008783
  0.753475     0.008761
  0.753575     0.008739
  0.753675     0.008717
  0.753775     0.008695
  0.753875     0.008673
  0.753975     0.008652
  0.754075     0.008630
  0.754175     0.008608
  0.754275     0.008587
  0.754375     0.008565
  0.754475     0.008544
  0.754575     0.008523
  0.754675     0.008501
  0.754775     0.008480
  0.754875     0.008459
  0.754975     0.008437
  0.755076     0.008416
  0.755176     0.008395
  0.755276     0.008374
  0.755376     0.008353
  0.755476     0.008332
  0.755576     0.008311
  0.755676     0.008290
  0.755776     0.008270
  0.755876     0.008249
  0.755976     0.008228
  0.756076     0.008208
  0.756176     0.008187
  0.756276     0.008167
  0.756376     0.008146
  0.756476     0.008126
  0.756576     0.008105
  0.756676     0.008085
  0.756776     0.008065
  0.756876     0.008045
  0.756976     0.008024
  0.757076     0.008004
  0.757176     0.007984
  0.757276     0.007964
  0.757376     0.007944
  0.757476     0.007925
  0.757576     0.007905
  0.757676     0.007885
  0.757776     0.007865
  0.757876     0.007846
  0.757976     0.007826
  0.758076     0.007806
  0.758176     0.007787
  0.758276     0.007767
  0.758376     0.007748
  0.758476     0.007729
  0.758576     0.007709
  0.758676     0.007690
  0.758776     0.007671
  0.758876     0.007652
  0.758976     0.007633
  0.759076     0.007614
  0.759176     0.007595
  0.759276     0.007576
  0.759376     0.007557
  0.759476     0.007538
  0.759576     0.007519
  0.759676     0.007500
  0.759776     0.007482
  0.759876     0.007463
  0.759976     0.007444
  0.760076     0.007426
  0.760176     0.007407
  0.760276     0.007389
  0.760376     0.007371
  0.760476     0.007352
  0.760576     0.007334
  0.760676     0.007316
  0.760776     0.007298
  0.760876     0.007280
  0.760976     0.007262
  0.761076     0.007244
  0.761176     0.007226
  0.761276     0.007208
  0.761376     0.007190
  0.761476     0.007172
  0.761576     0.007154
  0.761676     0.007137
  0.761776     0.007119
  0.761876     0.007102
  0.761976     0.007084
  0.762076     0.007067
  0.762176     0.007049
  0.762276     0.007032
  0.762376     0.007014
  0.762476     0.006997
  0.762576     0.006980
  0.762676     0.006963
  0.762776     0.006946
  0.762876     0.006929
  0.762976     0.006912
  0.763076     0.006895
  0.763176     0.006878
  0.763276     0.006861
  0.763376     0.006844
  0.763476     0.006827
  0.763576     0.006811
  0.763676     0.006794
  0.763776     0.006778
  0.763876     0.006761
  0.763976     0.006745
  0.764076     0.006728
  0.764176     0.006712
  0.764276     0.006695
  0.764376     0.006679
  0.764476     0.006663
  0.764576     0.006647
  0.764676     0.006631
  0.764776     0.006615
  0.764876     0.006599
  0.764976     0.006583
  0.765077     0.006567
  0.765177     0.006551
  0.765277     0.006535
  0.765377     0.006519
  0.765477     0.006504
  0.765577     0.006488
  0.765677     0.006472
  0.765777     0.006457
  0.765877     0.006441
  0.765977     0.006426
  0.766077     0.006411
  0.766177     0.006395
  0.766277     0.006380
  0.766377     0.006365
  0.766477     0.006350
  0.766577     0.006335
  0.766677     0.006319
  0.766777     0.006304
  0.766877     0.006290
  0.766977     0.006275
  0.767077     0.006260
  0.767177     0.006245
  0.767277     0.006230
  0.767377     0.006216
  0.767477     0.006201
  0.767577     0.006186
  0.767677     0.006172
  0.767777     0.006157
  0.767877     0.006143
  0.767977     0.006128
  0.768077     0.006114
  0.768177     0.006100
  0.768277     0.006086
  0.768377     0.006071
  0.768477     0.006057
  0.768577     0.006043
  0.768677     0.006029
  0.768777     0.006015
  0.768877     0.006001
  0.768977     0.005988
  0.769077     0.005974
  0.769177     0.005960
  0.769277     0.005946
  0.769377     0.005933
  0.769477     0.005919
  0.769577     0.005906
  0.769677     0.005892
  0.769777     0.005879
  0.769877     0.005865
  0.769977     0.005852
  0.770077     0.005839
  0.770177     0.005825
  0.770277     0.005812
  0.770377     0.005799
  0.770477     0.005786
  0.770577     0.005773
  0.770677     0.005760
  0.770777     0.005747
  0.770877     0.005734
  0.770977     0.005722
  0.771077     0.005709
  0.771177     0.005696
  0.771277     0.005683
  0.771377     0.005671
  0.771477     0.005658
  0.771577     0.005646
  0.771677     0.005633
  0.771777     0.005621
  0.771877     0.005609
  0.771977     0.005596
  0.772077     0.005584
  0.772177     0.005572
  0.772277     0.005560
  0.772377     0.005548
  0.772477     0.005536
  0.772577     0.005524
  0.772677     0.005512
  0.772777     0.005500
  0.772877     0.005488
  0.772977     0.005476
  0.773077     0.005465
  0.773177     0.005453
  0.773277     0.005442
  0.773377     0.005430
  0.773477     0.005418
  0.773577     0.005407
  0.773677     0.005396
  0.773777     0.005384
  0.773877     0.005373
  0.773977     0.005362
  0.774077     0.005351
  0.774177     0.005340
  0.774277     0.005328
  0.774377     0.005317
  0.774477     0.005306
  0.774577     0.005296
  0.774677     0.005285
  0.774777     0.005274
  0.774877     0.005263
  0.774977     0.005252
  0.775078     0.005242
  0.775178     0.005231
  0.775278     0.005221
  0.775378     0.005210
  0.775478     0.005200
  0.775578     0.005189
  0.775678     0.005179
  0.775778     0.005169
  0.775878     0.005158
  0.775978     0.005148
  0.776078     0.005138
  0.776178     0.005128
  0.776278     0.005118
  0.776378     0.005108
  0.776478     0.005098
  0.776578     0.005088
  0.776678     0.005078
  0.776778     0.005069
  0.776878     0.005059
  0.776978     0.005049
  0.777078     0.005040
  0.777178     0.005030
  0.777278     0.005021
  0.777378     0.005011
  0.777478     0.005002
  0.777578     0.004992
  0.777678     0.004983
  0.777778     0.004974
  0.777878     0.004965
  0.777978     0.004956
  0.778078     0.004947
  0.778178     0.004938
  0.778278     0.004929
  0.778378     0.004920
  0.778478     0.004911
  0.778578     0.004902
  0.778678     0.004893
  0.778778     0.004884
  0.778878     0.004876
  0.778978     0.004867
  0.779078     0.004859
  0.779178     0.004850
  0.779278     0.004842
  0.779378     0.004833
  0.779478     0.004825
  0.779578     0.004817
  0.779678     0.004808
  0.779778     0.004800
  0.779878     0.004792
  0.779978     0.004784
  0.780078     0.004776
  0.780178     0.004768
  0.780278     0.004760
  0.780378     0.004752
  0.780478     0.004744
  0.780578     0.004737
  0.780678     0.004729
  0.780778     0.004721
  0.780878     0.004714
  0.780978     0.004706
  0.781078     0.004699
  0.781178     0.004691
  0.781278     0.004684
  0.781378     0.004676
  0.781478     0.004669
  0.781578     0.004662
  0.781678     0.004655
  0.781778     0.004647
  0.781878     0.004640
  0.781978     0.004633
  0.782078     0.004626
  0.782178     0.004619
  0.782278     0.004613
  0.782378     0.004606
  0.782478     0.004599
  0.782578     0.004592
  0.782678     0.004586
  0.782778     0.004579
  0.782878     0.004572
  0.782978     0.004566
  0.783078     0.004559
  0.783178     0.004553
  0.783278     0.004547
  0.783378     0.004540
  0.783478     0.004534
  0.783578     0.004528
  0.783678     0.004522
  0.783778     0.004516
  0.783878     0.004510
  0.783978     0.004504
  0.784078     0.004498
  0.784178     0.004492
  0.784278     0.004486
  0.784378     0.004480
  0.784478     0.004475
  0.784578     0.004469
  0.784678     0.004463
  0.784778     0.004458
  0.784878     0.004452
  0.784978     0.004447
  0.785079     0.004441
  0.785179     0.004436
  0.785279     0.004431
  0.785379     0.004425
  0.785479     0.004420
  0.785579     0.004415
  0.785679     0.004410
  0.785779     0.004405
  0.785879     0.004400
  0.785979     0.004395
  0.786079     0.004390
  0.786179     0.004385
  0.786279     0.004381
  0.786379     0.004376
  0.786479     0.004371
  0.786579     0.004366
  0.786679     0.004362
  0.786779     0.004357
  0.786879     0.004353
  0.786979     0.004349
  0.787079     0.004344
  0.787179     0.004340
  0.787279     0.004336
  0.787379     0.004331
  0.787479     0.004327
  0.787579     0.004323
  0.787679     0.004319
  0.787779     0.004315
  0.787879     0.004311
  0.787979     0.004307
  0.788079     0.004303
  0.788179     0.004300
  0.788279     0.004296
  0.788379     0.004292
  0.788479     0.004289
  0.788579     0.004285
  0.788679     0.004282
  0.788779     0.004278
  0.788879     0.004275
  0.788979     0.004271
  0.789079     0.004268
  0.789179     0.004265
  0.789279     0.004262
  0.789379     0.004258
  0.789479     0.004255
  0.789579     0.004252
  0.789679     0.004249
  0.789779     0.004246
  0.789879     0.004243
  0.789979     0.004241
  0.790079     0.004238
  0.790179     0.004235
  0.790279     0.004232
  0.790379     0.004230
  0.790479     0.004227
  0.790579     0.004225
  0.790679     0.004222
  0.790779     0.004220
  0.790879     0.004217
  0.790979     0.004215
  0.791079     0.004213
  0.791179     0.004211
  0.791279     0.004208
  0.791379     0.004206
  0.791479     0.004204
  0.791579     0.004202
  0.791679     0.004200
  0.791779     0.004198
  0.791879     0.004197
  0.791979     0.004195
  0.792079     0.004193
  0.792179     0.004191
  0.792279     0.004190
  0.792379     0.004188
  0.792479     0.004187
  0.792579     0.004185
  0.792679     0.004184
  0.792779     0.004182
  0.792879     0.004181
  0.792979     0.004180
  0.793079     0.004179
  0.793179     0.004177
  0.793279     0.004176
  0.793379     0.004175
  0.793479     0.004174
  0.793579     0.004173
  0.793679     0.004172
  0.793779     0.004172
  0.793879     0.004171
  0.793979     0.004170
  0.794079     0.004169
  0.794179     0.004169
  0.794279     0.004168
  0.794379     0.004168
  0.794479     0.004167
  0.794579     0.004167
  0.794679     0.004166
  0.794779     0.004166
  0.794879     0.004166
  0.794979     0.004166
  0.795080     0.004165
  0.795180     0.004165
  0.795280     0.004165
  0.795380     0.004165
  0.795480     0.004165
  0.795580     0.004165
  0.795680     0.004166
  0.795780     0.004166
  0.795880     0.004166
  0.795980     0.004166
  0.796080     0.004167
  0.796180     0.004167
  0.796280     0.004168
  0.796380     0.004168
  0.796480     0.004169
  0.796580     0.004169
  0.796680     0.004170
  0.796780     0.004171
  0.796880     0.004171
  0.796980     0.004172
  0.797080     0.004173
  0.797180     0.004174
  0.797280     0.004175
  0.797380     0.004176
  0.797480     0.004177
  0.797580     0.004178
  0.797680     0.004180
  0.797780     0.004181
  0.797880     0.004182
  0.797980     0.004184
  0.798080     0.004185
  0.798180     0.004186
  0.798280     0.004188
  0.798380     0.004189
  0.798480     0.004191
  0.798580     0.004193
  0.798680     0.004195
  0.798780     0.004196
  0.798880     0.004198
  0.798980     0.004200
  0.799080     0.004202
  0.799180     0.004204
  0.799280     0.004206
  0.799380     0.004208
  0.799480     0.004210
  0.799580     0.004212
  0.799680     0.004215
  0.799780     0.004217
  0.799880     0.004219
  0.799980     0.004222
  0.800080     0.004224
  0.800180     0.004227
  0.800280     0.004229
  0.800380     0.004232
  0.800480     0.004235
  0.800580     0.004237
  0.800680     0.004240
  0.800780     0.004243
  0.800880     0.004246
  0.800980     0.004249
  0.801080     0.004252
  0.801180     0.004255
  0.801280     0.004258
  0.801380     0.004261
  0.801480     0.004264
  0.801580     0.004267
  0.801680     0.004271
  0.801780     0.004274
  0.801880     0.004277
  0.801980     0.004281
  0.802080     0.004284
  0.802180     0.004288
  0.802280     0.004292
  0.802380     0.004295
  0.802480     0.004299
  0.802580     0.004303
  0.802680     0.004307
  0.802780     0.004310
  0.802880     0.004314
  0.802980     0.004318
  0.803080     0.004322
  0.803180     0.004326
  0.803280     0.004331
  0.803380     0.004335
  0.803480     0.004339
  0.803580     0.004343
  0.803680     0.004348
  0.803780     0.004352
  0.803880     0.004357
  0.803980     0.004361
  0.804080     0.004366
  0.804180     0.004370
  0.804280     0.004375
  0.804380     0.004380
  0.804480     0.004384
  0.804580     0.004389
  0.804680     0.004394
  0.804780     0.004399
  0.804880     0.004404
  0.804980     0.004409
  0.805081     0.004414
  0.805181     0.004419
  0.805281     0.004424
  0.805381     0.004430
  0.805481     0.004435
  0.805581     0.004440
  0.805681     0.004446
  0.805781     0.004451
  0.805881     0.004457
  0.805981     0.004462
  0.806081     0.004468
  0.806181     0.004473
  0.806281     0.004479
  0.806381     0.004485
  0.806481     0.004491
  0.806581     0.004497
  0.806681     0.004503
  0.806781     0.004509
  0.806881     0.004515
  0.806981     0.004521
  0.807081     0.004527
  0.807181     0.004533
  0.807281     0.004539
  0.807381     0.004545
  0.807481     0.004552
  0.807581     0.004558
  0.807681     0.004565
  0.807781     0.004571
  0.807881     0.004578
  0.807981     0.004584
  0.808081     0.004591
  0.808181     0.004598
  0.808281     0.004604
  0.808381     0.004611
  0.808481     0.004618
  0.808581     0.004625
  0.808681     0.004632
  0.808781     0.004639
  0.808881     0.004646
  0.808981     0.004653
  0.809081     0.004660
  0.809181     0.004668
  0.809281     0.004675
  0.809381     0.004682
  0.809481     0.004690
  0.809581     0.004697
  0.809681     0.004705
  0.809781     0.004712
  0.809881     0.004720
  0.809981     0.004727
  0.810081     0.004735
  0.810181     0.004743
  0.810281     0.004751
  0.810381     0.004759
  0.810481     0.004766
  0.810581     0.004774
  0.810681     0.004782
  0.810781     0.004791
  0.810881     0.004799
  0.810981     0.004807
  0.811081     0.004815
  0.811181     0.004823
  0.811281     0.004832
  0.811381     0.004840
  0.811481     0.004849
  0.811581     0.004857
  0.811681     0.004866
  0.811781     0.004874
  0.811881     0.004883
  0.811981     0.004892
  0.812081     0.004900
  0.812181     0.004909
  0.812281     0.004918
  0.812381     0.004927
  0.812481     0.004936
  0.812581     0.004945
  0.812681     0.004954
  0.812781     0.004963
  0.812881     0.004972
  0.812981     0.004981
  0.813081     0.004991
  0.813181     0.005000
  0.813281     0.005009
  0.813381     0.005019
  0.813481     0.005028
  0.813581     0.005038
  0.813681     0.005047
  0.813781     0.005057
  0.813881     0.005067
  0.813981     0.005077
  0.814081     0.005086
  0.814181     0.005096
  0.814281     0.005106
  0.814381     0.005116
  0.814481     0.005126
  0.814581     0.005136
  0.814681     0.005146
  0.814781     0.005156
  0.814881     0.005167
  0.814981     0.005177
  0.815082     0.005187
  0.815182     0.005198
  0.815282     0.005208
  0.815382     0.005219
  0.815482     0.005229
  0.815582     0.005240
  0.815682     0.005250
  0.815782     0.005261
  0.815882     0.005272
  0.815982     0.005283
  0.816082     0.005293
  0.816182     0.005304
  0.816282     0.005315
  0.816382     0.005326
  0.816482     0.005337
  0.816582     0.005349
  0.816682     0.005360
  0.816782     0.005371
  0.816882     0.005382
  0.816982     0.005394
  0.817082     0.005405
  0.817182     0.005416
  0.817282     0.005428
  0.817382     0.005439
  0.817482     0.005451
  0.817582     0.005463
  0.817682     0.005474
  0.817782     0.005486
  0.817882     0.005498
  0.817982     0.005510
  0.818082     0.005522
  0.818182     0.005534
  0.818282     0.005546
  0.818382     0.005558
  0.818482     0.005570
  0.818582     0.005582
  0.818682     0.005594
  0.818782     0.005606
  0.818882     0.005619
  0.818982     0.005631
  0.819082     0.005643
  0.819182     0.005656
  0.819282     0.005668
  0.819382     0.005681
  0.819482     0.005694
  0.819582     0.005706
  0.819682     0.005719
  0.819782     0.005732
  0.819882     0.005745
  0.819982     0.005758
  0.820082     0.005771
  0.820182     0.005784
  0.820282     0.005797
  0.820382     0.005810
  0.820482     0.005823
  0.820582     0.005836
  0.820682     0.005849
  0.820782     0.005863
  0.820882     0.005876
  0.820982     0.005890
  0.821082     0.005903
  0.821182     0.005917
  0.821282     0.005930
  0.821382     0.005944
  0.821482     0.005957
  0.821582     0.005971
  0.821682     0.005985
  0.821782     0.005999
  0.821882     0.006013
  0.821982     0.006027
  0.822082     0.006041
  0.822182     0.006055
  0.822282     0.006069
  0.822382     0.006083
  0.822482     0.006097
  0.822582     0.006111
  0.822682     0.006126
  0.822782     0.006140
  0.822882     0.006155
  0.822982     0.006169
  0.823082     0.006184
  0.823182     0.006198
  0.823282     0.006213
  0.823382     0.006227
  0.823482     0.006242
  0.823582     0.006257
  0.823682     0.006272
  0.823782     0.006287
  0.823882     0.006302
  0.823982     0.006317
  0.824082     0.006332
  0.824182     0.006347
  0.824282     0.006362
  0.824382     0.006377
  0.824482     0.006392
  0.824582     0.006408
  0.824682     0.006423
  0.824782     0.006439
  0.824882     0.006454
  0.824982     0.006469
  0.825083     0.006485
  0.825183     0.006501
  0.825283     0.006516
  0.825383     0.006532
  0.825483     0.006548
  0.825583     0.006564
  0.825683     0.006580
  0.825783     0.006596
  0.825883     0.006612
  0.825983     0.006628
  0.826083     0.006644
  0.826183     0.006660
  0.826283     0.006676
  0.826383     0.006692
  0.826483     0.006709
  0.826583     0.006725
  0.826683     0.006741
  0.826783     0.006758
  0.826883     0.006774
  0.826983     0.006791
  0.827083     0.006808
  0.827183     0.006824
  0.827283     0.006841
  0.827383     0.006858
  0.827483     0.006875
  0.827583     0.006891
  0.827683     0.006908
  0.827783     0.006925
  0.827883     0.006942
  0.827983     0.006960
  0.828083     0.006977
  0.828183     0.006994
  0.828283     0.007011
  0.828383     0.007028
  0.828483     0.007046
  0.828583     0.007063
  0.828683     0.007081
  0.828783     0.007098
  0.828883     0.007116
  0.828983     0.007133
  0.829083     0.007151
  0.829183     0.007169
  0.829283     0.007187
  0.829383     0.007204
  0.829483     0.007222
  0.829583     0.007240
  0.829683     0.007258
  0.829783     0.007276
  0.829883     0.007294
  0.829983     0.007312
  0.830083     0.007331
  0.830183     0.007349
  0.830283     0.007367
  0.830383     0.007386
  0.830483     0.007404
  0.830583     0.007422
  0.830683     0.007441
  0.830783     0.007460
  0.830883     0.007478
  0.830983     0.007497
  0.831083     0.007516
  0.831183     0.007534
  0.831283     0.007553
  0.831383     0.007572
  0.831483     0.007591
  0.831583     0.007610
  0.831683     0.007629
  0.831783     0.007648
  0.831883     0.007667
  0.831983     0.007686
  0.832083     0.007706
  0.832183     0.007725
  0.832283     0.007744
  0.832383     0.007764
  0.832483     0.007783
  0.832583     0.007803
  0.832683     0.007822
  0.832783     0.007842
  0.832883     0.007861
  0.832983     0.007881
  0.833083     0.007901
  0.833183     0.007921
  0.833283     0.007941
  0.833383     0.007961
  0.833483     0.007981
  0.833583     0.008001
  0.833683     0.008021
  0.833783     0.008041
  0.833883     0.008061
  0.833983     0.008081
  0.834083     0.008102
  0.834183     0.008122
  0.834283     0.008142
  0.834383     0.008163
  0.834483     0.008183
  0.834583     0.008204
  0.834683     0.008224
  0.834783     0.008245
  0.834883     0.008266
  0.834983     0.008287
  0.835084     0.008307
  0.835184     0.008328
  0.835284     0.008349
  0.835384     0.008370
  0.835484     0.008391
  0.835584     0.008412
  0.835684     0.008433
  0.835784     0.008455
  0.835884     0.008476
  0.835984     0.008497
  0.836084     0.008518
  0.836184     0.008540
  0.836284     0.008561
  0.836384     0.008583
  0.836484     0.008604
  0.836584     0.008626
  0.836684     0.008648
  0.836784     0.008669
  0.836884     0.008691
  0.836984     0.008713
  0.837084     0.008735
  0.837184     0.008757
  0.837284     0.008779
  0.837384     0.008801
  0.837484     0.008823
  0.837584     0.008845
  0.837684     0.008867
  0.837784     0.008889
  0.837884     0.008912
  0.837984     0.008934
  0.838084     0.008956
  0.838184     0.008979
  0.838284     0.009001
  0.838384     0.009024
  0.838484     0.009046
  0.838584     0.009069
  0.838684     0.009092
  0.838784     0.009115
  0.838884     0.009137
  0.838984     0.009160
  0.839084     0.009183
  0.839184     0.009206
  0.839284     0.009229
  0.839384     0.009252
  0.839484     0.009275
  0.839584     0.009299
  0.839684     0.009322
  0.839784     0.009345
  0.839884     0.009368
  0.839984     0.009392
  0.840084     0.009415
  0.840184     0.009439
  0.840284     0.009462
  0.840384     0.009486
  0.840484     0.009510
  0.840584     0.009533
  0.840684     0.009557
  0.840784     0.009581
  0.840884     0.009605
  0.840984     0.009629
  0.841084     0.009653
  0.841184     0.009677
  0.841284     0.009701
  0.841384     0.009725
  0.841484     0.009749
  0.841584     0.009773
  0.841684     0.009797
  0.841784     0.009822
  0.841884     0.009846
  0.841984     0.009871
  0.842084     0.009895
  0.842184     0.009920
  0.842284     0.009944
  0.842384     0.009969
  0.842484     0.009994
  0.842584     0.010018
  0.842684     0.010043
  0.842784     0.010068
  0.842884     0.010093
  0.842984     0.010118
  0.843084     0.010143
  0.843184     0.010168
  0.843284     0.010193
  0.843384     0.010218
  0.843484     0.010243
  0.843584     0.010269
  0.843684     0.010294
  0.843784     0.010319
  0.843884     0.010345
  0.843984     0.010370
  0.844084     0.010396
  0.844184     0.010422
  0.844284     0.010447
  0.844384     0.010473
  0.844484     0.010499
  0.844584     0.010524
  0.844684     0.010550
  0.844784     0.010576
  0.844884     0.010602
  0.844984     0.010628
  0.845085     0.010654
  0.845185     0.010680
  0.845285     0.010707
  0.845385     0.010733
  0.845485     0.010759
  0.845585     0.010785
  0.845685     0.010812
  0.845785     0.010838
  0.845885     0.010865
  0.845985     0.010891
  0.846085     0.010918
  0.846185     0.010944
  0.846285     0.010971
  0.846385     0.010998
  0.846485     0.011025
  0.846585     0.011052
  0.846685     0.011078
  0.846785     0.011105
  0.846885     0.011132
  0.846985     0.011159
  0.847085     0.011187
  0.847185     0.011214
  0.847285     0.011241
  0.847385     0.011268
  0.847485     0.011296
  0.847585     0.011323
  0.847685     0.011350
  0.847785     0.011378
  0.847885     0.011405
  0.847985     0.011433
  0.848085     0.011461
  0.848185     0.011488
  0.848285     0.011516
  0.848385     0.011544
  0.848485     0.011572
  0.848585     0.011600
  0.848685     0.011628
  0.848785     0.011656
  0.848885     0.011684
  0.848985     0.011712
  0.849085     0.011740
  0.849185     0.011768
  0.849285     0.011796
  0.849385     0.011825
  0.849485     0.011853
  0.849585     0.011881
  0.849685     0.011910
  0.849785     0.011938
  0.849885     0.011967
  0.849985     0.011996
  0.850085     0.012024
  0.850185     0.012053
  0.850285     0.012082
  0.850385     0.012110
  0.850485     0.012138
  0.850585     0.012167
  0.850685     0.012195
  0.850785     0.012224
  0.850885     0.012252
  0.850985     0.012280
  0.851085     0.012308
  0.851185     0.012336
  0.851285     0.012364
  0.851385     0.012392
  0.851485     0.012420
  0.851585     0.012448
  0.851685     0.012476
  0.851785     0.012504
  0.851885     0.012532
  0.851985     0.012559
  0.852085     0.012587
  0.852185     0.012615
  0.852285     0.012642
  0.852385     0.012670
  0.852485     0.012697
  0.852585     0.012725
  0.852685     0.012752
  0.852785     0.012779
  0.852885     0.012807
  0.852985     0.012834
  0.853085     0.012861
  0.853185     0.012888
  0.853285     0.012915
  0.853385     0.012942
  0.853485     0.012969
  0.853585     0.012996
  0.853685     0.013023
  0.853785     0.013050
  0.853885     0.013077
  0.853985     0.013104
  0.854085     0.013130
  0.854185     0.013157
  0.854285     0.013184
  0.854385     0.013210
  0.854485     0.013237
  0.854585     0.013263
  0.854685     0.013289
  0.854785     0.013316
  0.854885     0.013342
  0.854985     0.013368
  0.855086     0.013395
  0.855186     0.013421
  0.855286     0.013447
  0.855386     0.013473
  0.855486     0.013499
  0.855586     0.013525
  0.855686     0.013551
  0.855786     0.013577
  0.855886     0.013603
  0.855986     0.013628
  0.856086     0.013654
  0.856186     0.013680
  0.856286     0.013705
  0.856386     0.013731
  0.856486     0.013756
  0.856586     0.013782
  0.856686     0.013807
  0.856786     0.013833
  0.856886     0.013858
  0.856986     0.013883
  0.857086     0.013909
  0.857186     0.013934
  0.857286     0.013959
  0.857386     0.013984
  0.857486     0.014009
  0.857586     0.014034
  0.857686     0.014059
  0.857786     0.014084
  0.857886     0.014109
  0.857986     0.014133
  0.858086     0.014158
  0.858186     0.014183
  0.858286     0.014207
  0.858386     0.014232
  0.858486     0.014257
  0.858586     0.014281
  0.858686     0.014306
  0.858786     0.014330
  0.858886     0.014354
  0.858986     0.014379
  0.859086     0.014403
  0.859186     0.014427
  0.859286     0.014451
  0.859386     0.014475
  0.859486     0.014499
  0.859586     0.014523
  0.859686     0.014547
  0.859786     0.014571
  0.859886     0.014595
  0.859986     0.014619
  0.860086     0.014643
  0.860186     0.014666
  0.860286     0.014690
  0.860386     0.014714
  0.860486     0.014737
  0.860586     0.014761
  0.860686     0.014784
  0.860786     0.014808
  0.860886     0.014831
  0.860986     0.014854
  0.861086     0.014878
  0.861186     0.014901
  0.861286     0.014924
  0.861386     0.014947
  0.861486     0.014970
  0.861586     0.014993
  0.861686     0.015016
  0.861786     0.015039
  0.861886     0.015062
  0.861986     0.015085
  0.862086     0.015108
  0.862186     0.015130
  0.862286     0.015153
  0.862386     0.015176
  0.862486     0.015198
  0.862586     0.015221
  0.862686     0.015243
  0.862786     0.015266
  0.862886     0.015288
  0.862986     0.015310
  0.863086     0.015333
  0.863186     0.015355
  0.863286     0.015377
  0.863386     0.015399
  0.863486     0.015421
  0.863586     0.015444
  0.863686     0.015466
  0.863786     0.015487
  0.863886     0.015509
  0.863986     0.015531
  0.864086     0.015553
  0.864186     0.015575
  0.864286     0.015597
  0.864386     0.015618
  0.864486     0.015640
  0.864586     0.015661
  0.864686     0.015683
  0.864786     0.015704
  0.864886     0.015726
  0.864986     0.015747
  0.865087     0.015768
  0.865187     0.015790
  0.865287     0.015811
  0.865387     0.015832
  0.865487     0.015853
  0.865587     0.015874
  0.865687     0.015895
  0.865787     0.015916
  0.865887     0.015937
  0.865987     0.015958
  0.866087     0.015979
  0.866187     0.016000
  0.866287     0.016020
  0.866387     0.016041
  0.866487     0.016062
  0.866587     0.016082
  0.866687     0.016103
  0.866787     0.016123
  0.866887     0.016144
  0.866987     0.016164
  0.867087     0.016185
  0.867187     0.016205
  0.867287     0.016225
  0.867387     0.016245
  0.867487     0.016265
  0.867587     0.016285
  0.867687     0.016306
  0.867787     0.016326
  0.867887     0.016345
  0.867987     0.016365
  0.868087     0.016385
  0.868187     0.016405
  0.868287     0.016425
  0.868387     0.016444
  0.868487     0.016464
  0.868587     0.016484
  0.868687     0.016503
  0.868787     0.016523
  0.868887     0.016542
  0.868987     0.016562
  0.869087     0.016581
  0.869187     0.016600
  0.869287     0.016620
  0.869387     0.016639
  0.869487     0.016658
  0.869587     0.016677
  0.869687     0.016696
  0.869787     0.016715
  0.869887     0.016734
  0.869987     0.016753
  0.870087     0.016772
  0.870187     0.016791
  0.870287     0.016810
  0.870387     0.016828
  0.870487     0.016847
  0.870587     0.016866
  0.870687     0.016884
  0.870787     0.016903
  0.870887     0.016921
  0.870987     0.016940
  0.871087     0.016958
  0.871187     0.016976
  0.871287     0.016995
  0.871387     0.017013
  0.871487     0.017031
  0.871587     0.017049
  0.871687     0.017067
  0.871787     0.017085
  0.871887     0.017103
  0.871987     0.017121
  0.872087     0.017139
  0.872187     0.017157
  0.872287     0.017175
  0.872387     0.017193
  0.872487     0.017210
  0.872587     0.017228
  0.872687     0.017245
  0.872787     0.017263
  0.872887     0.017281
  0.872987     0.017298
  0.873087     0.017315
  0.873187     0.017333
  0.873287     0.017350
  0.873387     0.017367
  0.873487     0.017385
  0.873587     0.017402
  0.873687     0.017419
  0.873787     0.017436
  0.873887     0.017453
  0.873987     0.017470
  0.874087     0.017487
  0.874187     0.017504
  0.874287     0.017520
  0.874387     0.017537
  0.874487     0.017554
  0.874587     0.017571
  0.874687     0.017587
  0.874787     0.017604
  0.874887     0.017620
  0.874987     0.017637
  0.875088     0.017653
  0.875188     0.017670
  0.875288     0.017686
  0.875388     0.017702
  0.875488     0.017718
  0.875588     0.017735
  0.875688     0.017751
  0.875788     0.017767
  0.875888     0.017783
  0.875988     0.017799
  0.876088     0.017815
  0.876188     0.017831
  0.876288     0.017847
  0.876388     0.017862
  0.876488     0.017878
  0.876588     0.017894
  0.876688     0.017909
  0.876788     0.017925
  0.876888     0.017941
  0.876988     0.017956
  0.877088     0.017972
  0.877188     0.017987
  0.877288     0.018002
  0.877388     0.018018
  0.877488     0.018033
  0.877588     0.018048
  0.877688     0.018063
  0.877788     0.018078
  0.877888     0.018093
  0.877988     0.018108
  0.878088     0.018123
  0.878188     0.018138
  0.878288     0.018153
  0.878388     0.018168
  0.878488     0.018183
  0.878588     0.018197
  0.878688     0.018212
  0.878788     0.018227
  0.878888     0.018241
  0.878988     0.018256
  0.879088     0.018270
  0.879188     0.018285
  0.879288     0.018299
  0.879388     0.018313
  0.879488     0.018328
  0.879588     0.018342
  0.879688     0.018356
  0.879788     0.018370
  0.879888     0.018384
  0.879988     0.018398
  0.880088     0.018412
  0.880188     0.018426
  0.880288     0.018440
  0.880388     0.018454
  0.880488     0.018468
  0.880588     0.018481
  0.880688     0.018495
  0.880788     0.018509
  0.880888     0.018522
  0.880988     0.018536
  0.881088     0.018549
  0.881188     0.018563
  0.881288     0.018576
  0.881388     0.018590
  0.881488     0.018603
  0.881588     0.018616
  0.881688     0.018629
  0.881788     0.018643
  0.881888     0.018656
  0.881988     0.018669
  0.882088     0.018682
  0.882188     0.018695
  0.882288     0.018708
  0.882388     0.018720
  0.882488     0.018733
  0.882588     0.018746
  0.882688     0.018759
  0.882788     0.018771
  0.882888     0.018784
  0.882988     0.018797
  0.883088     0.018809
  0.883188     0.018822
  0.883288     0.018834
  0.883388     0.018846
  0.883488     0.018859
  0.883588     0.018871
  0.883688     0.018883
  0.883788     0.018895
  0.883888     0.018907
  0.883988     0.018919
  0.884088     0.018932
  0.884188     0.018943
  0.884288     0.018955
  0.884388     0.018967
  0.884488     0.018979
  0.884588     0.018991
  0.884688     0.019003
  0.884788     0.019014
  0.884888     0.019026
  0.884988     0.019038
  0.885089     0.019049
  0.885189     0.019061
  0.885289     0.019072
  0.885389     0.019083
  0.885489     0.019095
  0.885589     0.019106
  0.885689     0.019117
  0.885789     0.019128
  0.885889     0.019140
  0.885989     0.019151
  0.886089     0.019162
  0.886189     0.019173
  0.886289     0.019184
  0.886389     0.019195
  0.886489     0.019205
  0.886589     0.019216
  0.886689     0.019227
  0.886789     0.019238
  0.886889     0.019248
  0.886989     0.019259
  0.887089     0.019270
  0.887189     0.019280
  0.887289     0.019291
  0.887389     0.019301
  0.887489     0.019311
  0.887589     0.019322
  0.887689     0.019332
  0.887789     0.019342
  0.887889     0.019352
  0.887989     0.019362
  0.888089     0.019372
  0.888189     0.019383
  0.888289     0.019392
  0.888389     0.019402
  0.888489     0.019412
  0.888589     0.019422
  0.888689     0.019432
  0.888789     0.019442
  0.888889     0.019451
  0.888989     0.019461
  0.889089     0.019471
  0.889189     0.019480
  0.889289     0.019490
  0.889389     0.019499
  0.889489     0.019508
  0.889589     0.019518
  0.889689     0.019527
  0.889789     0.019536
  0.889889     0.019545
  0.889989     0.019555
  0.890089     0.019564
  0.890189     0.019573
  0.890289     0.019582
  0.890389     0.019591
  0.890489     0.019600
  0.890589     0.019608
  0.890689     0.019617
  0.890789     0.019626
  0.890889     0.019635
  0.890989     0.019643
  0.891089     0.019652
  0.891189     0.019660
  0.891289     0.019669
  0.891389     0.019677
  0.891489     0.019686
  0.891589     0.019694
  0.891689     0.019702
  0.891789     0.019711
  0.891889     0.019719
  0.891989     0.019727
  0.892089     0.019735
  0.892189     0.019743
  0.892289     0.019751
  0.892389     0.019759
  0.892489     0.019767
  0.892589     0.019775
  0.892689     0.019783
  0.892789     0.019791
  0.892889     0.019798
  0.892989     0.019806
  0.893089     0.019814
  0.893189     0.019821
  0.893289     0.019829
  0.893389     0.019836
  0.893489     0.019844
  0.893589     0.019851
  0.893689     0.019858
  0.893789     0.019866
  0.893889     0.019873
  0.893989     0.019880
  0.894089     0.019887
  0.894189     0.019894
  0.894289     0.019901
  0.894389     0.019908
  0.894489     0.019915
  0.894589     0.019922
  0.894689     0.019929
  0.894789     0.019936
  0.894889     0.019943
  0.894989     0.019949
  0.895090     0.019956
  0.895190     0.019963
  0.895290     0.019969
  0.895390     0.019976
  0.895490     0.019982
  0.895590     0.019988
  0.895690     0.019995
  0.895790     0.020001
  0.895890     0.020007
  0.895990     0.020014
  0.896090     0.020020
  0.896190     0.020026
  0.896290     0.020032
  0.896390     0.020038
  0.896490     0.020044
  0.896590     0.020050
  0.896690     0.020056
  0.896790     0.020061
  0.896890     0.020067
  0.896990     0.020073
  0.897090     0.020079
  0.897190     0.020084
  0.897290     0.020090
  0.897390     0.020095
  0.897490     0.020101
  0.897590     0.020106
  0.897690     0.020112
  0.897790     0.020117
  0.897890     0.020122
  0.897990     0.020127
  0.898090     0.020133
  0.898190     0.020138
  0.898290     0.020143
  0.898390     0.020148
  0.898490     0.020153
  0.898590     0.020158
  0.898690     0.020163
  0.898790     0.020168
  0.898890     0.020172
  0.898990     0.020177
  0.899090     0.020182
  0.899190     0.020186
  0.899290     0.020191
  0.899390     0.020196
  0.899490     0.020200
  0.899590     0.020204
  0.899690     0.020209
  0.899790     0.020213
  0.899890     0.020218
  0.899990     0.020222
  0.900090     0.020226
  0.900190     0.020230
  0.900290     0.020234
  0.900390     0.020238
  0.900490     0.020242
  0.900590     0.020246
  0.900690     0.020250
  0.900790     0.020254
  0.900890     0.020258
  0.900990     0.020262
  0.901090     0.020265
  0.901190     0.020269
  0.901290     0.020273
  0.901390     0.020276
  0.901490     0.020280
  0.901590     0.020283
  0.901690     0.020287
  0.901790     0.020290
  0.901890     0.020293
  0.901990     0.020297
  0.902090     0.020300
  0.902190     0.020303
  0.902290     0.020306
  0.902390     0.020309
  0.902490     0.020312
  0.902590     0.020315
  0.902690     0.020318
  0.902790     0.020321
  0.902890     0.020324
  0.902990     0.020327
  0.903090     0.020329
  0.903190     0.020332
  0.903290     0.020335
  0.903390     0.020337
  0.903490     0.020340
  0.903590     0.020342
  0.903690     0.020345
  0.903790     0.020347
  0.903890     0.020349
  0.903990     0.020352
  0.904090     0.020354
  0.904190     0.020356
  0.904290     0.020358
  0.904390     0.020360
  0.904490     0.020363
  0.904590     0.020365
  0.904690     0.020366
  0.904790     0.020368
  0.904890     0.020370
  0.904990     0.020372
  0.905091     0.020374
  0.905191     0.020376
  0.905291     0.020377
  0.905391     0.020379
  0.905491     0.020380
  0.905591     0.020382
  0.905691     0.020383
  0.905791     0.020385
  0.905891     0.020386
  0.905991     0.020387
  0.906091     0.020389
  0.906191     0.020390
  0.906291     0.020391
  0.906391     0.020392
  0.906491     0.020393
  0.906591     0.020394
  0.906691     0.020395
  0.906791     0.020396
  0.906891     0.020397
  0.906991     0.020398
  0.907091     0.020399
  0.907191     0.020399
  0.907291     0.020400
  0.907391     0.020401
  0.907491     0.020401
  0.907591     0.020402
  0.907691     0.020402
  0.907791     0.020403
  0.907891     0.020403
  0.907991     0.020404
  0.908091     0.020404
  0.908191     0.020404
  0.908291     0.020404
  0.908391     0.020404
  0.908491     0.020404
  0.908591     0.020405
  0.908691     0.020405
  0.908791     0.020404
  0.908891     0.020404
  0.908991     0.020404
  0.909091     0.020404
  0.909191     0.020404
  0.909291     0.020403
  0.909391     0.020403
  0.909491     0.020403
  0.909591     0.020402
  0.909691     0.020402
  0.909791     0.020401
  0.909891     0.020401
  0.909991     0.020400
  0.910091     0.020399
  0.910191     0.020399
  0.910291     0.020398
  0.910391     0.020397
  0.910491     0.020396
  0.910591     0.020395
  0.910691     0.020394
  0.910791     0.020393
  0.910891     0.020392
  0.910991     0.020391
  0.911091     0.020390
  0.911191     0.020389
  0.911291     0.020387
  0.911391     0.020386
  0.911491     0.020385
  0.911591     0.020383
  0.911691     0.020382
  0.911791     0.020380
  0.911891     0.020379
  0.911991     0.020377
  0.912091     0.020375
  0.912191     0.020374
  0.912291     0.020372
  0.912391     0.020370
  0.912491     0.020368
  0.912591     0.020366
  0.912691     0.020364
  0.912791     0.020362
  0.912891     0.020360
  0.912991     0.020358
  0.913091     0.020356
  0.913191     0.020354
  0.913291     0.020352
  0.913391     0.020349
  0.913491     0.020347
  0.913591     0.020345
  0.913691     0.020342
  0.913791     0.020340
  0.913891     0.020337
  0.913991     0.020334
  0.914091     0.020332
  0.914191     0.020329
  0.914291     0.020326
  0.914391     0.020324
  0.914491     0.020321
  0.914591     0.020318
  0.914691     0.020315
  0.914791     0.020312
  0.914891     0.020309
  0.914991     0.020306
  0.915092     0.020303
  0.915192     0.020300
  0.915292     0.020296
  0.915392     0.020293
  0.915492     0.020290
  0.915592     0.020286
  0.915692     0.020283
  0.915792     0.020279
  0.915892     0.020276
  0.915992     0.020272
  0.916092     0.020269
  0.916192     0.020265
  0.916292     0.020261
  0.916392     0.020258
  0.916492     0.020254
  0.916592     0.020250
  0.916692     0.020246
  0.916792     0.020242
  0.916892     0.020238
  0.916992     0.020234
  0.917092     0.020230
  0.917192     0.020226
  0.917292     0.020221
  0.917392     0.020217
  0.917492     0.020213
  0.917592     0.020209
  0.917692     0.020204
  0.917792     0.020200
  0.917892     0.020195
  0.917992     0.020191
  0.918092     0.020186
  0.918192     0.020181
  0.918292     0.020177
  0.918392     0.020172
  0.918492     0.020167
  0.918592     0.020162
  0.918692     0.020157
  0.918792     0.020152
  0.918892     0.020147
  0.918992     0.020142
  0.919092     0.020137
  0.919192     0.020132
  0.919292     0.020127
  0.919392     0.020122
  0.919492     0.020116
  0.919592     0.020111
  0.919692     0.020106
  0.919792     0.020100
  0.919892     0.020095
  0.919992     0.020089
  0.920092     0.020084
  0.920192     0.020078
  0.920292     0.020072
  0.920392     0.020067
  0.920492     0.020061
  0.920592     0.020055
  0.920692     0.020049
  0.920792     0.020043
  0.920892     0.020037
  0.920992     0.020031
  0.921092     0.020025
  0.921192     0.020019
  0.921292     0.020013
  0.921392     0.020007
  0.921492     0.020001
  0.921592     0.019994
  0.921692     0.019988
  0.921792     0.019981
  0.921892     0.019975
  0.921992     0.019969
  0.922092     0.019962
  0.922192     0.019955
  0.922292     0.019949
  0.922392     0.019942
  0.922492     0.019935
  0.922592     0.019928
  0.922692     0.019922
  0.922792     0.019915
  0.922892     0.019908
  0.922992     0.019901
  0.923092     0.019894
  0.923192     0.019887
  0.923292     0.019879
  0.923392     0.019872
  0.923492     0.019865
  0.923592     0.019858
  0.923692     0.019850
  0.923792     0.019843
  0.923892     0.019836
  0.923992     0.019828
  0.924092     0.019821
  0.924192     0.019813
  0.924292     0.019805
  0.924392     0.019798
  0.924492     0.019790
  0.924592     0.019782
  0.924692     0.019774
  0.924792     0.019766
  0.924892     0.019759
  0.924992     0.019751
  0.925093     0.019743
  0.925193     0.019735
  0.925293     0.019726
  0.925393     0.019718
  0.925493     0.019710
  0.925593     0.019702
  0.925693     0.019693
  0.925793     0.019685
  0.925893     0.019677
  0.925993     0.019668
  0.926093     0.019660
  0.926193     0.019651
  0.926293     0.019643
  0.926393     0.019634
  0.926493     0.019625
  0.926593     0.019616
  0.926693     0.019608
  0.926793     0.019599
  0.926893     0.019590
  0.926993     0.019581
  0.927093     0.019572
  0.927193     0.019563
  0.927293     0.019554
  0.927393     0.019545
  0.927493     0.019535
  0.927593     0.019526
  0.927693     0.019517
  0.927793     0.019508
  0.927893     0.019498
  0.927993     0.019489
  0.928093     0.019479
  0.928193     0.019470
  0.928293     0.019460
  0.928393     0.019450
  0.928493     0.019441
  0.928593     0.019431
  0.928693     0.019421
  0.928793     0.019411
  0.928893     0.019402
  0.928993     0.019392
  0.929093     0.019382
  0.929193     0.019372
  0.929293     0.019362
  0.929393     0.019351
  0.929493     0.019341
  0.929593     0.019331
  0.929693     0.019321
  0.929793     0.019310
  0.929893     0.019300
  0.929993     0.019290
  0.930093     0.019279
  0.930193     0.019269
  0.930293     0.019258
  0.930393     0.019247
  0.930493     0.019237
  0.930593     0.019226
  0.930693     0.019215
  0.930793     0.019205
  0.930893     0.019194
  0.930993     0.019183
  0.931093     0.019172
  0.931193     0.019161
  0.931293     0.019150
  0.931393     0.019139
  0.931493     0.019127
  0.931593     0.019116
  0.931693     0.019105
  0.931793     0.019094
  0.931893     0.019082
  0.931993     0.019071
  0.932093     0.019060
  0.932193     0.019048
  0.932293     0.019037
  0.932393     0.019025
  0.932493     0.019013
  0.932593     0.019002
  0.932693     0.018990
  0.932793     0.018978
  0.932893     0.018966
  0.932993     0.018954
  0.933093     0.018942
  0.933193     0.018930
  0.933293     0.018918
  0.933393     0.018906
  0.933493     0.018894
  0.933593     0.018882
  0.933693     0.018870
  0.933793     0.018858
  0.933893     0.018845
  0.933993     0.018833
  0.934093     0.018820
  0.934193     0.018808
  0.934293     0.018795
  0.934393     0.018783
  0.934493     0.018770
  0.934593     0.018758
  0.934693     0.018745
  0.934793     0.018732
  0.934893     0.018719
  0.934993     0.018706
  0.935094     0.018693
  0.935194     0.018681
  0.935294     0.018668
  0.935394     0.018654
  0.935494     0.018641
  0.935594     0.018628
  0.935694     0.018615
  0.935794     0.018602
  0.935894     0.018588
  0.935994     0.018575
  0.936094     0.018562
  0.936194     0.018548
  0.936294     0.018535
  0.936394     0.018521
  0.936494     0.018508
  0.936594     0.018494
  0.936694     0.018480
  0.936794     0.018467
  0.936894     0.018453
  0.936994     0.018439
  0.937094     0.018425
  0.937194     0.018411
  0.937294     0.018397
  0.937394     0.018383
  0.937494     0.018369
  0.937594     0.018355
  0.937694     0.018341
  0.937794     0.018326
  0.937894     0.018312
  0.937994     0.018298
  0.938094     0.018283
  0.938194     0.018269
  0.938294     0.018254
  0.938394     0.018240
  0.938494     0.018225
  0.938594     0.018211
  0.938694     0.018196
  0.938794     0.018181
  0.938894     0.018167
  0.938994     0.018152
  0.939094     0.018137
  0.939194     0.018122
  0.939294     0.018107
  0.939394     0.018092
  0.939494     0.018077
  0.939594     0.018062
  0.939694     0.018047
  0.939794     0.018031
  0.939894     0.018016
  0.939994     0.018001
  0.940094     0.017986
  0.940194     0.017970
  0.940294     0.017955
  0.940394     0.017939
  0.940494     0.017924
  0.940594     0.017908
  0.940694     0.017892
  0.940794     0.017877
  0.940894     0.017861
  0.940994     0.017845
  0.941094     0.017829
  0.941194     0.017813
  0.941294     0.017797
  0.941394     0.017781
  0.941494     0.017765
  0.941594     0.017749
  0.941694     0.017733
  0.941794     0.017717
  0.941894     0.017701
  0.941994     0.017685
  0.942094     0.017668
  0.942194     0.017652
  0.942294     0.017635
  0.942394     0.017619
  0.942494     0.017602
  0.942594     0.017586
  0.942694     0.017569
  0.942794     0.017552
  0.942894     0.017536
  0.942994     0.017519
  0.943094     0.017502
  0.943194     0.017485
  0.943294     0.017468
  0.943394     0.017451
  0.943494     0.017434
  0.943594     0.017417
  0.943694     0.017400
  0.943794     0.017383
  0.943894     0.017366
  0.943994     0.017349
  0.944094     0.017331
  0.944194     0.017314
  0.944294     0.017296
  0.944394     0.017279
  0.944494     0.017261
  0.944594     0.017244
  0.944694     0.017226
  0.944794     0.017209
  0.944894     0.017191
  0.944994     0.017173
  0.945095     0.017155
  0.945195     0.017138
  0.945295     0.017120
  0.945395     0.017102
  0.945495     0.017084
  0.945595     0.017066
  0.945695     0.017048
  0.945795     0.017029
  0.945895     0.017011
  0.945995     0.016993
  0.946095     0.016975
  0.946195     0.016956
  0.946295     0.016938
  0.946395     0.016920
  0.946495     0.016901
  0.946595     0.016883
  0.946695     0.016864
  0.946795     0.016845
  0.946895     0.016827
  0.946995     0.016808
  0.947095     0.016789
  0.947195     0.016770
  0.947295     0.016751
  0.947395     0.016732
  0.947495     0.016713
  0.947595     0.016694
  0.947695     0.016675
  0.947795     0.016656
  0.947895     0.016637
  0.947995     0.016618
  0.948095     0.016599
  0.948195     0.016579
  0.948295     0.016560
  0.948395     0.016541
  0.948495     0.016521
  0.948595     0.016502
  0.948695     0.016482
  0.948795     0.016462
  0.948895     0.016443
  0.948995     0.016423
  0.949095     0.016403
  0.949195     0.016383
  0.949295     0.016364
  0.949395     0.016344
  0.949495     0.016324
  0.949595     0.016304
  0.949695     0.016284
  0.949795     0.016264
  0.949895     0.016243
  0.949995     0.016223
  0.950095     0.016203
  0.950195     0.016183
  0.950295     0.016162
  0.950395     0.016142
  0.950495     0.016122
  0.950595     0.016101
  0.950695     0.016080
  0.950795     0.016060
  0.950895     0.016039
  0.950995     0.016019
  0.951095     0.015998
  0.951195     0.015977
  0.951295     0.015956
  0.951395     0.015935
  0.951495     0.015914
  0.951595     0.015893
  0.951695     0.015872
  0.951795     0.015851
  0.951895     0.015830
  0.951995     0.015809
  0.952095     0.015788
  0.952195     0.015767
  0.952295     0.015745
  0.952395     0.015724
  0.952495     0.015702
  0.952595     0.015681
  0.952695     0.015659
  0.952795     0.015638
  0.952895     0.015616
  0.952995     0.015595
  0.953095     0.015573
  0.953195     0.015551
  0.953295     0.015529
  0.953395     0.015507
  0.953495     0.015486
  0.953595     0.015464
  0.953695     0.015442
  0.953795     0.015420
  0.953895     0.015397
  0.953995     0.015375
  0.954095     0.015353
  0.954195     0.015331
  0.954295     0.015308
  0.954395     0.015286
  0.954495     0.015264
  0.954595     0.015241
  0.954695     0.015219
  0.954795     0.015196
  0.954895     0.015174
  0.954995     0.015151
  0.955096     0.015128
  0.955196     0.015106
  0.955296     0.015083
  0.955396     0.015060
  0.955496     0.015037
  0.955596     0.015014
  0.955696     0.014991
  0.955796     0.014968
  0.955896     0.014945
  0.955996     0.014922
  0.956096     0.014899
  0.956196     0.014875
  0.956296     0.014852
  0.956396     0.014829
  0.956496     0.014806
  0.956596     0.014782
  0.956696     0.014759
  0.956796     0.014735
  0.956896     0.014712
  0.956996     0.014688
  0.957096     0.014664
  0.957196     0.014641
  0.957296     0.014617
  0.957396     0.014593
  0.957496     0.014569
  0.957596     0.014545
  0.957696     0.014521
  0.957796     0.014497
  0.957896     0.014473
  0.957996     0.014449
  0.958096     0.014425
  0.958196     0.014401
  0.958296     0.014376
  0.958396     0.014352
  0.958496     0.014328
  0.958596     0.014303
  0.958696     0.014279
  0.958796     0.014254
  0.958896     0.014230
  0.958996     0.014205
  0.959096     0.014181
  0.959196     0.014156
  0.959296     0.014131
  0.959396     0.014106
  0.959496     0.014082
  0.959596     0.014057
  0.959696     0.014032
  0.959796     0.014007
  0.959896     0.013982
  0.959996     0.013957
  0.960096     0.013931
  0.960196     0.013906
  0.960296     0.013881
  0.960396     0.013856
  0.960496     0.013830
  0.960596     0.013805
  0.960696     0.013780
  0.960796     0.013754
  0.960896     0.013729
  0.960996     0.013703
  0.961096     0.013677
  0.961196     0.013652
  0.961296     0.013626
  0.961396     0.013600
  0.961496     0.013574
  0.961596     0.013549
  0.961696     0.013523
  0.961796     0.013497
  0.961896     0.013471
  0.961996     0.013445
  0.962096     0.013418
  0.962196     0.013392
  0.962296     0.013366
  0.962396     0.013340
  0.962496     0.013313
  0.962596     0.013287
  0.962696     0.013261
  0.962796     0.013234
  0.962896     0.013208
  0.962996     0.013181
  0.963096     0.013155
  0.963196     0.013128
  0.963296     0.013101
  0.963396     0.013075
  0.963496     0.013048
  0.963596     0.013021
  0.963696     0.012994
  0.963796     0.012967
  0.963896     0.012940
  0.963996     0.012913
  0.964096     0.012886
  0.964196     0.012859
  0.964296     0.012832
  0.964396     0.012804
  0.964496     0.012777
  0.964596     0.012750
  0.964696     0.012722
  0.964796     0.012695
  0.964896     0.012667
  0.964996     0.012640
  0.965097     0.012612
  0.965197     0.012585
  0.965297     0.012557
  0.965397     0.012529
  0.965497     0.012501
  0.965597     0.012474
  0.965697     0.012446
  0.965797     0.012418
  0.965897     0.012390
  0.965997     0.012362
  0.966097     0.012334
  0.966197     0.012306
  0.966297     0.012277
  0.966397     0.012249
  0.966497     0.012221
  0.966597     0.012193
  0.966697     0.012164
  0.966797     0.012136
  0.966897     0.012107
  0.966997     0.012079
  0.967097     0.012050
  0.967197     0.012022
  0.967297     0.011993
  0.967397     0.011964
  0.967497     0.011936
  0.967597     0.011907
  0.967697     0.011878
  0.967797     0.011849
  0.967897     0.011820
  0.967997     0.011791
  0.968097     0.011762
  0.968197     0.011733
  0.968297     0.011704
  0.968397     0.011675
  0.968497     0.011645
  0.968597     0.011616
  0.968697     0.011587
  0.968797     0.011557
  0.968897     0.011528
  0.968997     0.011498
  0.969097     0.011469
  0.969197     0.011439
  0.969297     0.011410
  0.969397     0.011380
  0.969497     0.011350
  0.969597     0.011321
  0.969697     0.011291
  0.969797     0.011261
  0.969897     0.011231
  0.969997     0.011201
  0.970097     0.011171
  0.970197     0.011141
  0.970297     0.011111
  0.970397     0.011081
  0.970497     0.011050
  0.970597     0.011020
  0.970697     0.010990
  0.970797     0.010959
  0.970897     0.010929
  0.970997     0.010898
  0.971097     0.010868
  0.971197     0.010837
  0.971297     0.010807
  0.971397     0.010776
  0.971497     0.010745
  0.971597     0.010715
  0.971697     0.010684
  0.971797     0.010653
  0.971897     0.010622
  0.971997     0.010591
  0.972097     0.010560
  0.972197     0.010529
  0.972297     0.010498
  0.972397     0.010467
  0.972497     0.010436
  0.972597     0.010404
  0.972697     0.010373
  0.972797     0.010342
  0.972897     0.010310
  0.972997     0.010279
  0.973097     0.010247
  0.973197     0.010216
  0.973297     0.010184
  0.973397     0.010153
  0.973497     0.010121
  0.973597     0.010089
  0.973697     0.010057
  0.973797     0.010026
  0.973897     0.009994
  0.973997     0.009962
  0.974097     0.009930
  0.974197     0.009898
  0.974297     0.009866
  0.974397     0.009833
  0.974497     0.009801
  0.974597     0.009769
  0.974697     0.009737
  0.974797     0.009704
  0.974897     0.009672
  0.974997     0.009640
  0.975098     0.009607
  0.975198     0.009575
  0.975298     0.009542
  0.975398     0.009510
  0.975498     0.009477
  0.975598     0.009444
  0.975698     0.009411
  0.975798     0.009379
  0.975898     0.009346
  0.975998     0.009313
  0.976098     0.009280
  0.976198     0.009247
  0.976298     0.009214
  0.976398     0.009181
  0.976498     0.009148
  0.976598     0.009114
  0.976698     0.009081
  0.976798     0.009048
  0.976898     0.009014
  0.976998     0.008981
  0.977098     0.008948
  0.977198     0.008914
  0.977298     0.008880
  0.977398     0.008847
  0.977498     0.008813
  0.977598     0.008780
  0.977698     0.008746
  0.977798     0.008712
  0.977898     0.008678
  0.977998     0.008644
  0.978098     0.008610
  0.978198     0.008576
  0.978298     0.008542
  0.978398     0.008508
  0.978498     0.008474
  0.978598     0.008440
  0.978698     0.008406
  0.978798     0.008371
  0.978898     0.008337
  0.978998     0.008303
  0.979098     0.008268
  0.979198     0.008234
  0.979298     0.008199
  0.979398     0.008165
  0.979498     0.008130
  0.979598     0.008095
  0.979698     0.008061
  0.979798     0.008026
  0.979898     0.007991
  0.979998     0.007956
  0.980098     0.007921
  0.980198     0.007886
  0.980298     0.007851
  0.980398     0.007816
  0.980498     0.007781
  0.980598     0.007746
  0.980698     0.007711
  0.980798     0.007676
  0.980898     0.007640
  0.980998     0.007605
  0.981098     0.007569
  0.981198     0.007534
  0.981298     0.007499
  0.981398     0.007463
  0.981498     0.007427
  0.981598     0.007392
  0.981698     0.007356
  0.981798     0.007320
  0.981898     0.007284
  0.981998     0.007249
  0.982098     0.007213
  0.982198     0.007177
  0.982298     0.007141
  0.982398     0.007105
  0.982498     0.007069
  0.982598     0.007033
  0.982698     0.006996
  0.982798     0.006960
  0.982898     0.006924
  0.982998     0.006888
  0.983098     0.006851
  0.983198     0.006815
  0.983298     0.006778
  0.983398     0.006742
  0.983498     0.006705
  0.983598     0.006668
  0.983698     0.006632
  0.983798     0.006595
  0.983898     0.006558
  0.983998     0.006521
  0.984098     0.006485
  0.984198     0.006448
  0.984298     0.006411
  0.984398     0.006374
  0.984498     0.006337
  0.984598     0.006300
  0.984698     0.006262
  0.984798     0.006225
  0.984898     0.006188
  0.984998     0.006151
  0.985099     0.006113
  0.985199     0.006076
  0.985299     0.006038
  0.985399     0.006001
  0.985499     0.005963
  0.985599     0.005926
  0.985699     0.005888
  0.985799     0.005850
  0.985899     0.005813
  0.985999     0.005775
  0.986099     0.005737
  0.986199     0.005699
  0.986299     0.005661
  0.986399     0.005623
  0.986499     0.005585
  0.986599     0.005547
  0.986699     0.005509
  0.986799     0.005471
  0.986899     0.005432
  0.986999     0.005394
  0.987099     0.005356
  0.987199     0.005317
  0.987299     0.005279
  0.987399     0.005240
  0.987499     0.005202
  0.987599     0.005163
  0.987699     0.005125
  0.987799     0.005086
  0.987899     0.005047
  0.987999     0.005008
  0.988099     0.004970
  0.988199     0.004931
  0.988299     0.004892
  0.988399     0.004853
  0.988499     0.004814
  0.988599     0.004775
  0.988699     0.004736
  0.988799     0.004696
  0.988899     0.004657
  0.988999     0.004618
  0.989099     0.004579
  0.989199     0.004539
  0.989299     0.004500
  0.989399     0.004460
  0.989499     0.004421
  0.989599     0.004381
  0.989699     0.004342
  0.989799     0.004302
  0.989899     0.004262
  0.989999     0.004223
  0.990099     0.004183
  0.990199     0.004143
  0.990299     0.004103
  0.990399     0.004063
  0.990499     0.004023
  0.990599     0.003983
  0.990699     0.003943
  0.990799     0.003903
  0.990899     0.003863
  0.990999     0.003822
  0.991099     0.003782
  0.991199     0.003742
  0.991299     0.003701
  0.991399     0.003661
  0.991499     0.003620
  0.991599     0.003580
  0.991699     0.003539
  0.991799     0.003499
  0.991899     0.003458
  0.991999     0.003417
  0.992099     0.003376
  0.992199     0.003336
  0.992299     0.003295
  0.992399     0.003254
  0.992499     0.003213
  0.992599     0.003172
  0.992699     0.003131
  0.992799     0.003090
  0.992899     0.003048
  0.992999     0.003007
  0.993099     0.002966
  0.993199     0.002925
  0.993299     0.002883
  0.993399     0.002842
  0.993499     0.002800
  0.993599     0.002759
  0.993699     0.002717
  0.993799     0.002676
  0.993899     0.002634
  0.993999     0.002592
  0.994099     0.002550
  0.994199     0.002509
  0.994299     0.002467
  0.994399     0.002425
  0.994499     0.002383
  0.994599     0.002341
  0.994699     0.002299
  0.994799     0.002257
  0.994899     0.002215
  0.994999     0.002172
  0.995100     0.002130
  0.995200     0.002088
  0.995300     0.002046
  0.995400     0.002003
  0.995500     0.001961
  0.995600     0.001918
  0.995700     0.001876
  0.995800     0.001833
  0.995900     0.001790
  0.996000     0.001748
  0.996100     0.001705
  0.996200     0.001662
  0.996300     0.001619
  0.996400     0.001576
  0.996500     0.001534
  0.996600     0.001491
  0.996700     0.001448
  0.996800     0.001404
  0.996900     0.001361
  0.997000     0.001318
  0.997100     0.001275
  0.997200     0.001232
  0.997300     0.001188
  0.997400     0.001145
  0.997500     0.001101
  0.997600     0.001058
  0.997700     0.001015
  0.997800     0.000971
  0.997900     0.000927
  0.998000     0.000884
  0.998100     0.000840
  0.998200     0.000796
  0.998300     0.000752
  0.998400     0.000708
  0.998500     0.000665
  0.998600     0.000621
  0.998700     0.000577
  0.998800     0.000533
  0.998900     0.000488
  0.999000     0.000444
  0.999100     0.000400
  0.999200     0.000356
  0.999300     0.000311
  0.999400     0.000267
  0.999500     0.000223
  0.999600     0.000178
  0.999700     0.000134
  0.999800     0.000089
  0.999900     0.000045
  1.000000    -0.000000
